houseguid,mun_obr,lat,lon,exploitation_start_year,total_ppl,total_flats_count,vacant_flats_count,vacant_flats_share
0009f2bb-b015-43c7-a166-51a33911c520,Ярославский район,55.8519702,37.68094886108696,1972.0,190,95,24.0,0.25263157894736843
00194432-7184-4fb2-905a-87d51200d396,район Коптево,55.8271773,37.52290489944062,1967.0,156,80,1.0,0.0125
001ca15c-e105-416c-a97b-87d1e2b5798b,район Соколиная Гора,55.7879007,37.739517066463605,1960.0,159,80,14.0,0.175
0021ef9c-ecd8-47c8-9779-3adaf440a435,район Новогиреево,55.7530928,37.81563068540747,1967.0,147,81,18.0,0.2222222222222222
002b4c3c-cc32-44d4-b989-3bfca10e98e8,район Измайлово,55.79555135,37.8098501,1961.0,66,41,10.0,0.24390243902439024
0032be1d-f0c6-48d7-93c1-a5dcb5f67677,район Хорошёво-Мнёвники,55.7817838,37.47835792406268,1997.0,339,148,8.0,0.05405405405405406
003a495c-167e-4d67-a9fe-0e2671729ba8,район Аэропорт,55.8030083,37.54908832068717,1971.0,143,91,18.0,0.1978021978021978
0041d03e-861f-43d6-8def-0d5619776cfc,район Зюзино,55.66049115,37.5917569,2011.0,350,192,35.0,0.18229166666666666
00425e4b-fd0d-4987-8d4a-01d29fa13cc5,район Якиманка,55.72449585,37.60724691218041,1952.0,220,92,20.0,0.21739130434782608
004badf9-f7ed-42f8-a9cc-c83183e2ed72,городской округ Троицк,55.4954219,37.32521138368879,2014.0,31,12,1.0,0.08333333333333333
005130e6-c71b-44fa-bd76-32f8f6131124,район Аэропорт,55.8015895,37.5367684,1980.0,537,279,39.0,0.13978494623655913
00526a1b-5011-47f4-a943-9036b7e4c420,район Измайлово,55.7961862,37.78929612912847,1973.0,219,114,29.0,0.2543859649122807
0060b94a-ae96-4748-bab9-532ab760b013,район Коньково,55.63653805,37.52409895094712,1972.0,144,81,4.0,0.04938271604938271
00642341-3f8e-4cc2-a7c2-0b46cb7ddae1,район Кузьминки,55.7027693,37.75502138112094,2000.0,114,52,12.0,0.23076923076923078
006c91b9-05be-4eb1-8c1b-40f217a88c22,район Марфино,55.8293532,37.5873533311231,1970.0,208,112,21.0,0.1875
006d742b-f102-4bec-ba41-324a7268a700,Южнопортовый район,55.7078274,37.669094972219696,2001.0,322,175,2.0,0.011428571428571429
0071d173-626e-40d7-8114-379d39f2bc9e,район Замоскворечье,55.7356469,37.630396714228056,1900.0,99,51,10.0,0.19607843137254902
0075212d-51d6-45bb-8525-3c5d70f12d82,поселение Московский,55.73205365,37.629145195640476,1970.0,132,59,1.0,0.01694915254237288
00812389-7ba4-4157-9b0c-9d1f21d5947d,Обручевский район,55.6483648,37.499638739117145,2003.0,379,166,25.0,0.15060240963855423
00825b37-b515-430f-861f-f8c76828b8c7,Южнопортовый район,55.712759399999996,37.673268113135194,1962.0,137,70,2.0,0.02857142857142857
00871094-a84a-4d8a-a8c8-c1a0f54e3c2b,Басманный район,55.765095849999994,37.65242402219894,1909.0,32,12,1.0,0.08333333333333333
008a8815-2b80-4865-a8a4-722d63088cf6,городской округ Троицк,55.5970065,37.169745647533986,1985.0,255,135,19.0,0.14074074074074075
008e734b-bf81-4ef7-8f28-aff5e6bd810d,район Ховрино,55.874536,37.492340549416284,1971.0,142,80,6.0,0.075
009b775d-60b5-4d19-b6fe-cd9a981dbf70,район Черёмушки,55.6506394,37.56146047492368,1965.0,166,84,1.0,0.011904761904761904
009f18ea-af6f-4001-a725-9bfc7555a3bd,район Отрадное,55.8542896,37.6184537,2008.0,329,176,48.0,0.2727272727272727
00a77cd5-e431-46df-8832-f9f462c15205,район Чертаново Южное,55.592301449999994,37.604212149999995,1973.0,1558,855,19.0,0.022222222222222223
00ab4b67-db6e-4f61-9a50-dcebfcca0f40,район Богородское,55.8193517,37.71192465947748,1969.0,468,215,3.0,0.013953488372093023
00b03de3-952d-48d2-92b8-9113bd8d0050,Рязанский район,55.7177968,37.74498084445389,2007.0,451,264,106.0,0.4015151515151515
00b784cc-636d-4e96-ab28-2a0c0b257aaf,район Щукино,55.809965,37.4832902,2008.0,544,351,127.0,0.36182336182336183
00cdb8ef-b840-416c-b458-25bba1769456,район Аэропорт,55.806469750000005,37.520226538405154,2004.0,112,67,25.0,0.373134328358209
00d25e66-ef9d-4445-bb61-81d7bfc28092,район Коньково,55.644332750000004,37.53727426777631,1969.0,355,142,1.0,0.007042253521126761
00d330c6-6b52-4eca-b4f9-4e3e341ee3f0,Красносельский район,55.76974655,37.63672341202485,1912.0,85,46,12.0,0.2608695652173913
00e7a6eb-ddcd-4d24-a6b1-f8c50161e1ed,район Кузьминки,55.7120194,37.75796338486626,1965.0,142,95,23.0,0.24210526315789474
00f06e6f-e5ba-4684-a6b1-9371d600965f,район Тропарёво-Никулино,55.6592456,37.497170049999994,1972.0,121,78,26.0,0.3333333333333333
00f1d501-260d-495b-a788-469de869c3be,Пресненский район,55.77321875,37.58006446280743,1967.0,74,64,32.0,0.5
00f604e9-143d-49a5-bfde-fa82f4eb2872,район Ново-Переделкино,55.64591205,37.33946169541779,2006.0,696,320,41.0,0.128125
00fcf307-443b-4978-afd1-01bdd1cecbd3,Алтуфьевский район,55.875218849999996,37.57242777423927,1969.0,170,84,4.0,0.047619047619047616
01005cae-0035-4347-85b2-dfe403cc1cda,район Коптево,55.8411025,37.52752262547516,1997.0,210,78,7.0,0.08974358974358974
0100cecf-b55c-448a-863d-124289cea095,район Левобережный,55.8710574,37.46365184999999,1964.0,190,95,11.0,0.11578947368421053
0118312f-b49a-44b7-9c08-9438200af93a,район Раменки,55.70006275,37.49998825747491,2014.0,1036,653,200.0,0.30627871362940273
0125e704-ad71-44ff-b0b1-001ba1055be0,Рязанский район,55.72338155,37.7823227,1958.0,45,32,12.0,0.375
01296e32-13c6-47d4-9b33-a31ef37915ce,район Раменки,55.6967221,37.51176204265278,2002.0,376,168,4.0,0.023809523809523808
012aeefd-a2a5-4bbb-ab63-19a2f25a542a,городской округ Троицк,55.85928065,37.66434290694926,2004.0,35,16,5.0,0.3125
012da1e0-ef18-41d4-8500-444d60fb94d7,Тверской район,55.7724045,37.60642995361603,1947.0,177,97,37.0,0.38144329896907214
013cbff5-d669-4c7c-b5a3-a04f418645dc,Басманный район,55.763330100000005,37.64279017986273,1960.0,129,91,29.0,0.31868131868131866
0147055d-cd14-4501-8f46-b53073d48bf5,район Печатники,55.673018049999996,37.72175285381432,1971.0,173,80,9.0,0.1125
01474b29-6aac-4e86-a77b-f2155786e4ea,район Орехово-Борисово Южное,55.60033235,37.7430406807873,1986.0,474,203,10.0,0.04926108374384237
014cf033-1c51-41fa-b160-98b28aafb8be,Басманный район,55.77312595,37.70383406158838,1977.0,216,112,6.0,0.05357142857142857
0153089f-f32a-47ca-83d7-b5790292b644,район Проспект Вернадского,55.6655578,37.50732916700072,2007.0,306,144,12.0,0.08333333333333333
01559d89-d097-48d1-970d-4b850dfc06b2,район Черёмушки,55.6522099,37.564358999999996,1966.0,145,83,13.0,0.1566265060240964
0158c8bf-6944-41fb-a416-05e875aec7d7,район Коньково,55.634038849999996,37.5388646,1971.0,187,98,14.0,0.14285714285714285
015a0377-8d9e-4595-a83f-21e5d5213991,Донской район,55.69209535,37.60422461973583,1964.0,109,68,12.0,0.17647058823529413
015c5e1a-de2b-4d45-8633-cab72e659317,Хорошёвский район,55.783810200000005,37.53381768629764,2006.0,212,116,34.0,0.29310344827586204
016db58b-9c95-4e98-b6e8-13680ef0d9e4,Басманный район,55.7541665,37.637379061730954,1914.0,150,65,9.0,0.13846153846153847
0171674e-7786-447d-9574-520256690dd4,Басманный район,55.773763849999995,37.694835268580334,1999.0,302,141,26.0,0.18439716312056736
0177363c-0063-4b15-9ba6-f8909f0b4eff,Академический район,55.685500700000006,37.58839640000001,1974.0,379,214,6.0,0.028037383177570093
0182d326-0ba3-46e3-b49c-89bb428f232a,район Перово,55.746016,37.78493280043614,1956.0,113,57,12.0,0.21052631578947367
01867767-183d-489b-b720-a61582c9fa00,район Зябликово,55.61997205,37.74128432826757,1997.0,348,201,50.0,0.24875621890547264
018e3bbe-0d7b-44b5-8460-1e783a636002,район Кунцево,55.74716715,37.40624840821562,1975.0,187,96,13.0,0.13541666666666666
0193b0f4-20ac-4146-a70f-d27320edbaa7,район Гольяново,55.816341300000005,37.78974194345504,1990.0,301,165,12.0,0.07272727272727272
01a3cfd9-65de-4712-b305-a8e9420a5576,Тверской район,55.78588225,37.60105599038562,1975.0,507,230,37.0,0.1608695652173913
01adf4ee-0ad1-43ed-b3a9-81e66759f9ae,район Раменки,55.72544265,37.52820341854931,1955.0,161,66,2.0,0.030303030303030304
01b076f0-047c-41b0-a6fe-1ffb87881e3d,район Бибирево,55.8937714,37.61826936281855,1978.0,375,191,27.0,0.14136125654450263
01b3225c-832c-47be-8c7c-c711768840a0,Лосиноостровский район,55.8814585,37.69289188709239,1976.0,325,190,34.0,0.17894736842105263
01bb10d9-b81c-4098-9aaf-043b755e2f0e,район Марфино,55.846197399999994,37.57881875758006,1966.0,123,72,17.0,0.2361111111111111
01bf67e5-599a-40c7-8f8a-95805920f172,район Сокольники,55.7894862,37.668152209422615,1962.0,112,58,9.0,0.15517241379310345
01c03da1-0d0b-41dd-bdda-f80673fa8527,городской округ Троицк,55.4887491,37.29418825943114,2010.0,393,206,17.0,0.0825242718446602
01c763f4-7e35-475e-a9a6-dde1349c7792,район Южное Тушино,55.8481858,37.4390513,2001.0,45,64,47.0,0.734375
01cae8c8-947b-49a4-8652-b294a0845e8d,район Щукино,55.8079423,37.46059812918995,1960.0,133,60,1.0,0.016666666666666666
01cfe817-e432-4029-8511-cc6b7762460b,городской округ Троицк,55.51008985,37.43513191501777,2010.0,587,323,28.0,0.08668730650154799
01d1c9ed-d93b-443c-9566-ce96809aa113,район Сокольники,55.78716445,37.686754204398156,1978.0,271,128,21.0,0.1640625
01d39729-b18f-43c5-bd75-4b94c0f3e99e,район Арбат,55.74961935,37.58970763471372,1904.0,43,24,8.0,0.3333333333333333
01fe306a-f4e9-4351-923c-869c78ec9828,район Хамовники,55.741605750000005,37.57762312365846,1965.0,168,107,34.0,0.3177570093457944
0209a2e6-8bd9-48a2-a4e4-ec7c19045544,район Хамовники,55.742972,37.60230386966435,1914.0,82,30,4.0,0.13333333333333333
021def8d-6777-49b5-8252-2d38478eb419,район Печатники,55.688399000000004,37.72655588129326,1970.0,179,81,4.0,0.04938271604938271
021e1f7e-542d-4749-aee6-910e230b272c,район Черёмушки,55.66939805,37.568402659109275,2003.0,742,397,98.0,0.24685138539042822
021f35f5-fe8e-4291-b7f1-48eecca62b6e,Басманный район,55.75833435,37.645208802675754,2001.0,38,18,7.0,0.3888888888888889
023ac684-1359-4a33-92d8-fd48bbd542af,район Чертаново Центральное,55.60863295,37.59275684223222,2012.0,230,118,37.0,0.3135593220338983
02468c03-eb5a-4bf1-91de-fad1cfe908f1,район Тёплый Стан,55.629041400000006,37.50902319025679,1972.0,1,429,92.0,0.21445221445221446
02504cec-1725-41e1-9604-7c25270e5be8,район Левобережный,55.86887595,37.46362485,2008.0,304,147,22.0,0.14965986394557823
0277b7ad-4e9a-428b-83db-08c79ca578cc,район Печатники,55.68302905,37.723421805761205,1973.0,226,98,5.0,0.05102040816326531
0287d552-a679-46e4-b5c6-3b18ccc653b3,район Аэропорт,55.80499985,37.53831138843775,1981.0,137,81,29.0,0.35802469135802467
028bdf3b-1a2f-492e-a0c9-3a39dda6892a,Бутырский район,55.8124158,37.5884646114927,1966.0,127,70,5.0,0.07142857142857142
0293496b-d6ec-436b-8d2c-2ad2021d7d60,Пресненский район,55.75878365,37.574365449260966,1959.0,66,33,6.0,0.18181818181818182
029934ae-b52b-4051-a713-90a557225f4e,район Лефортово,55.764920000000004,37.71350274017382,1961.0,77,40,5.0,0.125
02a1ce9d-fa1f-4590-9638-a4c3768c692f,Даниловский район,55.7125456,37.618978250083664,2015.0,64,71,41.0,0.5774647887323944
02a653a2-e8d0-4538-8352-0d174e30e617,район Строгино,55.8012806,37.396056514808365,1980.0,182,95,15.0,0.15789473684210525
02aad1d5-ba21-4402-8dd2-b77da6b037d9,район Южное Медведково,55.8750109,37.62002852241103,1978.0,304,178,28.0,0.15730337078651685
02aca099-1239-4407-91f0-9904fbf5d074,район Северное Медведково,55.8889934,37.6505140132034,1974.0,510,214,23.0,0.10747663551401869
02b6e673-debb-4c61-9bfc-f10615f0cfca,район Хорошёво-Мнёвники,55.7860719,37.462715494609895,1966.0,173,96,7.0,0.07291666666666667
02d40a5b-070e-4bb4-a125-1727d43c5d3f,район Замоскворечье,55.722891700000005,37.63255253137331,1932.0,158,66,4.0,0.06060606060606061
02d88b70-f43a-43a9-a725-574b45d78d07,район Черёмушки,55.6681939,37.57054135,1962.0,124,72,9.0,0.125
02e30cf6-5dc1-4084-acd9-26c2592dee91,район Тропарёво-Никулино,55.64708135,37.46822785961539,2011.0,317,160,47.0,0.29375
02e3434a-9de5-4294-979c-85f5754f9943,Пресненский район,55.7631167,37.572825473799966,1931.0,123,67,18.5,0.26865671641791045
02fbe26d-1e04-41be-bda1-cdb69bf31743,Таганский район,55.7367921,37.674642570638824,1973.0,180,95,14.0,0.14736842105263157
02fc1593-1266-4fa4-b9e3-95d46fc84a42,Гагаринский район,55.68257035,37.54689550383942,1965.0,145,96,25.0,0.2604166666666667
02fccd5f-5a11-4e64-9964-086624a3489d,Хорошёвский район,55.7817695,37.53257119508952,2006.0,161,64,10.0,0.15625
03006f0a-efa0-4615-a827-1c0c5031e485,район Измайлово,55.7907889,37.79761392455888,1959.0,89,38,4.0,0.10526315789473684
0303dea6-a382-4bc6-b1db-195f53e6caf9,район Выхино-Жулебино,55.702737299999995,37.816177550000006,1969.0,147,98,27.0,0.2755102040816326
0306d5e3-57e7-4d80-8ad1-1a51b9b9b908,район Преображенское,55.8046829,37.72285807029063,1969.0,126,84,23.0,0.27380952380952384
031021b5-65f8-4b56-ad72-62a2f6e9883b,Савёловский район,55.7976831,37.57703525,1962.0,77,40,5.0,0.125
0311ea03-4ad9-40fa-b028-0cb7bf279384,Войковский район,55.81892445,37.51470873613566,1971.0,202,98,7.0,0.07142857142857142
0311eb7c-f355-4b2d-9368-9a320d7c7784,район Черёмушки,55.67332845,37.573671001271165,1962.0,125,72,11.0,0.1527777777777778
0315a771-4acc-426f-aa6b-6bfb3383e25a,район Северное Тушино,55.8549856,37.4267386,2005.0,462,237,36.0,0.1518987341772152
0315e60c-4f99-46ec-a6a0-bbf52a2006ad,Академический район,55.6868781,37.57899802999677,2015.0,230,111,16.0,0.14414414414414414
031f23fd-31e8-41cb-b74b-6e7538984a1c,Таганский район,55.73821465,37.68502410649674,2013.0,413,328,120.0,0.36585365853658536
032fa1b2-0a25-4d91-872a-d252e30da489,район Кунцево,55.744340300000005,37.41764292094898,1964.0,103,72,21.0,0.2916666666666667
03372fdb-aab3-4937-9776-b39ae3e33442,район Москворечье-Сабурово,55.6359239,37.72118065227093,2004.0,593,252,12.0,0.047619047619047616
0346dcef-21ba-462b-8863-4a2dd2658908,Даниловский район,55.72636755,37.6593412,1963.0,113,71,9.0,0.1267605633802817
03471d34-0eda-41df-aef7-12267a3aa8ed,Даниловский район,55.70429595,37.66665983037717,2004.0,242,136,51.0,0.375
03477c8e-3605-4621-b5c4-748f05701394,Красносельский район,55.77620335,37.63918197073246,1967.0,124,90,35.0,0.3888888888888889
035425f1-215e-4b65-9843-34e2c01d8b64,район Преображенское,55.7913457,37.72702402212185,1967.0,143,96,16.0,0.16666666666666666
035d55a4-c980-424d-80ab-4f30b5f40d3b,район Кунцево,55.740951300000006,37.422577149999995,1964.0,87,72,38.0,0.5277777777777778
037a3427-d2b7-4aad-ad93-3c31ce47cbad,район Южное Тушино,55.8482887,37.42471131124536,1966.0,134,72,7.0,0.09722222222222222
037f1232-9821-4a14-85e1-2bc1ed5b9877,Тверской район,55.78231065,37.58939695,1966.0,159,96,12.0,0.125
03816de9-56a0-454a-815c-cab4163ba730,район Замоскворечье,55.7364618,37.63399994737623,1967.0,132,65,13.0,0.2
038502ae-b7ae-42a0-b81e-a34f9f4be098,район Северное Измайлово,55.8070711,37.81238677517986,1963.0,123,68,4.5,0.058823529411764705
038f8072-4098-4033-b4a1-9e6c73304c91,район Беговой,55.7815398,37.5559824,1940.0,387,158,13.0,0.08227848101265822
039df5b5-1123-49a7-8706-09fef9a51946,Пресненский район,55.759341750000004,37.59346730221148,1893.0,56,45,21.0,0.4666666666666667
03a109de-a22c-4cd9-8501-91eac2b2568c,район Нагатино-Садовники,55.68388385,37.656995867226705,2009.0,636,446,192.0,0.4304932735426009
03a5a670-972a-4076-911b-5aef576b1d33,район Чертаново Северное,55.624865150000005,37.600911590305515,1971.0,190,94,4.0,0.0425531914893617
03ae2f6f-68b1-43a6-8665-44d213585029,городской округ Щербинка,55.514825200000004,37.56981752114564,1983.0,187,70,1.0,0.014285714285714285
03b22bb8-3864-4341-b1d7-66e5441c9f8a,район Беговой,55.781494800000004,37.56428920424423,1965.0,119,72,10.0,0.1388888888888889
03b93240-d892-495f-b447-215c005f50e8,район Измайлово,55.8013337,37.80377810100059,1960.0,114,60,3.0,0.05
03bc5cb7-f0c8-4d90-9daf-4c0617abfca2,район Хамовники,55.742268249999995,37.59226607187088,1902.0,82,40,9.0,0.225
03bebd95-717c-4155-8079-e465c2ebe023,Рязанский район,55.713584749999995,37.78554743260516,1970.0,463,215,13.0,0.06046511627906977
03c38f55-0979-4879-b90e-90b45036a156,район Хорошёво-Мнёвники,55.7695799,37.479119897459675,2002.0,264,120,38.0,0.31666666666666665
03cd5ce5-720f-4022-acb7-249d5c39e05c,Бабушкинский район,55.85817745,37.666741772652756,1958.0,179,79,5.0,0.06329113924050633
03d122ca-c10a-4d2d-acef-185ab7706f45,Донской район,55.712834,37.60584365256031,1963.0,95,64,11.0,0.171875
03dabcc4-4e24-492f-96f8-969c91ddad8a,район Новогиреево,55.7437828,37.80667,2014.0,145,88,28.0,0.3181818181818182
03dc842c-6ebc-41fd-a7cd-4ea248877d72,район Коптево,55.828799700000005,37.51945138886232,1964.0,178,80,3.0,0.0375
03ec7fb5-c384-481a-93ec-4486a5703352,Останкинский район,55.8104659,37.62072980521472,1967.0,126,72,9.0,0.125
03f17ea5-5afc-4003-8ccf-b71978717ffe,Ломоносовский район,55.6846961,37.53160671685268,1975.0,212,111,21.0,0.1891891891891892
03f82ab3-1b5d-43e4-8ed9-bc548e8d5a03,Пресненский район,55.76340835,37.547016327173914,1968.0,149,86,12.0,0.13953488372093023
03fe2eaf-3d64-4658-a353-7004a24c9447,Тимирязевский район,55.81098575,37.563067162047716,1965.0,167,80,10.0,0.125
04086130-a63b-4ccb-9274-f3344d800e5f,район Дорогомилово,55.73470895,37.519487752725524,1958.0,269,125,12.0,0.096
040c42a3-b5f3-48b3-a7c6-cecc6d876268,район Отрадное,55.8612777,37.59630858963349,1983.0,580,271,36.0,0.13284132841328414
0415e2fa-c7e0-4e5c-989a-9cfb5a8918e0,район Богородское,55.81946015,37.706481576872754,1986.0,87,40,8.0,0.2
0417f175-2a7a-4fa2-85db-2c1129763c2d,Тверской район,55.7902972,37.58909890004382,1926.0,203,80,9.0,0.1125
042f33b5-c4b1-4fc4-89ec-bf0c4a2dd79c,район Лефортово,55.75738345,37.68383284371318,1975.0,236,111,14.0,0.12612612612612611
042f762e-6878-4dde-95d2-0d99a044b233,район Выхино-Жулебино,55.697673050000006,37.844485986434094,1996.0,145,59,9.0,0.15254237288135594
043fbcd2-9f47-49d2-adf2-42ec0485726c,район Беговой,55.8055829,37.5184495,1927.0,170,81,14.0,0.1728395061728395
04425ada-0785-4a9b-b541-21014e206269,район Соколиная Гора,55.7686468,37.74511,1969.0,174,84,5.0,0.05952380952380952
04431195-064c-4e97-a6af-e06e6dcfcf41,район Перово,55.747908249999995,37.771872592451615,1985.0,174,95,6.0,0.06315789473684211
0446ffa5-289c-4c4b-b7df-4cdcb5ddac9f,район Косино-Ухтомский,55.7204285,37.8982357498192,2007.0,387,184,11.0,0.059782608695652176
044a7767-7764-45eb-ba30-1adc8c8f06ad,Тверской район,55.77167045,37.5926350871641,1977.0,199,113,37.0,0.3274336283185841
044b00bd-9671-4b03-8ab2-3d09d625bd40,район Вешняки,55.7414912,37.820068498488524,1971.0,187,98,27.0,0.2755102040816326
04520451-00d3-4db4-877d-db531e43e850,район Печатники,55.6943876,37.720663327847845,2006.0,683,368,107.0,0.2907608695652174
045321c4-ee52-4ca8-a651-979b6540da6c,район Проспект Вернадского,55.67064225,37.50951322016781,1963.0,132,72,5.0,0.06944444444444445
0459b0df-f95e-4f39-b7ed-b5f339c35325,район Вешняки,55.71753805,37.83023592593271,1971.0,235,144,32.0,0.2222222222222222
0461e68f-8b6d-4c42-a50e-25bb7c57c615,Головинский район,55.84738055,37.478163599999995,1966.0,428,199,10.0,0.05025125628140704
04669877-990c-44a4-9bb8-70c8bb43f250,район Капотня,55.635648950000004,37.79237465,1991.0,252,143,15.0,0.1048951048951049
04679ed1-6885-40cd-afb5-d8e4c704104e,район Коньково,55.6345704,37.530679795372755,2001.0,416,173,16.0,0.09248554913294797
046ca3c0-fd4c-4b73-baf6-f17054b9d9c1,район Тропарёво-Никулино,55.66706925,37.49141618945313,1972.0,263,136,24.0,0.17647058823529413
046d1114-9d14-45a0-9972-607e5bb6596f,Тверской район,55.7685036,37.60092402647851,1934.0,89,47,14.0,0.2978723404255319
046e3c32-f91b-4375-bdee-12d70837a2c3,район Зюзино,55.6607219,37.57987898320306,1965.0,155,84,19.0,0.2261904761904762
04843151-79a0-4c13-a238-73ab3bb1d7a3,Тимирязевский район,55.82312865,37.57013063546296,1967.0,142,84,25.0,0.2976190476190476
048c20dd-5c32-42ca-ab59-805b938fb02a,Нижегородский район,55.73591965,37.75171235880166,1958.0,408,172,7.0,0.040697674418604654
048c8754-987b-43c1-90b0-c39a5c5563b5,Таганский район,55.748590750000005,37.65662129465161,1902.0,65,32,4.0,0.125
0493a2b1-fd8e-4388-ab6b-47dc735b3404,Донской район,55.7190732,37.603932048678374,1959.0,305,118,8.0,0.06779661016949153
049c57bf-6f16-4b62-9671-5d37fabb1cbc,район Кунцево,55.7345452,37.4378311537333,1976.0,295,115,5.0,0.043478260869565216
04a0b2cc-c8e9-4629-beb8-2db5f50289af,район Северное Измайлово,55.80416765,37.81404835,1966.0,143,96,11.0,0.11458333333333333
04af5535-4a86-4e5c-b5d1-9973e365a3d6,поселение Московский,55.594428199999996,37.36617641232014,2012.0,194,182,100.0,0.5494505494505495
04b84a1c-69e3-4af5-9f0b-827d3684d30f,район Очаково-Матвеевское,55.508215,37.2200714,1971.0,161,80,12.0,0.15
04b8b5fb-35e5-4239-9bec-df9ae3ab1cae,район Зюзино,55.6630636,37.611210699999994,1981.0,390,183,24.0,0.13114754098360656
04b979d8-56b0-4cec-8b14-f93c7f019bfb,район Покровское-Стрешнево,55.83199565,37.447781260392354,1978.0,160,74,9.0,0.12162162162162163
04fd613d-072d-4630-9d6b-5cff46b6d5ee,Лосиноостровский район,55.8679504,37.68765858116048,1963.0,118,72,4.0,0.05555555555555555
04fdeb12-8d3b-409b-b8e9-b9a06ababa82,район Чертаново Северное,55.63991965,37.59938648901686,1979.0,188,81,1.0,0.012345679012345678
0500f74b-d826-4caf-885b-f1fe8824b620,район Свиблово,55.85579955,37.63849768412489,1963.0,126,72,2.0,0.027777777777777776
0512a908-c8f8-4df1-9e9c-ec1ba07ad27b,Таганский район,55.736153200000004,37.67177705249036,1948.0,232,101,2.0,0.019801980198019802
054cbd53-68ea-4c6a-adb0-334582883dfd,район Свиблово,55.8496574,37.643475189491895,1966.0,158,84,6.0,0.07142857142857142
054fc833-280a-4e07-81f1-b9149da79f4f,Хорошёвский район,55.7766313,37.551660053651474,1977.0,220,111,17.0,0.15315315315315314
0550c37e-4dc9-49a0-824a-33f1c777b730,район Богородское,55.8206767,37.71461685,1974.0,226,98,5.0,0.05102040816326531
05536352-5807-47ad-99b4-ae9c11910cb5,Мещанский район,55.765101,37.620805075663,1891.0,47,29,10.0,0.3448275862068966
056473be-51c8-4692-9ae5-836177c61e9e,Мещанский район,55.79115195,37.63150978743799,1967.0,160,109,28.0,0.25688073394495414
056ca0d5-4866-4474-af47-651bb1579b13,Басманный район,55.76433675,37.64184796113973,1964.0,136,71,14.0,0.19718309859154928
0575c1bd-eec9-4fef-a958-d385fb1309ca,Басманный район,55.75479655,37.65113979423084,1975.0,116,63,15.0,0.23809523809523808
05799793-f017-4ca5-b365-363f41c7ef46,поселение Воскресенское,55.5241975,37.50990724988493,2013.0,428,369,193.0,0.5230352303523035
057ad142-281f-4fbb-a734-d29d00e0faf5,район Аэропорт,55.8022808,37.5337207762925,1957.0,72,138,110.0,0.7971014492753623
05820eca-b181-482b-b684-8af51cd96eb7,поселение Филимонковское,55.5319217,37.2378563,2013.0,34,16,2.0,0.125
0589f68d-7172-4029-9371-49619cfebecc,район Черёмушки,55.6791168,37.557561833558324,2011.0,247,131,34.0,0.2595419847328244
0597819e-cf75-41ff-8f88-f72f1c7048be,район Чертаново Центральное,55.6128603,37.579056292409696,2011.0,618,272,9.0,0.03308823529411765
059b9b0d-17a2-403c-b113-6ccf96d9d84b,район Коньково,55.65419945,37.52274874849801,1967.0,321,144,11.0,0.0763888888888889
05a11a0b-2903-453d-85d9-d9a6c1a0cfe0,район Ивановское,55.774169400000005,37.828164256238495,2003.0,419,160,4.0,0.025
05b3e3b2-6a9a-4829-8abc-9bb695308c72,район Хамовники,55.72647815,37.58215709646976,1960.0,247,140,7.0,0.05
05b77a0f-3743-4603-9a7d-9ccad424febc,Обручевский район,55.6482563,37.49592090055935,2002.0,492,205,27.0,0.13170731707317074
05c0b8e4-2092-46f2-adf7-42cc97a43b07,Басманный район,55.7617266,37.656558410131076,1913.0,50,22,1.0,0.045454545454545456
05c116fc-f9fd-4aad-bbce-205a9f7be11d,Тимирязевский район,55.8112023,37.57166639128596,1963.0,134,60,4.0,0.06666666666666667
05cc7dfd-85b5-4401-a40e-59e37ff178b2,район Марьино,55.659369749999996,37.771755658451696,2002.0,338,184,18.0,0.09782608695652174
05d158eb-47e4-4520-98f5-75b8cf76c4af,район Северное Измайлово,55.80628945,37.785236224401764,1964.0,110,72,11.0,0.1527777777777778
05dd4f60-270e-4a53-b53b-724da214a7fa,район Фили-Давыдково,55.7334494,37.46955506206666,2007.0,553,304,71.0,0.23355263157894737
05e8c626-8fca-4f2a-a576-ab4cbe0e2911,район Хорошёво-Мнёвники,55.77869565,37.500795444041614,1960.0,125,60,5.0,0.08333333333333333
05eb9a87-5326-4b7b-946e-816fc9f8d2d8,район Новогиреево,55.75687345,37.82604677424875,1995.0,402,198,29.0,0.14646464646464646
05f7683b-723c-4db0-b37b-34279091b770,Бутырский район,55.8144303,37.592397425973346,1996.0,173,103,27.0,0.2621359223300971
05fe6cb0-b48a-42a3-9cfa-be4218e365cf,район Выхино-Жулебино,55.6917734,37.8557595,1995.0,627,256,15.0,0.05859375
0606ae32-65a8-4d87-a6a9-2a32dbe5f14d,район Преображенское,55.8049441,37.7210099,1970.0,188,107,8.0,0.07476635514018691
061243d5-e1d9-4a56-a95f-6d8a78bc2550,район Хорошёво-Мнёвники,55.7866922,37.45810470515812,2001.0,281,151,57.0,0.37748344370860926
06158fc1-9ba0-4a6d-9eb8-7b71b3eca861,район Проспект Вернадского,55.67190445,37.516192897112546,2003.0,237,148,48.0,0.32432432432432434
061844e7-e149-44f3-aa19-53fc30f431e3,район Черёмушки,55.6531066,37.558793550000004,1965.0,146,84,13.0,0.15476190476190477
061d0067-ed4a-46ea-8c75-ecd37d4333f9,Академический район,55.6749625,37.5727905,1965.0,414,190,9.0,0.04736842105263158
0628b772-0806-4213-ad3d-132658845637,городской округ Троицк,55.5467391,37.141256,1977.0,360,138,1.0,0.007246376811594203
062dc812-995e-4ed2-b19a-096db074c996,район Лефортово,55.766627299999996,37.70383880069049,1990.0,481,204,1.0,0.004901960784313725
0636d104-8388-4681-8207-d6625ca4df60,Ярославский район,55.870593549999995,37.707083835935784,1972.0,569,215,13.0,0.06046511627906977
063c91c0-293b-4eaa-bbdd-d3bc05732264,Савёловский район,55.79703455,37.56967265,1959.0,95,55,15.0,0.2727272727272727
06560447-9187-4cbb-a0c1-a98da5ac56dd,район Коньково,55.6418792,37.52338892177086,2006.0,1232,550,99.0,0.18
065f042f-b012-4033-a31c-a677f7ad9cf0,район Дорогомилово,55.746778250000006,37.571722967402145,1938.0,545,259,60.0,0.23166023166023167
06654fd1-1e60-46f3-baca-4e9c1902d0aa,Мещанский район,55.78914875,37.627753918361016,1964.0,302,137,5.0,0.0364963503649635
066b0e78-2ed4-4a9d-9b05-f5109ad49d75,район Зябликово,55.61681215,37.75625229046507,1999.0,491,223,8.0,0.03587443946188341
066ce132-f333-4f48-8c70-0a9998232fc5,район Хорошёво-Мнёвники,55.78018815,37.4714966242865,2002.0,499,262,7.0,0.026717557251908396
06785df8-7f67-4681-a2d6-eb7b05fc467e,район Черёмушки,55.65887395,37.56287525867144,1964.0,137,84,20.0,0.23809523809523808
068516a7-fc66-4e21-82d9-4e6fc74341f7,поселение Сосенское,55.57546395,37.47347052672511,2016.0,87,144,112.0,0.7777777777777778
06888464-f53b-48c3-bbe1-efe9beeab055,район Соколиная Гора,55.7879387,37.732233732259346,2010.0,349,233,95.0,0.40772532188841204
0691a318-e3b7-48e9-bfed-4c37ece732b7,район Ново-Переделкино,55.65816575,37.35784909145363,1970.0,145,70,3.0,0.04285714285714286
06939bdd-e774-4745-ae19-856349aba32c,район Новогиреево,55.74769645,37.814731949999995,1976.0,205,106,13.0,0.12264150943396226
06941090-5746-4acc-a94c-e923a4b3afa4,район Аэропорт,55.8019658,37.54618794349771,1960.0,57,37,10.0,0.2702702702702703
069e3074-fc67-4ed6-952f-7ea542bcac01,район Измайлово,55.80189145,37.78274295,1960.0,120,60,9.0,0.15
06a5e3df-7734-42e2-b4b9-1b1cee8fb2c6,район Кузьминки,55.70751475,37.75822444701162,2008.0,247,128,14.0,0.109375
06a73e3b-89b0-4014-a30b-08df9907c523,Мещанский район,55.7755842,37.6224761,1930.0,183,73,1.0,0.0136986301369863
06b8415e-2a3d-4aaa-8b72-264ade5597b9,район Свиблово,55.8521882,37.63749009407576,1968.0,141,80,11.0,0.1375
06bdc960-ef1d-4dd1-b784-53c39ed2fb5b,Войковский район,55.8158197,37.490156866648114,1950.0,47,24,6.0,0.25
06c6de29-55a8-4c85-90b2-ada2c28a1fef,район Беговой,55.78040835,37.57395038040029,1956.0,84,41,7.0,0.17073170731707318
06ca2748-0e84-4413-87b6-6b76545ddd57,район Тропарёво-Никулино,55.65735265,37.48991616977151,1969.0,983,466,61.0,0.13090128755364808
06d1511e-bc5e-4340-ade7-031fdbe9a681,Алексеевский район,55.814406500000004,37.64292825,1973.0,165,112,40.0,0.35714285714285715
06d8d147-10f9-40c4-aee2-247d12e35b9f,район Свиблово,55.855584699999994,37.64463892391991,2012.0,868,398,16.0,0.04020100502512563
06e58a1e-417e-4d49-a134-baeb0fd60e88,район Восточное Дегунино,55.886746450000004,37.55949547438853,1978.0,227,111,1.0,0.009009009009009009
06f1a3f2-71fa-4510-af96-42a9b03b53fa,Тимирязевский район,55.8099897,37.566460021169725,1974.0,62,34,4.0,0.11764705882352941
06f3306c-056e-460b-8cb8-e072a6b29b26,район Раменки,55.69096845,37.49698807880529,1985.0,576,270,4.0,0.014814814814814815
07065e49-beb0-4191-b0e8-6e52f3e0fdf4,район Нагатинский Затон,55.68847965,37.6890335,2003.0,253,124,13.0,0.10483870967741936
07087a7a-aafb-406d-9cf0-f93e963a5744,Тверской район,55.7644929,37.60802385098768,1928.0,114,78,27.0,0.34615384615384615
07179912-34e5-4399-a699-15e618d4e5d8,район Тропарёво-Никулино,55.6624325,37.47575849717626,2002.0,423,268,82.0,0.30597014925373134
0719960e-c748-464a-842b-26542f4cdf75,район Левобережный,55.86479525,37.466166273486465,1965.0,489,284,62.0,0.21830985915492956
07248172-37e2-4a62-94d7-f92e9c1d2053,городской округ Щербинка,55.5934788,37.18763309355765,2009.0,325,163,32.0,0.19631901840490798
072f61cd-e5aa-45c8-93c6-265f2d3522d5,район Измайлово,55.793523449999995,37.803295500000004,1969.0,148,64,1.0,0.015625
073484f2-6b16-4ee8-98af-73035567ce4a,район Котловка,55.67139555,37.59209169868275,1962.0,446,200,6.0,0.03
0738055e-5ed5-45c0-8bff-450b77b65c8c,район Южное Тушино,55.8364271,37.4539747,1966.0,160,84,16.0,0.19047619047619047
07380d36-8a87-4e7d-8b74-b1e5f5c09106,район Северное Бутово,55.56833415,37.56246569250249,1992.0,1,459,290.0,0.6318082788671024
0738370c-fe44-4fd8-9017-fa68ca8c69d0,район Замоскворечье,55.74124235,37.636643222201926,1965.0,96,64,14.5,0.21875
07384ef9-583e-47d4-a493-393afc52dbd2,район Щукино,55.80150515,37.45114125,1951.0,80,45,12.0,0.26666666666666666
073a361d-0a8e-459a-a33e-dd130d4b2f6e,район Северное Медведково,55.885825600000004,37.651314037861525,1966.0,135,72,3.0,0.041666666666666664
0741788c-24ea-4fc5-843b-afd3279b81e1,район Кунцево,55.741514699999996,37.39873279127532,1962.0,179,80,8.0,0.1
074683f0-ec4c-4329-8646-7dfd5ee67190,район Лефортово,55.762464699999995,37.71388381210991,1968.0,170,84,1.0,0.011904761904761904
074c5d84-b0aa-43e9-9693-53459fb0d975,поселение Сосенское,55.5428934,37.4917742,2015.0,123,104,46.0,0.4423076923076923
0751bf4f-0359-4d33-98f6-e50fa898522a,Академический район,55.67656205,37.57897055,1965.0,99,71,17.0,0.23943661971830985
07524358-e138-4575-a9d6-f0f77c7841b4,район Гольяново,55.8250902,37.81724692372097,1969.0,652,287,15.0,0.05226480836236934
075dda3d-2cd7-441c-bdb0-c2584043db54,поселение Кокошкино,55.604888,37.16932960302585,1973.0,215,100,6.0,0.06
075ed669-5c6d-4150-8478-20934dfd87b0,Ярославский район,55.86574134999999,37.70073398856668,1976.0,238,111,13.0,0.11711711711711711
07611dc7-a40b-45e9-a8be-3bdaa95f66e8,район Северное Медведково,55.8825566,37.65452182281864,2008.0,145,68,2.0,0.029411764705882353
0773df39-c50d-4dbc-b967-ea9ea618fc64,Обручевский район,55.6721785,37.54572215,1963.0,109,71,17.0,0.23943661971830985
077436a1-5556-4af6-b80e-769f000b1a35,район Нагатино-Садовники,55.68060705,37.637963027434424,1969.0,160,84,5.0,0.05952380952380952
07795a65-3240-4417-aa82-cb3736e1334c,Лосиноостровский район,55.860582300000004,37.67830542765975,1979.0,173,194,108.0,0.5567010309278351
0785a443-3b35-490d-9b96-44990e7f7126,район Беговой,55.78728905,37.559949143777274,1958.0,122,82,23.0,0.2804878048780488
078a1e10-b9cc-4054-ad73-ad4a22bc9da9,район Кузьминки,55.70025165,37.78465205,1965.0,128,96,26.0,0.2708333333333333
078f4ecf-f182-4d99-b08d-e35b4d2cec34,район Преображенское,55.78853635,37.713581892780766,1983.0,207,111,12.0,0.10810810810810811
07aeb26f-b3d8-49cf-a76e-a2c1b0dc6a95,Пресненский район,55.7613116,37.594265189042716,1932.0,381,151,4.0,0.026490066225165563
07b05a01-b071-49f0-b892-973685611f43,район Орехово-Борисово Южное,55.6106954,37.730185855275366,1987.0,632,338,46.0,0.13609467455621302
07c37829-b686-4a77-b4b8-a527766ef0de,Останкинский район,55.817741100000006,37.63428437183888,1959.0,113,60,12.0,0.2
07cc4bbe-a8a9-4d40-98f8-6373aef0f47b,район Ховрино,55.858654900000005,37.486181748047045,2004.0,85,42,5.0,0.11904761904761904
07cdad76-f8b3-4067-ac73-2349fc901929,район Южное Бутово,55.5435046,37.5246991,2003.0,343,180,19.0,0.10555555555555556
07d4ddeb-17a2-4161-a07a-983a4d772974,район Южное Бутово,55.53945175,37.532092240328524,2000.0,249,131,6.0,0.04580152671755725
07d8bc67-4090-44ff-bd2d-0fc751c69500,Алтуфьевский район,55.876262100000005,37.581910762454655,1970.0,126,72,3.0,0.041666666666666664
07dee575-c812-4f81-9633-ef7aae33ab48,Ломоносовский район,55.6787806,37.533623,1960.0,801,407,59.0,0.14496314496314497
07f7e7d6-0a25-4a89-b6f0-c0379551ffc4,район Коптево,55.822881699999996,37.521473299001386,1994.0,363,208,47.0,0.22596153846153846
07ffad51-0edf-44af-ab32-394b69afb3c8,район Сокольники,55.7942183,37.6930184,1972.0,338,157,20.0,0.12738853503184713
0801a37d-919c-410d-b75e-fd758ccfba95,Тверской район,55.780829350000005,37.61261312803809,1976.0,194,85,9.0,0.10588235294117647
08045ac5-ecf4-446e-bcc5-fceaf6991438,Гагаринский район,55.689285749999996,37.55134476566898,1978.0,169,73,6.0,0.0821917808219178
0810dfc4-fe39-442b-9d8b-a98e6d25601a,Таганский район,55.73893285,37.68560370145522,2015.0,257,156,52.0,0.3333333333333333
08144974-8f47-4a7d-a11f-3a5e55a0e57c,район Коптево,55.8273442,37.52366987976433,1965.0,164,84,2.0,0.023809523809523808
081e8be4-9fe7-48a6-8c8d-75af4ea7e7b8,Алексеевский район,55.8114853,37.65631249894065,1956.0,224,96,13.0,0.13541666666666666
0825070a-fc92-4814-9d14-acac923b320d,Мещанский район,55.7623997,37.62597172599976,1886.0,15,7,3.0,0.42857142857142855
0827c119-6978-483a-bea5-6aecae47d854,Академический район,55.6945982,37.572789500000006,1962.0,218,143,40.0,0.27972027972027974
08303756-6bcf-4e24-ab26-7c0365cb4d56,район Марфино,55.829208949999995,37.59968233637675,1963.0,134,69,9.0,0.13043478260869565
08342549-9d4a-4dd2-bb77-6a7706749f42,район Свиблово,55.847510549999996,37.64078211732506,1969.0,188,101,7.0,0.06930693069306931
08399620-e0e9-4ab6-9348-0a3f7be6a975,район Восточное Измайлово,55.789543699999996,37.80426274639339,1959.0,121,60,3.0,0.05
083ad704-29d2-474b-ae4c-ab3941bc573e,Академический район,55.6828721,37.5779465765376,1997.0,339,149,23.0,0.15436241610738255
083d0549-042d-4057-950c-f504d3b3d144,район Лефортово,55.77086559999999,37.714081862110596,1973.0,179,98,15.0,0.15306122448979592
0841d1cf-ab6c-4453-92bc-5c1c1e2bbf6b,район Кунцево,55.73207855,37.4193925,1980.0,323,194,31.0,0.15979381443298968
084722b9-f2b5-41ce-8d8b-24d329d0ee1f,район Коньково,55.635882800000005,37.52450476813828,1971.0,185,98,6.0,0.061224489795918366
08497060-8122-43fb-ae9a-f1a321ff2fe7,Тверской район,55.77833525,37.6122942562977,1977.0,268,141,26.0,0.18439716312056736
0849c1c5-6f34-4d1d-98e2-33f76be4bc5c,поселение Сосенское,55.54968205,37.49685869237064,2016.0,99,86,42.0,0.4883720930232558
084e1abf-db3d-468b-b643-be6726cd4894,район Москворечье-Сабурово,55.65150765,37.648788491220884,1985.0,158,78,3.0,0.038461538461538464
08503153-1886-4843-b3b0-429a90801d78,Рязанский район,55.713460350000005,37.783356792798685,1970.0,321,150,18.0,0.12
0857b1e2-ad9a-4d83-986e-5d9bddde1790,Рязанский район,55.712819499999995,37.75533702757684,2006.0,1205,584,78.0,0.13356164383561644
08589c55-5935-43dd-b43a-27fa111e71a8,район Кунцево,55.73753915,37.411871252784536,2013.0,937,388,6.0,0.015463917525773196
086a56ce-48d6-4846-81e5-591891cad929,Мещанский район,55.78450985,37.632235281469676,1965.0,154,84,14.0,0.16666666666666666
0876bffa-8418-40af-adb9-ec0fce0f4baf,район Строгино,55.817450050000005,37.39537819626404,1983.0,710,332,43.0,0.12951807228915663
08771708-4326-4a55-9e84-ae65dd5cf261,район Гольяново,55.818576199999995,37.797115145505074,1969.0,253,173,46.0,0.2658959537572254
087b86a2-f47e-4d64-9a18-fb1a28f12507,Рязанский район,55.72051275,37.78041600000002,1958.0,122,61,7.0,0.11475409836065574
087f0def-c599-4680-922a-be9878424768,район Котловка,55.6835431,37.598804160042135,1962.0,124,72,10.0,0.1388888888888889
088de0d3-948d-41fd-8abf-f5b67cdca4d3,район Новогиреево,55.7505039,37.81950024861331,1970.0,145,80,8.0,0.1
088e34fe-2763-4a93-9185-e05ce2b9f711,район Зюзино,55.651991800000005,37.580727981089744,1973.0,177,97,24.0,0.24742268041237114
08901f88-f120-48ad-b9b6-0c0b2bf7af82,район Очаково-Матвеевское,55.704038600000004,37.474846940652675,1971.0,358,188,16.0,0.0851063829787234
08975ac6-0b39-4df0-b7dd-2a767ec066e4,район Преображенское,55.8050122,37.7174048,1972.0,294,164,32.0,0.1951219512195122
089e37ee-921f-4c97-8277-a5e768fa6873,Басманный район,55.7754612,37.68594420515433,1975.0,218,108,6.0,0.05555555555555555
08a074a8-4d36-494c-b0d8-654fa015ed50,район Бибирево,55.89506365,37.60145456739903,1975.0,360,191,34.0,0.17801047120418848
08ae4a17-fbfb-4c64-aa73-46c94e213311,район Зюзино,55.661034099999995,37.5883941,1966.0,150,84,20.0,0.23809523809523808
08b0b9e4-b103-4a1f-aeec-7165af8a7c79,район Покровское-Стрешнево,55.813573149999996,37.47003409953082,1973.0,239,112,2.0,0.017857142857142856
08b18d3a-a5eb-43ec-b3f3-147a195df1ee,район Измайлово,55.79866505,37.78160661256378,1958.0,230,87,6.0,0.06896551724137931
08c00913-1646-4bc1-a63d-4703a66b2db2,Алексеевский район,55.806124499999996,37.63552122176093,1970.0,297,145,6.0,0.041379310344827586
08c75c0f-36f0-4fbe-a41f-1c91d0b0e7a7,Красносельский район,55.7686538,37.634779532828695,1911.0,26,19,10.0,0.5263157894736842
08cf9ede-3596-4441-82de-68cadf1d2b8e,район Отрадное,55.86052035,37.61870619999999,1976.0,762,305,12.0,0.03934426229508197
08d1e7d4-4cd3-4ce8-860b-73f2cd0bd7b2,район Тропарёво-Никулино,55.662941399999994,37.475326499999994,2002.0,621,337,63.0,0.18694362017804153
08d69a52-1cca-459c-aa97-36bc7dfe9e07,район Аэропорт,55.803902,37.5492182,1979.0,230,124,19.0,0.1532258064516129
08dbc99e-a3b7-4340-86fd-f34e81e81c61,поселение Сосенское,55.5499194,37.50030827539695,2016.0,152,123,53.0,0.43089430894308944
08e95791-961a-4455-9917-b6c210d0404d,район Сокол,55.7963205,37.51800259137978,1951.0,250,97,12.0,0.12371134020618557
08ec8aad-cc2e-4125-8bdc-d212d16fcd68,район Левобережный,55.860916,37.47605060000001,1963.0,104,72,27.0,0.375
08f83707-d6c0-4dbe-8a4c-ec721c50e364,район Раменки,55.706016149999996,37.5066502500424,2006.0,223,82,7.0,0.08536585365853659
08fa31c8-db9e-4cc5-b5e1-1e32a9b2de3e,Тимирязевский район,55.814271149999996,37.56270287783546,1958.0,96,45,4.0,0.08888888888888889
08fbf2c2-6d50-45d2-bf6c-7ce650cfe49a,район Черёмушки,55.6709087,37.56659820350727,1996.0,1725,910,212.0,0.23296703296703297
091bf37c-efcb-4fbd-a567-2a5134a43e51,Тверской район,55.788016850000005,37.598898787772725,1980.0,180,106,29.0,0.27358490566037735
09248964-aea9-4445-8559-ac6d51fe70e9,район Люблино,55.671307999999996,37.7909443324411,2003.0,213,102,16.0,0.1568627450980392
0931602f-7351-42a5-9ea3-88b1c645c700,район Перово,55.7538042,37.7792876046099,1956.0,108,58,14.0,0.2413793103448276
09329c83-c36c-4964-81c3-571cb59dfe7e,городской округ Троицк,55.6363882,37.416499349999995,1972.0,249,126,18.0,0.14285714285714285
0932d9e6-971d-4c00-aacd-664dcf65cbdd,район Люблино,55.6752331,37.7567391680949,2004.0,484,246,58.0,0.23577235772357724
0939749a-97d2-4f69-80b4-94c9d9214579,район Дорогомилово,55.74012925,37.525123646907346,1952.0,77,36,2.0,0.05555555555555555
093bd2f9-25ee-4c4f-8845-4b17df2b5981,район Зюзино,55.65387425,37.60059185,1964.0,108,72,10.0,0.1388888888888889
0948b3c2-0e55-45f5-a034-e702a356c7f3,Тверской район,55.78545885,37.5979416604559,1928.0,45,20,3.0,0.15
0949044b-99ec-41d1-8bd1-18105071c6ad,Бабушкинский район,55.87722565,37.6749723213317,2015.0,301,238,121.0,0.5084033613445378
094f49df-b5dd-4228-8343-bcb20b80a4fc,район Марфино,55.82844695,37.59976979827411,1975.0,190,112,31.0,0.2767857142857143
0960d86b-67aa-41a5-a76d-eb794f7c9ded,Рязанский район,55.71618035,37.78668225829479,1998.0,180,88,16.0,0.18181818181818182
096e63e3-a7ef-42f3-b675-7df8ff70afcf,Южнопортовый район,55.70131765,37.68145780493862,1969.0,138,78,5.0,0.0641025641025641
0975c09e-b037-40aa-a4a8-3e090ce3a77e,район Некрасовка,55.7028098,37.936842180399424,2016.0,420,192,4.0,0.020833333333333332
097a84d2-41f7-445f-abe7-8bea02fe7b5b,район Замоскворечье,55.736933300000004,37.633780889156625,1907.0,71,36,10.0,0.2777777777777778
09988736-617a-4c0d-b490-d7c1df28a970,район Текстильщики,55.71102445,37.74485005,1987.0,89,59,8.0,0.13559322033898305
099e6782-de0a-4efa-b378-3c294eb262bc,район Печатники,55.687670499999996,37.71988976565112,1973.0,282,165,41.0,0.24848484848484848
09a668f1-af01-4a34-bfec-b799e6da68ab,Тверской район,55.78774715,37.598272271473135,1907.0,71,28,5.0,0.17857142857142858
09ac6f5f-4c31-49d3-9fb2-90768c033e93,Войковский район,55.81699525,37.50934925156483,1960.0,241,98,2.0,0.02040816326530612
09b6f630-c171-4e8b-97e0-0ec6cb46ac5a,Бескудниковский район,55.862185600000004,37.56049400526177,2016.0,652,352,60.0,0.17045454545454544
09c3dc22-c6e6-40f2-8a6f-ca3254339b3a,Обручевский район,55.64695715,37.50046407013253,2004.0,248,129,43.0,0.3333333333333333
09e1c946-93b9-446f-81a2-358a0a6e58e5,Войковский район,55.8213479,37.5077817,1956.0,176,78,10.0,0.1282051282051282
09e37f39-69dd-4962-a1ef-9f4054deaa1e,район Филёвский Парк,55.746262400000006,37.510458791388274,1961.0,100,51,2.0,0.0392156862745098
09e908c6-5528-4563-a2a8-d1775ba2b7c7,район Тропарёво-Никулино,55.67170835,37.47319450105903,2002.0,363,156,11.0,0.07051282051282051
09eb32eb-0ffa-497c-bd12-d591296c194f,Хорошёвский район,55.77561265,37.54430545807022,1949.0,78,37,6.0,0.16216216216216217
09f7d579-625f-4ee1-a5b0-6625a61ffd41,Красносельский район,55.76999345,37.63489495201003,1917.0,11,6,3.0,0.5
09fe11ea-7160-4967-b25f-198917d67002,Нагорный район,55.644602750000004,37.610710600000004,1972.0,419,157,2.0,0.012738853503184714
0a00afb0-d47d-4e80-844f-5ebc756ba7ee,Академический район,55.6897821,37.5803642,2005.0,714,358,68.0,0.18994413407821228
0a0ba4cd-9504-4eeb-b0cb-b7f7b7dd286f,городской округ Щербинка,55.514332499999995,37.56846209809844,1974.0,124,59,2.0,0.03389830508474576
0a10011e-e3a7-4f4d-902a-3b54b5fd4cf4,район Ховрино,55.85835565,37.50066434794335,1974.0,173,96,21.0,0.21875
0a1416d5-2dc5-4ae4-adcf-9cb12b734287,район Тропарёво-Никулино,55.66795215,37.46302046848106,2003.0,542,240,29.0,0.12083333333333333
0a1b6367-c6dd-4193-abfc-f665643560e3,район Кузьминки,55.7078237,37.78819498270736,1967.0,343,164,6.0,0.036585365853658534
0a2562dd-37f1-4b35-bd51-8319dd2f4384,район Хорошёво-Мнёвники,55.77816625,37.49045402329925,1995.0,127,57,6.0,0.10526315789473684
0a2b30e0-f2e2-47b3-b98f-e908047c910b,район Хамовники,55.7159995,37.5777173,1939.0,242,86,8.0,0.09302325581395349
0a34bb67-ac84-4164-9e54-52cbe6f7ba04,Бабушкинский район,55.873265399999994,37.6767779267183,1975.0,237,108,2.0,0.018518518518518517
0a381511-2c71-4ca9-9bf6-5cdf105d54d6,район Зюзино,55.6631772,37.61002184564889,1981.0,387,191,33.0,0.17277486910994763
0a45ad33-0d22-4935-9704-8346027d86f1,район Сокол,55.80060735,37.50206009466023,1951.0,166,69,9.0,0.13043478260869565
0a616673-b4e3-440f-970c-657daa7944f8,Донской район,55.71179135,37.597530899999995,1964.0,130,72,6.0,0.08333333333333333
0a64a965-84f3-4641-a731-06ee2d0a3b5e,район Филёвский Парк,55.7430623,37.48821202739689,1963.0,158,80,16.0,0.2
0a6ceca7-ca74-4b83-8e83-4e5b0ae04921,Бабушкинский район,55.873830749999996,37.660525652145964,1978.0,246,127,4.0,0.031496062992125984
0a725230-c85d-44df-bd58-7549731e2fcb,Южнопортовый район,55.7231963,37.66456960943396,1966.0,110,72,11.0,0.1527777777777778
0a73d7ee-8daf-4ff7-b67e-e3e6940ef819,район Якиманка,55.72816,37.61882517653248,1959.0,79,40,6.0,0.15
0a76af22-42b0-4913-bbd0-dcedcc5b7e1c,Пресненский район,55.767117999999996,37.58815567007382,1908.0,130,60,8.0,0.13333333333333333
0a7a7a8f-37a6-4999-ae88-18c7db5f8852,район Сокол,55.7948936,37.513652379112294,1951.0,131,56,6.0,0.10714285714285714
0a842a4c-6256-4802-99db-bdf299ba974a,Даниловский район,55.7068669,37.6584457,1955.0,365,142,6.0,0.04225352112676056
0a86f08b-e58f-4967-ac3d-df84baab3b84,городской округ Троицк,55.59690775,37.170151000000004,1978.0,324,143,17.0,0.11888111888111888
0a913805-0b82-433b-b1d6-aba23a1ca2d8,Академический район,55.68676525,37.56245438534137,1964.0,109,72,15.0,0.20833333333333334
0a999381-1261-47fe-ace0-239014318a88,Нагорный район,55.65575565,37.61246500719044,2002.0,635,252,14.0,0.05555555555555555
0aaf5c95-d7e6-4224-a0fa-8f1ec4bfe50c,Ломоносовский район,55.6807075,37.5145311255812,1960.0,369,224,47.0,0.20982142857142858
0ab6e143-8384-4984-88e0-bc90a3e833ea,Рязанский район,55.7307766,37.7711647838093,1967.0,92,68,19.0,0.27941176470588236
0abaf3ca-f025-437c-a9f5-211bebfe124e,район Северное Медведково,55.88983925,37.663277681093746,2013.0,494,197,4.0,0.02030456852791878
0abf4132-cafe-4462-bc55-f50eaa1ca1e7,Мещанский район,55.7906352,37.635182729538094,1956.0,256,123,27.0,0.21951219512195122
0ac14a69-efb1-4956-b9e8-bdee52996722,район Кунцево,55.740125500000005,37.39563533822432,1965.0,229,124,32.0,0.25806451612903225
0ac2abbf-0630-4fe5-b4b1-8c4f8d6baf73,район Фили-Давыдково,55.73315515,37.471781230580575,2010.0,257,108,1.0,0.009259259259259259
0ace2672-df14-4900-a5d7-930cdd58e3b6,район Сокол,55.8036117,37.51625254898876,1953.0,30,15,5.0,0.3333333333333333
0adf7785-7b04-4f26-b468-11935cef098f,район Дорогомилово,55.74847135,37.561184952906686,1960.0,383,219,26.0,0.1187214611872146
0aedce6e-373d-4e1b-b8b0-333c94a163b5,район Измайлово,55.791763599999996,37.79474452032292,1964.0,129,60,3.0,0.05
0af4573f-351f-4d5d-b2d4-0277a5357f53,район Черёмушки,55.651694899999995,37.5586601994453,1965.0,146,84,13.0,0.15476190476190477
0b121d19-25b1-4edc-9bc9-8d3109bf6722,район Солнцево,55.6657711,37.42394036546361,1954.0,55,48,28.0,0.5833333333333334
0b21d528-33a6-40e6-ae1a-9eb41b081d20,район Беговой,55.777962349999996,37.557039785630145,1962.0,99,57,17.0,0.2982456140350877
0b28f485-bd08-4095-82ea-3030a7aaad38,район Зюзино,55.6473354,37.57588897392638,1965.0,157,84,19.0,0.2261904761904762
0b29b51e-b9e5-404c-be43-14869d33a52a,Тверской район,55.7779701,37.6099105,1979.0,252,105,7.0,0.06666666666666667
0b32292a-0e57-4cf3-8c3a-6240ee5b17d3,район Кунцево,55.78599465,37.36052755,1960.0,105,47,1.0,0.02127659574468085
0b3fb9fe-9b6a-436a-8932-0bf55bba368d,Мещанский район,55.784723799999995,37.63431437243136,1907.0,66,34,9.0,0.2647058823529412
0b45b27c-72ba-4b41-bebe-85509c4604b9,Красносельский район,55.7794865,37.64349441275272,1966.0,114,68,7.0,0.10294117647058823
0b465fdf-a8a3-4028-884d-66671b525ac4,район Замоскворечье,55.735018100000005,37.63862113015966,1929.0,87,40,9.0,0.225
0b4e8260-32e1-41e8-8eef-6cf862d5412f,район Аэропорт,55.79945065,37.54990272415898,1975.0,115,66,16.0,0.24242424242424243
0b507814-3849-4b01-8b3e-6db1b832d68a,городской округ Троицк,55.480332649999994,37.30030877120115,2006.0,177,92,21.0,0.22826086956521738
0b5b93c5-28df-4da9-a8d1-62f4bdef802c,район Измайлово,55.78989115,37.782547578353125,1971.0,139,98,26.0,0.2653061224489796
0b6a1832-53fb-4705-871b-dc7b4a58ed32,район Люблино,55.66810925,37.77445127143502,2004.0,415,230,32.5,0.1391304347826087
0b6fdf96-177a-45ac-838a-e11838ea73d7,поселение Московский,55.7851173,37.5219149,1970.0,360,159,14.0,0.0880503144654088
0b7191af-d854-42e2-b634-842d67bbfa90,Головинский район,55.84542385,37.49831075911286,1972.0,280,174,8.0,0.04597701149425287
0b77fbf6-e16b-4e35-b316-0d03a9aeebc1,поселение Московский,55.5997964,37.3562895779821,2016.0,69,146,116.0,0.7945205479452054
0b8771c9-5f20-48c6-b457-2c2e1080b7d3,Останкинский район,55.80998825,37.63353998613699,1960.0,425,182,10.0,0.054945054945054944
0b8ab879-d8c5-4152-83fd-ec20bda54f4f,район Ивановское,55.7720592,37.83547567926829,1973.0,333,146,17.0,0.11643835616438356
0b9baf4d-55a8-498e-a2a0-fd65ad81dc6f,район Преображенское,55.7950043,37.73036248042508,1971.0,325,168,5.0,0.02976190476190476
0b9e113e-aa8d-4844-a737-98d52818984b,район Чертаново Центральное,55.6169029,37.60547330369086,1980.0,254,127,15.0,0.11811023622047244
0ba8107d-fac3-41ba-a6f5-108656a71e61,район Зюзино,55.65061705,37.59128342238732,1966.0,137,72,7.0,0.09722222222222222
0bb03d85-629d-42ac-92ef-617a1feb0a8f,район Соколиная Гора,55.784103849999994,37.73902372951213,1956.0,381,139,6.5,0.04316546762589928
0bb04469-b140-41a5-a364-0bf9df7b59d0,район Щукино,55.801372650000005,37.48748856076138,1960.0,141,60,3.0,0.05
0bbafaa5-1290-4236-86da-5ae003e779d1,район Северное Тушино,55.85530975,37.43389584961804,2006.0,347,167,17.0,0.10179640718562874
0bda3a5b-1a59-4572-8502-d89ea7018bd9,район Левобережный,55.85937835,37.483246434163874,1966.0,256,144,42.0,0.2916666666666667
0bddf408-0e78-4919-95cf-55ccc595cdf7,Басманный район,55.776010400000004,37.69863690650595,2002.0,278,152,34.0,0.2236842105263158
0bfb4dfd-db07-40c2-8095-afe5fff7bac7,Басманный район,55.7748622,37.678458634037554,1966.0,114,72,16.0,0.2222222222222222
0c04c5a0-1dbe-4a9a-a1e5-c836daa26d1a,Обручевский район,55.65827445,37.51108281079407,2007.0,277,128,14.0,0.109375
0c08f1d0-5778-4cfe-8dbd-2fb0a597ccee,район Лефортово,55.76722895,37.71276982879032,1966.0,115,72,15.0,0.20833333333333334
0c101bb7-9dda-4b1e-a803-912de6e4db32,поселение Филимонковское,55.5487541,37.32792501503525,2011.0,38,17,1.0,0.058823529411764705
0c13ec2c-44f0-4919-b37b-2e6696293ec3,Тимирязевский район,55.82338635,37.55887016620178,1965.0,125,91,26.0,0.2857142857142857
0c1674c9-4fcc-4f14-a1a9-b989757ef14d,Красносельский район,55.773802950000004,37.6388537,1910.0,11,8,5.0,0.625
0c1d2838-58d7-431f-badf-9075c6034ab3,район Левобережный,55.873441549999995,37.461898220472214,1976.0,161,127,58.0,0.4566929133858268
0c324864-6817-44f3-995d-f79b22074251,район Нагатинский Затон,55.6771744,37.67376337563728,1966.0,141,85,17.0,0.2
0c3554d3-cfd0-421c-bba3-3aa5b026c12d,район Коптево,55.8413384,37.54505022179745,1970.0,343,165,17.0,0.10303030303030303
0c485746-b857-43bc-abac-aa665ffca231,район Дорогомилово,55.73816435,37.52179120090028,1948.0,132,72,11.0,0.1527777777777778
0c506494-06bc-488b-8207-c656556b5d1f,район Сокольники,55.792831500000005,37.69239086798965,1961.0,135,60,4.0,0.06666666666666667
0c515143-d612-4e6b-b902-1b13277eaca1,район Беговой,55.791681249999996,37.583367428243065,1930.0,91,57,16.0,0.2807017543859649
0c572289-22df-402b-9ad3-a89786c249d2,район Сокольники,55.7987627,37.69108218154113,1963.0,142,60,1.0,0.016666666666666666
0c59be25-b814-4ea2-95c6-3d29559108d4,Савёловский район,55.79532615,37.57703448352188,1966.0,89,68,28.0,0.4117647058823529
0c5fe6e5-b4d2-4a72-9d83-178b575441ef,район Хамовники,55.7253258,37.56908558869079,1926.0,140,60,8.0,0.13333333333333333
0c6274d9-1d4c-4437-979f-2a08de517b9a,Хорошёвский район,55.79944295,37.52830652125366,1955.0,200,91,22.0,0.24175824175824176
0c66bc28-c70d-4a51-b2d3-cd3800ca570e,район Косино-Ухтомский,55.71099465,37.893161073003625,2005.0,409,176,14.0,0.07954545454545454
0c6723c6-ba8f-483f-9b26-6f927b03def4,Алексеевский район,55.8137287,37.64090548863378,1955.0,67,28,1.0,0.03571428571428571
0c68585d-9887-439c-a123-ddbddc123771,район Кузьминки,55.7116471,37.77740224613764,1965.0,129,68,2.0,0.029411764705882353
0c6c8fe8-310e-49f4-ac97-0e961301cc67,район Арбат,55.7481538,37.58882166452534,2001.0,24,10,2.0,0.2
0c869a63-50bb-4a8f-af91-05c312d45b40,поселение Московский,55.6689945,37.4096616,2012.0,457,253,82.0,0.3241106719367589
0c87eacc-69a0-46ed-8697-7ec0e53cfe74,Красносельский район,55.7741647,37.643556269755706,1975.0,187,105,29.0,0.2761904761904762
0c8b48c7-0be8-4382-94a6-11481a64c31f,Савёловский район,55.79516865,37.573937989660614,1969.0,126,84,27.0,0.32142857142857145
0c955d2a-7b36-4936-8b39-8712b61d7fed,Тимирязевский район,55.8479911,37.566231256113355,1966.0,126,68,11.0,0.16176470588235295
0c98bb7c-2e09-4ebc-82b2-0cecf48e097c,Басманный район,55.773174100000006,37.69473549870786,1999.0,154,59,2.0,0.03389830508474576
0ca46802-72b0-48d0-bb9a-4f559ff160a7,район Ховрино,55.86366165,37.501923543209884,1983.0,117,54,5.0,0.09259259259259259
0ca6c078-bfe0-483c-bf6a-31b454e3126b,Басманный район,55.77333755,37.68058994152203,1938.0,107,52,10.0,0.19230769230769232
0ca6d106-22d5-4580-aea0-45ad6bbedc31,район Замоскворечье,55.73190905,37.633439543823144,1962.0,119,69,14.0,0.2028985507246377
0cabc565-48d9-46da-adc1-13f323751b20,район Котловка,55.677012950000005,37.59424923623895,1961.0,177,80,4.0,0.05
0cb3cee1-7381-4ced-bb89-69d10ac31a0a,район Восточное Измайлово,55.8105729,37.8116908,1955.0,152,64,5.0,0.078125
0cb617fa-0f54-42e4-843f-f66bb509aa24,Гагаринский район,55.690134,37.533917853220395,1956.0,1571,635,92.0,0.14488188976377953
0cd09515-d02c-4926-b5f7-c14a3a1391eb,район Гольяново,55.8115665,37.812334484082626,1973.0,218,110,2.0,0.01818181818181818
0cd257f0-2c10-4f0d-a043-386edd1e2fab,район Бибирево,55.88484405,37.608447944434374,1981.0,914,460,55.0,0.11956521739130435
0cf3bc63-7466-478c-90a3-ad429e89d9b1,Бескудниковский район,55.85986275,37.563161761373664,1964.0,131,72,4.0,0.05555555555555555
0cf41be6-4870-4f85-8d1a-83cd9087f928,район Раменки,55.69817655,37.51124569004304,2005.0,414,220,51.0,0.2318181818181818
0cf9a236-9700-4dd9-80b7-40f02a4ed7e1,Ярославский район,55.8727359,37.71252943866373,1978.0,797,376,53.0,0.14095744680851063
0cfa0ceb-5ad7-4852-8e87-bb0ea805b8a2,район Якиманка,55.72564395,37.60983964466999,1975.0,166,69,8.0,0.11594202898550725
0d007958-6375-4a9a-a668-488217937088,район Вешняки,55.7177767,37.81951756695376,1972.0,172,98,20.0,0.20408163265306123
0d0105d5-6c78-4c03-8f25-2ff57baed156,Ломоносовский район,55.67691245,37.54101544673284,1967.0,373,223,30.0,0.13452914798206278
0d05f23c-a863-4cc6-93e4-18ae458a507f,район Печатники,55.6900221,37.72713683890226,1969.0,162,96,21.0,0.21875
0d087449-bd6b-427c-ab20-d52b9a24f774,район Левобережный,55.8560775,37.47216908596543,1954.0,76,32,5.0,0.15625
0d13d065-f144-4306-9da3-8d9349bd8cbc,район Измайлово,55.7906022,37.7908476,2008.0,145,78,15.0,0.19230769230769232
0d1bdb96-b8a4-4a3a-ae6a-c60da68a7126,Хорошёвский район,55.7842964,37.534193261297645,2006.0,219,115,30.0,0.2608695652173913
0d1eb45c-a3a0-440a-a5e1-68344aa73cbc,район Щукино,55.8107116,37.45213555607156,1967.0,163,84,4.0,0.047619047619047616
0d30e7b0-b35b-4ce0-be2a-05fd009ca84f,район Филёвский Парк,55.748873399999994,37.5153835805955,1977.0,68,45,16.0,0.35555555555555557
0d3afa5f-5997-4ae8-8b09-21e6c37d9943,район Царицыно,55.6268561,37.656506256271484,1977.0,222,127,15.0,0.11811023622047244
0d41a781-c799-46fe-a38c-398bfba467d3,район Хамовники,55.732888349999996,37.586725610187194,1970.0,107,59,7.0,0.11864406779661017
0d44c9b9-081d-4f7b-a6af-ce1b84527a99,район Тропарёво-Никулино,55.67183355,37.46200590938466,1979.0,454,192,3.0,0.015625
0d52bbbe-2938-4bc7-96b7-a33002ca1d9d,район Восточное Дегунино,55.8830873,37.561268213181094,2004.0,246,126,11.0,0.0873015873015873
0d5c681c-f2d7-4251-905b-6b31d38904e7,район Черёмушки,55.679623,37.55793718813579,1960.0,84,64,25.0,0.390625
0d62fd82-edec-4a41-8dee-28b78b1705c2,Обручевский район,55.660360999999995,37.516814860743665,2001.0,369,137,7.0,0.051094890510948905
0d74df4e-b290-4fd1-bf52-a3ca812e3a30,Ломоносовский район,55.6754995,37.53132465,1983.0,241,124,9.0,0.07258064516129033
0d75f1cb-802c-4ebe-8ff7-81f2146d5e33,район Арбат,55.75515505,37.58897826875,1947.0,82,36,1.0,0.027777777777777776
0d775bf6-d1fb-4180-a0a1-e70e0afe3910,Таганский район,55.72892435,37.675668786656445,1963.0,230,118,12.0,0.1016949152542373
0d7aad2f-af89-497d-92a7-c95192cf5288,район Новогиреево,55.7533117,37.822012099999995,1970.0,188,98,13.0,0.1326530612244898
0d7cfb63-5b49-4615-a7fd-eb9b16f9a06e,район Замоскворечье,55.7345215,37.6387865,1924.0,70,32,8.0,0.25
0d8004af-97aa-48e6-b6ff-18386e7b57d3,район Гольяново,55.81391325,37.819734889221195,1969.0,140,81,12.0,0.14814814814814814
0d85d117-d1d6-4318-83a6-e76449a7cb08,Ярославский район,55.8678163,37.710206937081054,1980.0,281,123,11.0,0.08943089430894309
0d8bcf4c-57c5-48ba-a2d9-3b5756cbb23a,район Текстильщики,55.695218600000004,37.73870615943804,1964.0,139,72,3.0,0.041666666666666664
0d94b723-fd87-4150-ac95-5ff0fcacda8d,городской округ Троицк,55.48607105,37.29775852562992,2005.0,269,164,41.0,0.25
0d9a247f-eb2f-4a99-a037-3ef0baf38fb8,район Свиблово,55.8503215,37.6436008,1964.0,107,64,12.0,0.1875
0d9a704a-c486-4360-a8ad-05831f9899ac,городской округ Щербинка,55.820914099999996,37.652748697393555,1986.0,566,342,117.0,0.34210526315789475
0da045d0-b9bf-473e-9782-d8e337c1ec1e,район Щукино,55.796296749999996,37.4640532,1972.0,720,289,17.0,0.058823529411764705
0da47b75-1334-4aba-9339-d95bed94257d,район Ховрино,55.870449300000004,37.48942384733583,2002.0,329,156,30.0,0.19230769230769232
0daadc7d-1fc9-4a75-864f-c1f37a748401,район Лефортово,55.76394565,37.700486152091585,1987.0,107,69,17.0,0.2463768115942029
0dabcac8-d9ba-4c64-96ca-a87e49976a73,район Выхино-Жулебино,55.69086645,37.858840683497014,1995.0,538,211,10.0,0.04739336492890995
0dabfb28-a924-45c3-a19e-e67dcea6b060,Бескудниковский район,55.86874015,37.54821081290407,1970.0,222,111,5.0,0.04504504504504504
0db148cf-18e0-4eda-a0e6-efe0a5d6e436,район Коньково,55.64630445,37.53116559999998,1969.0,327,143,10.0,0.06993006993006994
0db50a4e-8b2e-49c7-909b-923f508852ac,поселение Филимонковское,55.5319217,37.2378563,2013.0,26,16,6.0,0.375
0dbb7c6f-3137-49b3-bed9-ccfeb17ab49f,район Ховрино,55.863728300000005,37.493799877000015,2007.0,383,236,76.0,0.3220338983050847
0dbe242b-d1c0-46ac-894a-cfc531ee1992,Таганский район,55.74257935,37.683491154146864,1965.0,155,84,7.0,0.08333333333333333
0dcff6fe-d635-40de-9d9c-f7b6c43a8093,район Беговой,55.78126315,37.56733587275449,1960.0,144,80,3.5,0.05
0deea9ba-62ab-40f4-9157-5fd10dfea43b,район Новогиреево,55.7483979,37.79659605,1969.0,151,85,22.0,0.25882352941176473
0df1071e-c2f8-43ca-90b4-8a6d0a03902e,район Отрадное,55.865201400000004,37.61821590647152,1994.0,394,189,1.0,0.005291005291005291
0e013685-d557-48a2-9221-27b25511884f,Ломоносовский район,55.682523599999996,37.520907775411516,1960.0,87,64,23.0,0.359375
0e01cde8-f7f9-433c-b402-aabccaed4769,район Щукино,55.79548015,37.48461450095566,1978.0,247,121,3.0,0.024793388429752067
0e14a2bb-8838-4149-991b-98c140cfaea2,район Проспект Вернадского,55.67280635,37.512958007609654,2006.0,463,248,53.0,0.21370967741935484
0e186e00-0612-4f00-a409-33fbf481e78e,Войковский район,55.8216159,37.50862577316239,1973.0,156,99,30.0,0.30303030303030304
0e189f7e-216d-4eee-bb27-99bc33807dc0,район Покровское-Стрешнево,55.81670845,37.465594452875564,1976.0,219,97,3.0,0.030927835051546393
0e1be13f-0a12-48f9-972c-ca1d3f148542,городской округ Троицк,55.5943489,37.44995267867036,1971.0,157,95,5.0,0.05263157894736842
0e386ee8-999c-4603-b748-2c63b653399d,Ломоносовский район,55.6792132,37.51493368592055,1960.0,105,60,10.0,0.16666666666666666
0e3b4d03-e48a-4792-81d7-49c3fa00ad34,Ломоносовский район,55.68323475,37.5401815,1958.0,591,248,22.0,0.08870967741935484
0e4d970a-d540-495b-8f13-03e73cab8e85,район Северное Измайлово,55.8035687,37.81364712322615,2007.0,113,64,5.0,0.078125
0e5b4f3a-af84-46ff-8d8b-49a8ab43e734,район Зюзино,55.6449992,37.5843086,1965.0,124,72,17.0,0.2361111111111111
0e5d73e9-dfd8-4324-8fd8-dc290a01645d,поселение Сосенское,55.5664522,37.47982345,2013.0,323,247,81.0,0.32793522267206476
0e69f278-8838-4ef3-a94d-16863eb1be07,район Очаково-Матвеевское,55.704353049999995,37.47180079574658,1967.0,632,359,81.0,0.22562674094707522
0e6fb0df-e0c8-49f0-9407-28ab91b6ec56,Ломоносовский район,55.682300999999995,37.51886381688326,2005.0,145,68,13.0,0.19117647058823528
0e771e61-0d82-4513-b452-5fa2a020fa9f,район Котловка,55.6737568,37.5938463,1964.0,95,68,21.0,0.3088235294117647
0e81fcbd-d5fe-4e60-ac43-50b5a23c9dc7,Савёловский район,55.7961088,37.575840296700974,1963.0,108,60,14.0,0.23333333333333334
0e88659e-f503-4862-a3b9-64bd7cc7f2bb,Алексеевский район,55.8124852,37.654739639049815,1967.0,156,97,11.0,0.1134020618556701
0e90679b-c72a-4d1f-9df9-485525991541,район Хамовники,55.738729899999996,37.593027095930246,1910.0,49,19,3.0,0.15789473684210525
0e97e5e1-f1f0-4162-a09b-f0f119a3f7d0,район Аэропорт,55.807007,37.514912307299674,1958.0,292,133,4.0,0.03007518796992481
0e9c145f-9730-4e16-9982-01dcf3242853,район Левобережный,55.8679532,37.463120141624074,1967.0,198,111,19.0,0.17117117117117117
0ec0791e-4539-410e-affd-c5a35c4e23a0,Басманный район,55.7702106,37.67398577593808,1973.0,236,107,9.0,0.08411214953271028
0ec64884-87ba-4a31-9c76-d7dd2da1d4eb,район Филёвский Парк,55.74731275,37.51496730169583,1959.0,99,55,7.0,0.12727272727272726
0ec92629-0534-4d7c-be4e-e6a9b93b2060,район Кузьминки,55.7112896,37.76297173485778,1965.0,114,72,20.0,0.2777777777777778
0ed59371-4023-4ecd-bc68-b737fbde0662,район Кунцево,55.73434125,37.4194101257468,1966.0,157,82,4.0,0.04878048780487805
0ed6b844-87e8-45cb-bc74-33b08229ecdd,район Сокольники,55.790402349999994,37.682635796289986,1961.0,121,58,2.0,0.034482758620689655
0ed815f2-7b01-4f08-a050-51b8c90b3d29,район Некрасовка,55.706693099999995,37.91858866980057,2009.0,444,174,8.0,0.04597701149425287
0ee9418f-4850-4db4-bd5e-c8eaea866ea3,городской округ Щербинка,55.50382485,37.5651164,1963.0,57,30,5.0,0.16666666666666666
0eec6827-74f9-42ae-8d5b-c584aa7afe27,Обручевский район,55.653799750000005,37.5141331,2005.0,267,134,9.0,0.06716417910447761
0eee7b3b-4e50-422e-a3ec-0fd33549dbdb,район Соколиная Гора,55.78875525,37.74163748501492,1961.0,71,41,9.0,0.21951219512195122
0efe0cf3-0e87-47bd-82fa-27b4569cd76f,район Зюзино,55.664026050000004,37.59038547766843,1971.0,151,96,36.0,0.375
0f3df098-e70a-485a-a798-8b3d75172bbe,Ломоносовский район,55.6785057,37.53707007562435,2006.0,582,287,19.0,0.06620209059233449
0f3e0ffd-f5c2-4362-a6e2-4daec031b7c4,Бескудниковский район,55.869774,37.548741787605934,2014.0,687,312,11.0,0.035256410256410256
0f3f8bff-fa90-4009-b794-ab9ceeb801d5,Тверской район,55.7724853,37.62069496614832,1917.0,66,28,6.0,0.21428571428571427
0f40f249-7225-465b-968d-85870243f267,поселение Сосенское,55.5437193,37.49737968803353,2016.0,429,223,24.0,0.10762331838565023
0f41a9e2-dba1-4572-94e4-108dd56f33db,район Восточное Измайлово,55.7890276,37.8094508,1967.0,138,83,15.0,0.18072289156626506
0f6268c6-8d9c-4655-9e64-c076e4422a96,Тверской район,55.7779177,37.61384694304054,1972.0,385,179,7.0,0.03910614525139665
0f6e9250-9ed4-4ef7-8c79-6f3514491ffd,район Северное Медведково,55.891337,37.65623265,1968.0,149,96,29.0,0.3020833333333333
0f729dea-73df-46ac-b927-25ca298d0034,район Царицыно,55.620821899999996,37.65908995882712,1972.0,184,160,38.5,0.2375
0f746d74-8fce-49d6-a663-84bfd8b10846,район Печатники,55.68465845,37.72315294930662,1974.0,429,214,30.0,0.14018691588785046
0f777ec3-a3d2-41d3-abb2-f86976e79eba,район Кунцево,55.736469549999995,37.40365374633622,2007.0,237,144,45.0,0.3125
0f7ef506-d950-47d8-8e66-039e1382ace6,Алексеевский район,55.813502400000004,37.64552501842596,1968.0,153,111,25.0,0.22522522522522523
0f80cf9e-0dc8-4d6c-a10c-978440b7c72a,район Выхино-Жулебино,55.719040899999996,37.802914232926824,1967.0,167,96,6.0,0.0625
0f858829-9684-444f-bb6e-5a893f10800f,район Черёмушки,55.677833050000004,37.555926688964774,1960.0,153,80,13.0,0.1625
0f8fa7f6-81c5-44a4-908b-695a93e0ceff,Нагорный район,55.6477343,37.6061893,2002.0,764,331,2.0,0.006042296072507553
0f941edb-a9f8-4be7-8f03-ae844875fa0c,район Замоскворечье,55.73362775,37.640489857423674,1963.0,82,68,28.0,0.4117647058823529
0fa20da9-ac9b-4d12-8c93-487ab78afb51,район Ростокино,55.837769550000004,37.66046599922004,1964.0,100,68,18.0,0.2647058823529412
0fa9048c-6a84-4ec3-b63f-bc01a8f212d0,район Чертаново Южное,55.6050854,37.58745149960055,1974.0,159,94,14.0,0.14893617021276595
0fc0d719-3959-4b3f-8330-8bdeb77f2442,Академический район,55.68858555,37.58875707644082,1960.0,173,80,1.0,0.0125
0fc6cb3c-19b3-4429-8928-daab27555c6d,район Москворечье-Сабурово,55.6364126,37.71340574396093,2009.0,854,373,12.0,0.032171581769437
0fc74706-5077-4e38-abb2-67e4cfd50ea8,район Покровское-Стрешнево,55.825719649999996,37.43502839129154,1967.0,137,95,19.0,0.2
0fd9ad5a-5fd5-477c-b69c-5e32331acd6e,район Раменки,55.69915225,37.49186935,1971.0,295,143,17.0,0.11888111888111888
0fe140d8-3668-499b-9448-72df2d27125e,район Южное Медведково,55.8726165,37.63422593971963,2008.0,241,128,28.0,0.21875
0fe24027-644a-4305-b868-d06de3841f4a,район Тропарёво-Никулино,55.65889185,37.48580436617124,1970.0,223,108,17.0,0.1574074074074074
0fe4e021-f63d-4926-adfc-0690758585cd,Мещанский район,55.785456249999996,37.63605013387908,1967.0,336,158,17.0,0.10759493670886076
0fea3c01-da39-4aa7-9921-e85b8412ac0b,район Черёмушки,55.6772168,37.55777289717803,1960.0,152,80,14.0,0.175
0feea7a4-998e-48aa-9fc5-e41fa464d86a,Гагаринский район,55.6910092,37.5520298,1960.0,501,227,1.0,0.004405286343612335
0ff61d4e-afca-48cd-a2cc-4ed55b7cab18,район Хамовники,55.7405233,37.58193912752536,1916.0,22,12,4.0,0.3333333333333333
1002c754-2358-40af-b717-ec00db9e6934,район Тропарёво-Никулино,55.65546835,37.48798991287778,1971.0,515,446,196.0,0.43946188340807174
100c52d3-af64-4440-b322-1f9149a219fb,Бескудниковский район,55.8635507,37.56143631407484,1964.0,117,72,13.0,0.18055555555555555
101f068e-8510-4fad-87de-7cdf50cf5041,Академический район,55.6907325,37.5761606085248,1957.0,116,55,4.0,0.07272727272727272
102aa968-4758-4ca1-b283-e24feca94de7,Нагорный район,55.64798355,37.612865350351115,1964.0,109,72,19.0,0.2638888888888889
102cecfd-e8c5-439e-bede-359a4a3c77e1,район Перово,55.7557131,37.77763880747568,1966.0,144,72,7.0,0.09722222222222222
1035c067-dc8d-4069-b724-cca0b1d088c6,район Зюзино,55.6501508,37.591778206651576,1964.0,123,90,20.0,0.2222222222222222
10374a77-e0d6-4dd5-8f78-b67b99eababd,Даниловский район,55.7137181,37.61591766909949,1960.0,157,80,8.0,0.1
104070ca-df9f-4158-9848-c460ef9c68e6,район Измайлово,55.79078065,37.81771150094159,1964.0,125,68,7.0,0.10294117647058823
1045ec63-6a9c-4bf3-9a84-01c6f388039d,район Измайлово,55.801,37.793363588951536,1956.0,162,65,2.0,0.03076923076923077
104e87b4-e7e8-4468-b54b-137349105ac1,Донской район,55.70887915,37.60056485,1934.0,86,36,3.0,0.08333333333333333
105501de-03a0-4f4c-920f-89b880542ac0,Гагаринский район,55.69250835,37.53981564229666,1957.0,1372,587,39.0,0.06643952299829642
10584c2a-66f1-4b93-879f-540252f6422d,район Ново-Переделкино,55.65785485,37.35076205,1966.0,110,60,10.0,0.16666666666666666
1059483a-6063-4667-b121-5ff9d5274f38,район Замоскворечье,55.7457388,37.62569539946989,1908.0,47,27,11.0,0.4074074074074074
105b542f-2eaf-4656-b693-3fb5696028fd,район Очаково-Матвеевское,55.7077551,37.4657314420368,1971.0,347,151,22.0,0.1456953642384106
105c9860-a743-49b3-8c0f-0f0ee6a06492,район Марьино,55.65898805,37.77065012838362,2001.0,473,196,4.0,0.02040816326530612
105d366e-54d8-4009-b9d9-626a6ce3099d,Басманный район,55.75634905,37.65613460801899,1928.0,203,83,2.0,0.024096385542168676
107745a5-7e36-4211-ada4-9685dd922a2a,Тверской район,55.777870750000005,37.61656565767707,1962.0,123,71,14.0,0.19718309859154928
107e7e28-f00d-401d-b93f-5f8acdfe9860,район Царицыно,55.637140099999996,37.6657704760128,2001.0,181,102,21.0,0.20588235294117646
1084c3d8-dc58-4c8d-99bc-53c9d07c3a41,район Некрасовка,55.69967355,37.92522849204545,2013.0,516,256,40.0,0.15625
1089bfac-65ff-49a4-8539-1ca394872e3d,район Хамовники,55.744559100000004,37.59195569456774,1970.0,130,111,49.0,0.44144144144144143
108f20d1-822e-47c6-a030-dfc14978e212,район Тропарёво-Никулино,55.656371,37.4720571,1999.0,763,372,48.0,0.12903225806451613
10918ddf-7dda-4e0c-8048-32d391ea1538,район Очаково-Матвеевское,55.508215,37.2200714,2011.0,248,156,56.0,0.358974358974359
10935661-2daf-450c-9ba3-66d889af4a40,район Строгино,55.8076632,37.4204300277373,1985.0,472,223,15.0,0.06726457399103139
10a884be-7b9b-4cb6-8df4-465540437f3d,Войковский район,55.815909000000005,37.497970209767445,1965.0,261,142,34.0,0.23943661971830985
10aa7b71-e0bd-427e-ac40-91f55f6c61a1,район Коньково,55.64188575,37.53773657758095,1969.0,578,251,30.0,0.11952191235059761
10b11e6f-b6ce-4270-a7df-4c0a58dc5fd2,Хорошёвский район,55.779751000000005,37.52491213040541,1964.0,98,70,27.0,0.38571428571428573
10b830fb-664d-4a9a-9b75-9a933231ea02,район Зюзино,55.6595676,37.583193532142815,1964.0,104,72,26.0,0.3611111111111111
10bcdab5-f186-45e2-802c-9617b7082537,Ломоносовский район,55.68214075,37.52158604013627,1960.0,84,63,24.0,0.38095238095238093
10bf3282-e694-45e4-9b85-73de7733448c,район Лианозово,55.896213700000004,37.5775577,1982.0,240,127,6.0,0.047244094488188976
10bfe03e-91ef-4ad3-85e1-68d147360021,район Западное Дегунино,55.866217000000006,37.53525867070856,1967.0,158,84,6.0,0.07142857142857142
10cb799a-42f2-43ef-88b0-024877b17b24,район Бирюлёво Восточное,55.5846864,37.69363402432874,2003.0,128,625,569.0,0.9104
10cf215d-b7ed-4a1e-9c36-a8fa5a9970db,район Замоскворечье,55.744847699999994,37.63669974702131,2005.0,24,13,5.0,0.38461538461538464
10d130c8-a50a-4a35-b315-fe0976affa0a,район Южное Тушино,55.849549,37.4430813,1983.0,247,132,25.0,0.1893939393939394
10d5df6d-09d1-4769-8c44-3af87b594f40,район Северный,55.93047425,37.54354798681146,2016.0,665,335,23.0,0.06865671641791045
10dadf74-9e74-4f79-aa4a-076050423ea4,район Ховрино,55.87614035,37.486537546596196,2006.0,365,192,9.0,0.046875
10e1b302-af29-4bcb-899f-72a89e02b890,Даниловский район,55.7140826,37.6111811483852,1928.0,99,53,14.0,0.2641509433962264
10e79cdd-7665-4b70-98aa-2ffccd180682,район Кунцево,55.7393936,37.4243125,1962.0,100,72,17.0,0.2361111111111111
10f8703f-49ed-4225-99c2-1eb414a419bd,район Хорошёво-Мнёвники,55.7749612,37.48041807849356,1979.0,365,168,13.0,0.07738095238095238
10f94c37-63ff-4522-8356-c9a6269f1779,район Черёмушки,55.6734069,37.572831,1962.0,108,72,20.0,0.2777777777777778
10fbc315-1e29-4e4d-aad4-078345105561,район Фили-Давыдково,55.73100855,37.46930072329894,2005.0,204,184,77.0,0.41847826086956524
10fddf21-e079-4ba4-a8b2-d30ebfeb7be0,район Лефортово,55.7453464,37.70236578673334,1977.0,229,112,9.0,0.08035714285714286
111b8693-c822-43db-bc71-bfcbcb96fa27,Головинский район,55.8505888,37.5002091,1967.0,151,80,6.0,0.075
1128776f-4fa0-4a46-a257-3bc1daae905c,район Зюзино,55.650633549999995,37.5968881,2004.0,1665,718,155.0,0.21587743732590528
1134da1b-cdc2-4b21-bbc2-d050efa26cb8,Нагорный район,55.65777645,37.620317377860076,1962.0,116,63,12.0,0.19047619047619047
1138076e-8169-42ac-97e1-079286a92d13,район Чертаново Центральное,55.60813195,37.59008272916324,1973.0,153,98,17.0,0.17346938775510204
113db3b1-2c37-4568-ab1c-3ee5aec83af0,район Измайлово,55.7951326,37.7768986,1965.0,217,127,13.0,0.10236220472440945
1148d595-d861-4b7c-938a-1bb9f50f1c4f,район Щукино,55.8091133,37.45508707538417,2008.0,1172,528,26.0,0.04924242424242424
114ff375-0de8-4e4f-8118-cc30b1649334,Хорошёвский район,55.7875223,37.50935226133373,1956.0,119,48,5.0,0.10416666666666667
1164d03f-c96a-4458-85d5-f80d7591b7d9,район Измайлово,55.79180825,37.78380571987681,1966.0,93,71,27.0,0.38028169014084506
116ad34f-7f1f-4813-b559-e8e0340c6e1f,район Тропарёво-Никулино,55.66342575,37.479337028296705,2009.0,1036,826,433.0,0.5242130750605327
117111ad-f203-451b-89a9-6b94ccd64efa,Савёловский район,55.7958468,37.56954393963383,1958.0,146,75,13.0,0.17333333333333334
11910771-5491-4bd4-af4f-f7462e4020a0,Красносельский район,55.7837725,37.67277717695855,1962.0,129,72,12.0,0.16666666666666666
11ad8fe3-03d5-48c6-95a5-b0aa08ddcc18,Донской район,55.71245805,37.59785197987094,1964.0,137,72,8.0,0.1111111111111111
11b7b3c4-05f1-4e7a-87b3-6541b44d5b23,район Вешняки,55.7242423,37.81000815815191,1970.0,290,144,18.0,0.125
11e256fb-a074-4597-a937-58874dca37dd,Даниловский район,55.72060215,37.62521599389598,1961.0,94,71,18.0,0.2535211267605634
11e95f6b-9a3a-4629-9114-e9c1764e10f3,район Перово,55.75983255,37.79048833002288,1964.0,136,72,5.0,0.06944444444444445
11ecde4e-5e44-4697-9032-c0e8e9597cfb,Бабушкинский район,55.8694407,37.67508136242113,1968.0,167,84,5.0,0.05952380952380952
11f1e4d6-885b-4bd8-83e0-81abdf615cda,Хорошёвский район,55.78082885,37.52182005332189,1966.0,165,84,13.0,0.15476190476190477
11f453c1-f210-4ba6-9023-d0511a6d51b3,район Южное Тушино,55.8495482,37.437564601452124,1964.0,185,80,4.0,0.05
11f489a6-5f16-44f9-a68f-c211f67a2318,район Лианозово,55.8946802,37.5751776,1997.0,213,108,8.0,0.07407407407407407
11fc8001-f770-49f5-9a3f-44293de36e80,район Северное Бутово,55.5708189,37.5720424,1991.0,141,70,3.0,0.04285714285714286
11fe0a45-d507-47c7-b66a-44a1fb1f973f,Тверской район,55.77534745,37.595478880219275,1939.0,190,82,9.0,0.10975609756097561
1207f3fb-b88e-4505-8b3c-5b03c2f03ccf,поселение Кленовское,55.7846509,37.6142353569531,1967.0,27,12,1.0,0.08333333333333333
120a3574-2280-42d9-9fb9-de6b260e7278,Обручевский район,55.65952365,37.51721779199918,2001.0,363,171,36.0,0.21052631578947367
12125a7b-d4eb-41a0-9cd2-8196a880e918,Басманный район,55.773931649999994,37.69613055428265,1999.0,124,61,15.0,0.2459016393442623
121c92a3-475d-473d-8a48-e7b64abf3144,Обручевский район,55.66256265,37.51698563179252,2011.0,763,383,47.0,0.1227154046997389
1220d0c9-d761-44d0-9e27-8cd32d8f59c9,район Щукино,55.79246085,37.49841857614404,1951.0,167,72,5.0,0.06944444444444445
1222040a-2445-4937-818f-724543800d52,Мещанский район,55.77569175,37.62779715383245,1961.0,61,40,12.0,0.3
123ba903-c6aa-41d5-8aee-a26a3c3a73ba,район Северное Медведково,55.8914517,37.65941772201312,2003.0,278,157,41.0,0.2611464968152866
123f141d-7cd2-49ab-97f2-855879e11cb7,район Южное Бутово,55.53674035,37.50790975174726,2011.0,476,230,16.0,0.06956521739130435
128828d6-36d7-44f4-9ab7-ec8fb0a4f024,Южнопортовый район,55.70457385,37.670849591546826,1972.0,211,112,2.0,0.017857142857142856
128844b8-a2f6-4c5d-940d-4ec5da3fe4f5,Рязанский район,55.71309145,37.781873372700815,1970.0,133,80,16.0,0.2
128d11c1-d7d3-4961-97e1-19e7daca1e22,район Южное Медведково,55.874963949999994,37.63204237537221,2002.0,226,108,2.0,0.018518518518518517
129b7bce-3c10-4304-9485-39f22bda75eb,Тимирязевский район,55.82669695,37.56881935968045,1994.0,111,69,4.0,0.057971014492753624
12a1458c-8a73-4016-a401-792748a99ea9,район Преображенское,55.792919049999995,37.71164399384162,1978.0,151,66,2.0,0.030303030303030304
12a31474-5cf6-4556-90a8-ffac747983a9,городской округ Троицк,55.57501555,37.39157554999999,2015.0,73,58,32.0,0.5517241379310345
12a5a27b-3ba8-4ca1-aa03-c85e8f528951,Пресненский район,55.7590612,37.595912825,1966.0,129,78,12.0,0.15384615384615385
12a5a62c-e726-4122-8cbf-6146e8040a6c,район Кунцево,55.741202200000004,37.39829763057625,1964.0,136,78,9.0,0.11538461538461539
12ad7667-63d3-4b0b-90d4-111fb5f5da3f,Басманный район,55.76386635,37.64478838887051,1914.0,47,20,6.0,0.3
12afa34f-e9d7-4e13-a6b7-40f0e7410df8,район Северное Тушино,55.8538362,37.416223925,1971.0,158,97,12.0,0.12371134020618557
12d2a9f9-20d6-401b-8b0a-195d1e65c8ca,район Марфино,55.83106565,37.58889712099028,1964.0,116,72,20.0,0.2777777777777778
12d440a5-5995-4a5c-8d6b-e348999eace9,район Измайлово,55.79773365,37.78671085093685,1956.0,113,48,6.0,0.125
12dafc1e-574d-4d91-842f-87003e8c079c,район Царицыно,55.63503695,37.66114175419575,1972.0,204,120,32.0,0.26666666666666666
12e7b963-b8a3-4399-820e-abd1af130beb,район Дорогомилово,55.744521899999995,37.54827199189886,1946.0,324,189,52.0,0.2751322751322751
12ea846a-86a6-45c5-9b2b-7b04169f51d2,Тверской район,55.76880415,37.601262491190795,1938.0,83,35,1.0,0.02857142857142857
12ec64ee-1e73-4d1e-96cd-35968c8aa77c,поселение Десеновское,55.50399765,37.3296986,1957.0,37,18,6.0,0.3333333333333333
12f031e8-249a-454f-99cb-d1fec589618a,район Матушкино,55.7348964,37.815691926730125,1969.0,135,54,3.0,0.05555555555555555
12f2aad3-be14-421e-b7f0-1c179ca98822,район Беговой,55.7916119,37.58537584413511,1928.0,136,68,10.0,0.14705882352941177
12fdaa59-8da9-4c2f-b19a-045ad0014fb6,район Аэропорт,55.79650725,37.54678032521252,1963.0,179,108,23.0,0.21296296296296297
13098edb-fc7f-455a-a220-3da72fd50b94,Мещанский район,55.774132300000005,37.62514782904981,1960.0,266,128,10.0,0.078125
130f79be-b53b-4002-902d-8a736b224e79,Пресненский район,55.7579716,37.5422766,1970.0,473,221,3.0,0.013574660633484163
131648a5-13ae-47fd-9086-b4c2159b1858,район Свиблово,55.851342700000004,37.65846996088639,1971.0,180,99,8.0,0.08080808080808081
131ff12e-a978-437f-970c-5db47f63de72,Тверской район,55.7872403,37.5983281724872,1929.0,71,32,11.0,0.34375
1326fda5-65a7-4a79-8875-5c8505e07ea7,район Зябликово,55.624172400000006,37.73250348087551,1977.0,214,111,6.0,0.05405405405405406
1331ceb2-9e86-48a6-8c0c-adfbada60fff,район Хорошёво-Мнёвники,55.7822622,37.47857551514944,1977.0,320,144,4.0,0.027777777777777776
13351f01-2f3b-4174-9fc0-f67ccfde88b6,район Южное Медведково,55.868370049999996,37.63853849210116,2009.0,277,121,14.0,0.11570247933884298
1345f006-5571-44fd-85a5-f16d004bf46a,район Богородское,55.823809749999995,37.71612234235057,1971.0,139,70,8.0,0.11428571428571428
13479188-d889-40db-afed-d10c95ee0335,Бутырский район,55.82735875,37.57961687285035,1966.0,134,80,15.0,0.1875
1350eada-fbe1-4252-bcc2-fae8862bf9b9,район Левобережный,55.859471,37.48217255657784,2010.0,483,239,54.0,0.22594142259414227
136d8f66-6d68-4dfd-ac91-712b3ffe8595,Пресненский район,55.7705758,37.560354405516435,0.0,164,84,9.0,0.10714285714285714
1370ed97-1b18-45e4-9f9c-f10521798a04,район Проспект Вернадского,55.6714981,37.50934520053634,1974.0,198,90,5.0,0.05555555555555555
1372fd55-7918-4481-b2ad-be38087c8150,район Царицыно,55.63352135,37.66127674580425,1973.0,245,120,5.0,0.041666666666666664
1376279a-c4a0-4a12-93d8-8419985941dd,Хорошёвский район,55.79573695,37.520408382470876,1974.0,370,213,41.0,0.19248826291079812
13876526-8007-4439-9208-f5cceb3e386d,район Солнцево,55.64264235,37.41041990000001,2003.0,622,268,16.0,0.05970149253731343
1398b949-819b-41e2-a4cf-b9e44a97dd35,район Котловка,55.67417075,37.597149650000006,1960.0,113,52,5.0,0.09615384615384616
139937ee-0389-4ca4-b594-9aae6d429084,район Дорогомилово,55.7373334,37.517407,1955.0,929,376,6.0,0.015957446808510637
139a05dd-011d-49c6-9013-9558230008ff,Нагорный район,55.64672635,37.609413497964134,2002.0,500,220,24.0,0.10909090909090909
13b7564a-773e-43b3-92a4-82bfd1ed8b07,район Кузьминки,55.6982224,37.76437599664732,1964.0,94,68,16.0,0.23529411764705882
13b7b6b0-ec9c-434f-9018-4afbb7006bbe,район Ясенево,55.6098316,37.54390805274362,1979.0,578,255,16.0,0.06274509803921569
13b8dd06-bd89-487a-93c9-d791e88d406d,район Свиблово,55.858847499999996,37.63644482480159,2004.0,359,192,39.0,0.203125
13c34bc1-e554-49ec-b423-65d2e6878683,район Новогиреево,55.748571,37.79921296996672,1969.0,145,96,37.0,0.3854166666666667
13c37273-06d7-44cb-86e4-f95e03091587,Академический район,55.6880077,37.57701797763532,1958.0,99,64,17.0,0.265625
13c9ccfa-0d95-425c-88fb-4d6f7356d1cc,район Хамовники,55.74107125,37.58556253651571,1905.0,33,15,3.0,0.2
13eab57d-64b6-4da6-85b5-d86b49ff5fbf,Пресненский район,55.7602194,37.5707657,1959.0,87,62,13.0,0.20967741935483872
13fbb4d6-d11e-47b7-93c0-0b43fd9b4285,Бескудниковский район,55.868744,37.5574070965781,1965.0,134,72,3.0,0.041666666666666664
13fd95ce-4e56-4447-b684-9d8697dface1,район Черёмушки,55.671743649999996,37.5638661625852,1995.0,947,447,13.0,0.029082774049217
1404b114-30d0-4972-9269-4aaf1131b290,район Чертаново Северное,55.636545999999996,37.61334437540076,1973.0,984,381,18.0,0.047244094488188976
1419464b-fc32-4713-b9ab-a84fe533b6d2,район Хамовники,55.72546165,37.58191445277836,1963.0,106,72,7.0,0.09722222222222222
1426fe8f-40d9-402c-aeec-81789e04fff6,район Нагатинский Затон,55.6848938,37.66637066100334,2008.0,311,240,109.0,0.45416666666666666
1444087a-2b80-4e78-b50d-8775271bb53e,Пресненский район,55.758566099999996,37.60313024084326,1958.0,89,47,11.0,0.23404255319148937
14699a6c-0388-49be-81a2-a31558fa4901,район Северное Тушино,55.8502741,37.419823956151454,1968.0,275,178,57.0,0.3202247191011236
147959b8-7850-4605-a8c0-7149f1a7396c,район Щукино,55.78923335,37.49112319089309,2000.0,855,437,59.0,0.13501144164759726
14b66c7b-29d9-45cc-a457-db6f8265f95d,район Чертаново Северное,55.6257672,37.60428890877445,1969.0,906,493,82.0,0.1663286004056795
14b843d9-da7a-4151-ae5b-1adefb7f44eb,район Арбат,55.75360565,37.584447400984374,1958.0,85,46,3.0,0.06521739130434782
14c3c97b-d4f5-4828-98e1-3198331d94a5,Пресненский район,55.7623929,37.5739953847537,1963.0,102,72,12.0,0.16666666666666666
14c76c09-1e1f-48db-971f-244a17ff59d5,район Соколиная Гора,55.7819375,37.73425372696464,1960.0,688,280,17.0,0.060714285714285714
14cf0c18-705c-4757-a3cc-7b37003c393f,Мещанский район,55.78698115,37.63913264241674,1993.0,72,34,5.0,0.14705882352941177
14d6b103-2b3e-41e2-965a-c40c73dd0780,Пресненский район,55.76177895,37.58855986617816,0.0,95,73,24.0,0.3287671232876712
14d76ef9-d4f5-46e2-9faf-3fbfe861cd5e,район Строгино,55.811496649999995,37.404486096684096,1979.0,515,208,1.0,0.004807692307692308
14d82d48-a6d2-48de-afb7-28c315584aaa,район Замоскворечье,55.72553845,37.632540180684586,1927.0,192,90,11.0,0.12222222222222222
14dd7734-0375-49ae-bbfc-38f03efd26b7,район Бирюлёво Восточное,55.58261935,37.66331307369009,1973.0,463,214,2.0,0.009345794392523364
14de3267-6e38-4d42-9159-e08ef2fa6ab4,Рязанский район,55.724196500000005,37.77891849897463,1958.0,54,25,1.0,0.04
14e3b3b0-a6cf-48ec-99e7-7356a0c26ede,район Тропарёво-Никулино,55.6612436,37.49195000682599,1970.0,203,107,29.0,0.27102803738317754
14e3d619-569d-43c6-8807-4ba0b1c4a9e0,городской округ Троицк,55.496689700000005,36.92491873997051,2004.0,63,28,5.0,0.17857142857142858
14ef0233-e9f6-4693-8c0d-cd5427cc1b11,район Нагатинский Затон,55.67248195,37.66628829286917,1964.0,301,147,11.0,0.07482993197278912
150dbc57-9484-4a74-b415-843956df489d,Даниловский район,55.7129592,37.61186464193776,1961.0,160,67,2.0,0.029850746268656716
1513a2f4-fbe4-4036-8ec4-64008fec0273,Тверской район,55.77386695,37.58899493941297,1906.0,109,38,4.0,0.10526315789473684
151455f1-eb32-415d-8d52-38fcd3e57a4a,Хорошёвский район,55.7769246,37.55059123634959,1976.0,192,110,29.0,0.2636363636363636
151b9095-9f1d-4ab5-afc6-db971eed9d49,район Арбат,55.752103,37.59884877928148,1870.0,60,48,22.0,0.4583333333333333
152c408b-4567-4410-873d-599d8d0261e3,район Щукино,55.7944364,37.49007989135342,1948.0,33,17,6.0,0.35294117647058826
152c81d1-784d-4022-9b7a-db1565c50733,Савёловский район,55.802093,37.554577785462655,1957.0,161,73,4.0,0.0547945205479452
15348142-73d4-4073-9de6-324114e70666,городской округ Троицк,55.72717675,37.610994351349945,2008.0,464,251,54.0,0.2151394422310757
153dce31-1a3c-4321-b49f-da6bdd930376,Алексеевский район,55.8153497,37.65164607332976,1964.0,117,72,7.0,0.09722222222222222
153e1498-9586-413c-8f45-a05e189daac9,район Сокольники,55.791371749999996,37.673125049999996,1957.0,48,23,1.0,0.043478260869565216
153f7014-57dc-4617-96c3-f4a731ed749b,район Северное Медведково,55.890316049999996,37.65447308990553,1997.0,589,278,21.0,0.07553956834532374
1555dd8b-315d-45b7-849b-b9fcf2df9762,район Ховрино,55.85601885,37.49934176731678,1967.0,289,143,15.0,0.1048951048951049
156037a7-d46b-400f-9d12-5b510daec3b0,Тверской район,55.77757965000001,37.61286733364132,1917.0,25,13,4.0,0.3076923076923077
1567387a-df38-4e90-91c8-25156a4ef130,Тимирязевский район,55.81305625,37.5573202755979,1959.0,106,51,4.0,0.0784313725490196
156bbd2e-45be-436d-9cb3-07540b4fc3bf,Савёловский район,55.79567725,37.57719943380694,1966.0,100,72,28.0,0.3888888888888889
156bfde0-1969-4c20-8d40-a3a1625d7fed,район Измайлово,55.802184350000005,37.79569768440935,1959.0,514,225,3.0,0.013333333333333334
156f2884-6ae7-40f0-bf22-5836391985d9,городской округ Щербинка,55.634359599999996,37.25312510728476,2012.0,991,396,17.0,0.04292929292929293
157778be-c69e-4148-b331-b09c479cc937,Ярославский район,55.8722576,37.70650092504752,1972.0,381,144,9.0,0.0625
1584bfac-716b-4e92-a12d-0a4229892c5e,Рязанский район,55.71497665,37.78673417438752,1970.0,148,80,3.0,0.0375
158f73f1-4ddd-4319-a6dc-0be34c2090fe,Ломоносовский район,55.5416914,37.2041884,1957.0,376,175,14.0,0.08
15976df9-583c-4907-aafb-f3ee2dba3882,Пресненский район,55.758765100000005,37.60024184480114,1912.0,39,23,8.0,0.34782608695652173
159aae94-cf58-4ad9-9aa6-793f476ac0b1,район Кузьминки,55.71044505,37.769171427593534,1965.0,97,68,14.0,0.20588235294117646
15aecdc8-055c-4f80-a781-e637983a6bfb,поселение Московский,55.5890203,37.37779729474761,2009.0,188,128,58.0,0.453125
15b8a002-b1cf-44aa-985f-cc03f32bc0d9,район Беговой,55.7850406,37.576554909774075,1959.0,561,241,17.0,0.07053941908713693
15bc1589-4a67-4bce-a846-cc0bbc00f7c6,Бабушкинский район,55.8577893,37.66331221271645,1961.0,81,40,3.0,0.075
15c0f5a9-1b5d-4227-9349-527e517023b1,Басманный район,55.7612453,37.651324417335616,1902.0,74,44,16.0,0.36363636363636365
15c589dc-4c51-493c-addc-c8724d0d4024,район Проспект Вернадского,55.685200550000005,37.490533283031155,1998.0,299,135,24.0,0.17777777777777778
15c6ce6e-1565-474c-b42c-bb2b87cb47a9,район Южное Бутово,55.536808449999995,37.505882251747266,2011.0,404,230,50.0,0.21739130434782608
15ddfcd1-a539-4987-a333-5d35e8362b6f,район Проспект Вернадского,55.67056245,37.51230267695304,1963.0,137,72,2.0,0.027777777777777776
15e8bc3f-74f7-47c9-a61c-a935b8e070a8,район Хамовники,55.74510805,37.59828243799096,1975.0,233,96,17.0,0.17708333333333334
15eb1584-d70f-4935-8e9e-3813eac04a1f,район Сокольники,55.798949,37.6900674,1963.0,86,68,20.0,0.29411764705882354
15f28b1d-d967-4cfa-90c0-d053eaf7cf51,район Свиблово,55.85507825,37.65636739094488,1971.0,185,100,6.0,0.06
1600bc06-355b-48be-b453-948285736245,Обручевский район,55.6685847,37.54401336258105,1969.0,140,81,13.0,0.16049382716049382
160b12ab-55b3-408e-87e4-e6ccf5d59012,Пресненский район,55.7641948,37.600221980303814,1911.0,60,26,5.0,0.19230769230769232
160c388f-4502-4dd4-9bcf-67482420b44f,район Солнцево,55.66460485,37.41943448414111,1959.0,94,44,5.0,0.11363636363636363
160c98e9-56c1-42ac-ade4-24d1678eaa5c,Савёловский район,55.79475605,37.580426956332715,1964.0,161,80,9.0,0.1125
16228e84-f26b-44df-ad46-c5317363808a,район Щукино,55.79643155,37.456402404431245,1963.0,100,72,23.0,0.3194444444444444
1622945a-cdef-4ff1-aa4d-923415a925c8,район Сокол,55.793410800000004,37.50739253551755,1953.0,143,53,1.0,0.018867924528301886
162ed568-3aaf-473d-b372-2a4d3d814c88,Басманный район,55.7731547,37.70599025303083,2004.0,280,156,47.0,0.30128205128205127
163e718c-9306-49e2-9b2d-55689646784a,район Сокол,55.7930666,37.51155623331134,1952.0,205,80,12.0,0.15
1642ccbe-0770-4b54-91d3-12a3fd736de6,район Проспект Вернадского,55.68124195,37.49586384195824,1979.0,183,92,25.0,0.2717391304347826
16434d46-c004-4cd1-a448-8b9a2ee178d3,район Вешняки,55.7258408,37.812976010337174,1971.0,183,98,5.0,0.05102040816326531
1648838e-7cc1-4700-9b2b-19b51938d129,Тверской район,55.7785917,37.60005380095093,1951.0,174,94,25.0,0.26595744680851063
16524613-c581-42d9-8db7-1fbdc7b05a51,район Марьина Роща,55.80304675,37.614847543574896,1998.0,657,336,52.0,0.15476190476190477
165bb8fc-f71f-4374-9bce-af5762905e4c,район Северное Медведково,55.883950549999994,37.6571448,1968.0,323,176,6.0,0.03409090909090909
1660fbbd-76ed-44b1-a9ff-7369ffa66b38,район Аэропорт,55.80437295,37.531526675056554,1963.0,51,69,47.0,0.6811594202898551
1664a642-42cf-484b-9364-1eeee449c624,район Новогиреево,55.754972499999994,37.81084774349722,2002.0,848,494,137.0,0.2773279352226721
1666462e-f9dc-4409-a082-2ceca44e7642,Алексеевский район,55.82355375,37.66195720486067,1933.0,48,18,1.0,0.05555555555555555
166b195a-6c95-4505-979c-027bea9bfe16,район Хамовники,55.7296279,37.581262572070855,1988.0,74,30,1.0,0.03333333333333333
167095c4-769d-4594-ba29-d8dbcdb38b19,район Северное Медведково,55.873175,37.64506738372137,2006.0,765,386,68.0,0.17616580310880828
16770d81-aaf6-44d4-a445-0168f1229655,район Некрасовка,55.7043137,37.938971500891434,2016.0,288,128,4.0,0.03125
1678ab5d-1b89-4848-8f20-8dc0821a5d6a,Гагаринский район,55.5416914,37.2041884,1953.0,167,70,9.0,0.12857142857142856
167e838f-22d4-44e9-a57a-e5113a330a73,Тверской район,55.77719165,37.59814774455079,1956.0,108,44,3.0,0.06818181818181818
169725de-322e-416c-b9b3-9715c32bf2a8,Савёловский район,55.7945634,37.567301142916605,1965.0,199,135,24.0,0.17777777777777778
16a1dd81-171b-43ba-8375-87c09b030f55,Мещанский район,55.7633005,37.6249831,1892.0,118,54,12.0,0.2222222222222222
16a5c3f3-7ef3-4182-a442-ead228538162,Таганский район,55.751670000000004,37.65539655472482,1954.0,146,72,19.0,0.2638888888888889
16b026a5-dc09-4850-9f49-9bc955e96244,район Северное Медведково,55.89066715,37.65595704859455,1968.0,170,96,4.0,0.041666666666666664
16bc4357-8462-4f18-8b3f-7b081d7a670f,Гагаринский район,55.703520499999996,37.57733739890058,1959.0,110,60,11.0,0.18333333333333332
16d84e9e-f63a-4095-b53d-d19ae64442df,район Беговой,55.778350599999996,37.557626741955424,1932.0,23,13,5.0,0.38461538461538464
16dc518e-869c-4ba7-99df-af9a991547e3,район Бибирево,55.889823750000005,37.59553809794215,1976.0,241,126,20.0,0.15873015873015872
16f8e817-c4ff-4dc5-9582-4431b4155128,район Гольяново,55.81787,37.7976431,1969.0,269,174,36.0,0.20689655172413793
16fce269-6310-42c2-9eda-acd889d3372f,район Раменки,55.69585175,37.51021279757451,2002.0,352,168,20.0,0.11904761904761904
170065d1-7fb1-426b-9f44-b17704ad076f,район Левобережный,55.8729668,37.46326047163618,1995.0,281,135,4.0,0.02962962962962963
170e9071-7e81-4282-bad3-b0e89236e802,район Беговой,55.786982699999996,37.55867109807693,1957.0,139,60,2.0,0.03333333333333333
1719a38b-d77f-4149-956f-bf58474cae8d,район Митино,55.83019635,37.358623949999995,2003.0,120,40,4.0,0.1
171e1764-6141-412f-b81c-e21395362ffd,район Аэропорт,55.79816545,37.54194129450869,1974.0,114,72,23.0,0.3194444444444444
17258bae-ec10-47c1-ae89-ca0fba7f0330,Гагаринский район,55.707383050000004,37.564716155786385,1969.0,13,17,13.0,0.7647058823529411
17269ede-5d85-4346-b3cc-9086aba96198,Мещанский район,55.77676355,37.63116782186371,1915.0,33,16,4.0,0.25
172c354d-14c9-4109-96e4-fffaa42d9246,Тверской район,55.771924600000006,37.596467695754086,1926.0,50,20,5.0,0.25
172d30c1-b7ab-42c2-83e8-cd9b15d2a771,район Новогиреево,55.7531112,37.8171065002207,1968.0,150,79,13.0,0.16455696202531644
172f03db-cf1b-4a3a-8d0e-d3992de07955,Обручевский район,55.659932999999995,37.52330678611946,1998.0,447,199,12.5,0.06030150753768844
173621e2-c12a-4d3a-8335-ec222ee98c0c,район Южное Медведково,55.8679164,37.637646264125564,2011.0,350,144,6.0,0.041666666666666664
17362a87-76a6-4738-be3f-8c8e6d3daacf,район Солнцево,55.6460404,37.4114786878951,1987.0,405,223,26.0,0.11659192825112108
1738ed46-0bf2-4171-95bf-de0a8bbf4172,поселение Сосенское,55.54228885,37.49794230972027,2016.0,207,224,130.0,0.5803571428571429
173e23f0-8ed9-4d19-b783-6ac2777af151,Рязанский район,55.7171442,37.78109918904555,1965.0,166,84,2.0,0.023809523809523808
173e796b-c290-432c-aed7-013159a8db4b,район Кунцево,55.73724045,37.421557774889735,1966.0,147,84,21.0,0.25
1746ce71-4106-4272-980d-0c5f661ff732,поселение Сосенское,55.5428934,37.4917742,2015.0,88,86,46.0,0.5348837209302325
1749d6c0-2282-4590-ab84-ff034c4abfe8,район Соколиная Гора,55.77829655,37.715183522862986,1971.0,170,98,7.0,0.07142857142857142
175735b2-015f-446e-99fa-b6761c4a8511,Тверской район,55.786899,37.5945012,1954.0,381,167,50.0,0.2994011976047904
17597d82-bd6a-4ca3-a82b-fae9b70179bf,район Северное Измайлово,55.807619200000005,37.78106890105768,2006.0,320,155,27.0,0.17419354838709677
175d13ac-112b-4f80-b772-141df7648ce9,район Свиблово,55.86028055,37.642721177150655,1953.0,45,18,1.0,0.05555555555555555
175fb0ca-79f0-4afa-aba8-d2450cf79986,район Орехово-Борисово Северное,55.6094837,37.698633,1990.0,332,192,49.0,0.2552083333333333
1761ce3c-2f78-4090-a31c-6ab8e5b32850,Басманный район,55.7549633,37.653978,1912.0,31,24,14.0,0.5833333333333334
17717285-9f18-48d3-bfcd-fb83e5f5c98c,Хорошёвский район,55.78514625,37.51191285078909,1955.0,148,70,19.0,0.2714285714285714
179cdca4-3ff7-414f-951a-47834aa83421,район Аэропорт,55.8000543,37.543047442862445,1964.0,135,72,3.0,0.041666666666666664
17b48a89-eaa8-4091-abf5-ec72c1947588,район Кузьминки,55.7152715,37.7715173,1964.0,110,72,10.0,0.1388888888888889
17bc5a72-7cda-4879-97cb-f5126295d3f9,район Черёмушки,55.6779518,37.559271260660296,2003.0,234,135,44.0,0.32592592592592595
17da20e5-d8eb-472d-88c2-a8d2030eb624,район Гольяново,55.829394449999995,37.814986009933506,1990.0,583,332,33.0,0.09939759036144578
17e0de07-bf07-48e2-be0f-c1e3e828b970,Рязанский район,55.72758535,37.776905772532565,1969.0,148,84,12.0,0.14285714285714285
17ea814a-c7d9-4d53-98b2-e182e75125bd,район Гольяново,55.81379645,37.81719287662709,1969.0,155,84,7.0,0.08333333333333333
17ef468e-c19c-4abd-96ab-d3e15002bb5e,район Южное Тушино,55.8479709,37.40272751057466,1917.0,16,8,2.0,0.25
17f1df10-893a-4d24-baa5-0daf857a0889,Таганский район,55.73165295,37.66124667931662,1923.0,135,84,33.0,0.39285714285714285
17f44d66-da2e-4f62-9c8f-d4d309d01356,Красносельский район,55.76828275,37.634211430015434,1996.0,36,20,7.0,0.35
17f98af8-d0ca-4a4e-8dd5-d14cb7807b0a,район Левобережный,55.8611389,37.468333545099206,2007.0,274,128,18.0,0.140625
1805e3e7-7502-4733-a3ed-93c8f5cf89c6,район Свиблово,55.852840799999996,37.662046607857135,1970.0,182,100,10.0,0.1
181246bb-58a9-4e60-95ca-a97828fcbde6,район Кузьминки,55.71030795,37.75141094999999,1966.0,170,96,1.0,0.010416666666666666
181c508a-3b07-472e-8a4f-830b2a52a911,район Арбат,55.7496421,37.582231680078266,1949.0,363,185,74.0,0.4
1823f9ae-cc10-466a-874d-3ea56fdcb495,Ломоносовский район,55.680540300000004,37.549263324896124,1969.0,172,111,15.0,0.13513513513513514
1824dd32-71a5-4515-b447-a1c5fa5d73cb,Таганский район,55.7431985,37.67544623205765,1971.0,394,187,7.0,0.0374331550802139
18259d19-cbae-41fa-a929-a3561f518da6,район Аэропорт,55.80398735,37.55125188641676,1967.0,397,178,1.0,0.0056179775280898875
18366314-087b-41fa-81f7-ef2841f14f24,район Куркино,55.892042149999995,37.3867695773521,2003.0,47,109,94.0,0.8623853211009175
183ca8cd-f97e-480e-a4cd-3d4ae2039127,Таганский район,55.7433116,37.66353842291183,1953.0,79,42,13.0,0.30952380952380953
18488891-bfe6-47df-a82f-24e343a04001,Хорошёвский район,55.7751254,37.5415229074183,1956.0,63,32,10.0,0.3125
1850bb37-d2a6-4d25-ad08-b9932552e3cf,Ярославский район,55.868447700000004,37.69856682740466,1972.0,760,287,13.0,0.04529616724738676
185d439d-f7fc-4766-b549-807a83bdc82b,район Чертаново Южное,55.58976245,37.61287325246772,2004.0,584,259,7.0,0.02702702702702703
187f7150-8034-4529-800f-45b91890e8de,район Южное Медведково,55.8716311,37.6467347,1979.0,192,127,45.0,0.3543307086614173
18809f74-f356-44a8-991a-f6538eb72615,район Преображенское,55.80077115,37.70326397109153,1961.0,166,80,11.0,0.1375
1883425c-900d-4bad-b57e-17c130f8e68c,район Проспект Вернадского,55.6769611,37.4883291,1966.0,143,80,11.0,0.1375
18887dba-a383-40b3-bc51-dfd4346c0bd7,Пресненский район,55.76358795,37.5648429,1960.0,274,112,7.0,0.0625
18a35749-bd53-40cb-89ec-b219f82b21c5,Ярославский район,55.8678697,37.70261533026277,1972.0,354,144,17.0,0.11805555555555555
18b71c4b-882f-40bb-97d6-7bfe19075c15,район Тропарёво-Никулино,55.6634027,37.47425766733136,2002.0,660,332,42.0,0.12650602409638553
18b8f2e8-00fe-4997-ae5f-7d4b09bf272d,Савёловский район,55.800915599999996,37.58255525530414,1962.0,149,71,5.0,0.07042253521126761
18bf0acd-b49d-4e81-89c3-c8ff15812383,район Новогиреево,55.7463281,37.80815165335734,1981.0,235,127,11.0,0.08661417322834646
18c722cc-4363-4eb4-b045-2e9c3c8f7bba,Нагорный район,55.66819865,37.61839588040087,1967.0,163,84,3.0,0.03571428571428571
18d2d967-d1c8-47a6-92bd-77b21b112b5c,район Ново-Переделкино,55.64011925,37.36545048417294,1988.0,360,166,20.0,0.12048192771084337
18d44bd8-fea8-4bf0-b9d7-2c599b197c30,район Печатники,55.65579135,37.700538801288374,1951.0,11,4,1.0,0.25
18dbf1e3-117b-4e3b-99fe-ceb00f2cd63a,район Беговой,55.78400015,37.57639231629022,1964.0,281,195,79.0,0.40512820512820513
18e45e84-efa8-4963-80f4-d25ad5725f6a,Красносельский район,55.7699829,37.63674092072072,1998.0,65,43,13.0,0.3023255813953488
18e62333-676d-4848-82eb-eed229d8ff7b,район Текстильщики,55.7206515,37.73923525,1987.0,218,111,14.0,0.12612612612612611
18ec5162-d25b-42b9-b9d8-715ae5c8a7e8,район Метрогородок,55.82548285,37.75881183750847,1967.0,236,140,9.0,0.06428571428571428
18f7b677-9713-499d-b16e-1f4331d5fc63,район Нагатино-Садовники,55.6809418,37.6628347,1966.0,322,162,14.0,0.08641975308641975
1904b3f3-1672-4a6c-bb7b-1d7d412a98cc,Бабушкинский район,55.8617632,37.672683040358365,1956.0,102,40,4.0,0.1
1908849a-3bec-4460-9069-400909b99f17,район Москворечье-Сабурово,55.6438542,37.65140817083997,2005.0,716,320,17.0,0.053125
19096b0f-ed32-4ea2-9882-32086f895efa,район Измайлово,55.8006656,37.775503549999996,1967.0,153,84,10.0,0.11904761904761904
19139853-598d-45a8-988b-a2a1a8c712cd,Войковский район,55.838508,37.4827631,1969.0,211,103,5.0,0.04854368932038835
191424c6-f354-4cba-a55a-dbdf6c29380d,район Хамовники,55.74619615,37.60137659367024,1929.0,79,41,13.0,0.3170731707317073
1919faa2-42b1-4041-add7-e30ef2e1ac78,Головинский район,55.84671085,37.489731859467526,1968.0,135,81,23.0,0.2839506172839506
191e2497-6505-46de-8207-29a35489e023,район Хамовники,55.741485499999996,37.5911378036637,1968.0,123,59,11.0,0.1864406779661017
19242f9f-0990-4f19-a857-131e0c58a5a8,Таганский район,55.738089849999994,37.673195557900826,1926.0,128,51,5.0,0.09803921568627451
1928d8a0-1bce-44d2-adf7-6738ca6dc551,Таганский район,55.7455169,37.665476290077066,1886.0,44,23,6.0,0.2608695652173913
192ac7a4-a548-486e-9789-548563840a5d,Басманный район,55.75539595,37.64090418463258,1860.0,40,20,4.0,0.2
193074af-eaf9-4465-b643-883b08150e65,район Щукино,55.79513235,37.491063901604136,1951.0,130,50,1.0,0.02
1930a0a9-4891-4bc5-a87c-915a3838eae8,Алексеевский район,55.81941595,37.645614300000005,1962.0,96,71,19.0,0.2676056338028169
193f9404-bf50-4f1f-8164-f5178ca9f948,Тверской район,55.76950805,37.617457261951884,1913.0,35,15,4.0,0.26666666666666666
194220d3-83bf-4baa-917f-e45fb0f80839,район Котловка,55.6669931,37.590353549999996,1969.0,152,84,11.0,0.13095238095238096
196b1dee-a648-4528-80e0-5a0c60036389,район Восточное Дегунино,55.872244699999996,37.56200615,2008.0,161,80,1.0,0.0125
19724ff3-80f2-4cd2-8de5-e28ff82af49a,район Преображенское,55.8023258,37.72545891595868,1971.0,557,282,42.0,0.14893617021276595
1977b4ed-8ba2-4022-9842-1e61012429f6,район Марьина Роща,55.78579105,37.61047128565737,1981.0,187,79,9.0,0.11392405063291139
19853780-154d-43fd-b36a-97eead6cd219,Пресненский район,55.759352,37.594024991417854,1893.0,52,46,24.0,0.5217391304347826
198d8802-70ec-42bc-ab3a-a194c1ec10cc,район Соколиная Гора,55.7900162,37.73996278558634,1964.0,133,68,6.0,0.08823529411764706
198ea6fc-4d27-4c08-a17e-a6edc83f7705,район Черёмушки,55.67447985,37.570026398057514,1961.0,159,75,6.0,0.08
198f35bb-4c2c-4531-8c3f-61b7942653ae,район Новогиреево,55.7504891,37.788706266084645,2006.0,602,383,146.0,0.381201044386423
1991ad7c-4399-42f4-a8c2-0c8c3b2d22fe,район Измайлово,55.7885669,37.78200352368677,1962.0,99,60,12.0,0.2
1995e3f7-4eec-4b55-885d-5b2afab8fbb7,поселение Краснопахорское,55.43452345,37.3250873935514,2015.0,14,12,7.0,0.5833333333333334
19a6c4b5-9447-4b4d-b4d1-9f0cb2ab03fc,район Зюзино,55.656530599999996,37.57785175357142,1965.0,153,84,19.0,0.2261904761904762
19b19d55-d23e-4477-b776-4fd157b1d46a,Красносельский район,55.77057105,37.66357853639748,1850.0,27,12,3.0,0.25
19cb46cc-24e7-4408-a222-4a91d0816c56,Алексеевский район,55.815380899999994,37.63952860436157,1934.0,18,20,13.0,0.65
19d8ad70-e121-4603-aab5-0d2f2cc138b0,Гагаринский район,55.706829150000004,37.58290790000001,1961.0,850,423,56.0,0.13238770685579196
19f18778-02ea-49aa-9d10-45924d0f93eb,район Ивановское,55.77530265,37.8210215,1978.0,352,190,9.0,0.04736842105263158
19f6c994-a772-4b06-8389-663244a54507,Мещанский район,55.7830593,37.63937373347703,1928.0,218,109,21.0,0.1926605504587156
1a06e76d-28f5-487b-9f24-6966dce863bc,район Текстильщики,55.704261900000006,37.744579607708886,2001.0,1087,509,28.0,0.0550098231827112
1a0785b5-35da-4201-a105-59f80c18f2de,Алексеевский район,55.81975195,37.65037735,1970.0,200,111,17.0,0.15315315315315314
1a079adc-9876-4eb8-869f-46b5680d77a9,Обручевский район,55.664297250000004,37.52587915,1962.0,127,72,1.0,0.013888888888888888
1a1e17b4-0f11-411d-a22e-13a485547b67,район Богородское,55.81259265,37.716614392498414,2006.0,310,206,74.0,0.3592233009708738
1a234616-919d-4c11-864d-a773a56d889b,Красносельский район,55.77022315000001,37.635120685297935,1912.0,56,24,4.0,0.16666666666666666
1a2edf60-668b-4877-a2f9-6bf5aa40fb8d,Ярославский район,55.86167825,37.69665019239211,1988.0,376,225,59.0,0.26222222222222225
1a3164b5-3009-4599-832a-ba77f771ef41,район Выхино-Жулебино,55.6942429,37.81999618063507,1976.0,225,111,2.0,0.018018018018018018
1a33ea33-a216-4f26-81bf-611ffbd16187,Мещанский район,55.78906695,37.63426738469049,1939.0,185,83,19.0,0.2289156626506024
1a3c4b13-ab66-4c40-91c3-6bb50c0be825,Рязанский район,55.7225975,37.786700455046585,1961.0,69,40,7.0,0.175
1a5aedad-a9f8-4392-ac09-b1f25cd8257f,поселение Сосенское,55.567826100000005,37.471668633663384,2012.0,272,192,77.0,0.4010416666666667
1a85d3d6-f846-40c4-8821-49d57c8e0d11,район Щукино,55.796423250000004,37.48527887480585,1951.0,83,49,11.0,0.22448979591836735
1a863018-5278-4617-b1db-379eaebcf58b,район Чертаново Северное,55.6326042,37.58907673276501,1984.0,181,113,20.0,0.17699115044247787
1a888897-d2fc-4ae1-b5b5-3c3fd5f89090,Тверской район,55.7834848,37.59774426302488,1996.0,12,8,5.0,0.625
1a997121-f16c-47c5-8809-ac56da7cd721,Пресненский район,55.76212425,37.589016993331754,1963.0,97,72,20.0,0.2777777777777778
1a9a92f2-cd6a-4e6a-9620-99d57d1722ae,Пресненский район,55.7657047,37.5949869,1910.0,118,70,34.0,0.4857142857142857
1a9f2f65-1afd-485c-9e2d-6cc5f67763cf,Ломоносовский район,55.6731113,37.54281136098221,2007.0,613,375,159.0,0.424
1a9ff622-4c3f-4f53-b3df-a9105589b7b5,район Свиблово,55.853749449999995,37.662043369535446,1971.0,180,98,6.0,0.061224489795918366
1aa94d63-3719-4a3f-920c-414a3863612d,район Проспект Вернадского,55.669425000000004,37.50899255,1973.0,301,140,5.0,0.03571428571428571
1ab19a09-308b-45b3-90b3-2f4b6ede0a6b,район Замоскворечье,55.72095625,37.6185536527052,1927.0,132,53,3.0,0.05660377358490566
1ab1e492-34c9-4b70-8fee-165723d2f50e,район Щукино,55.79643885,37.45989460443124,1964.0,119,72,10.0,0.1388888888888889
1ab717e0-c78b-4406-a8c0-d9ef802100dd,Бескудниковский район,55.86019355,37.5631141,1965.0,110,72,18.0,0.25
1abbe9e6-b349-44f8-91af-213320ac43a1,район Раменки,55.7172552,37.5225283448199,1972.0,173,72,5.0,0.06944444444444445
1ac57c57-a9bd-4b3d-afb4-d98fe942365e,район Западное Дегунино,55.86837655,37.53707782986536,1967.0,132,80,14.0,0.175
1ac773fe-d39f-4f8d-9f1e-bc448684e1e3,Академический район,55.6866726,37.5729914,1957.0,1012,445,36.0,0.08089887640449438
1ac8479a-18a0-433e-afb1-19c4489279a7,район Богородское,55.80521005,37.71284761394553,1971.0,520,216,13.0,0.06018518518518518
1adb9386-c2b6-4617-872f-129b878981fd,район Измайлово,55.79432595,37.77374546037021,1964.0,127,60,7.0,0.11666666666666667
1adcaaa5-4a3b-4af6-a08b-93d2c066fcb4,район Хорошёво-Мнёвники,55.7824646,37.44791432118129,1969.0,188,98,15.0,0.15306122448979592
1ae66aca-9199-4962-b7df-af66dc558885,Бабушкинский район,55.871398600000006,37.66646662615573,1981.0,567,285,12.0,0.042105263157894736
1ae8a881-a34d-4443-b3e5-36f3a3218d96,район Замоскворечье,55.726761499999995,37.62835849966994,1966.0,76,70,31.0,0.44285714285714284
1aec0dac-a429-4043-929a-1a0a6a8fa60b,Обручевский район,55.6566639,37.51842605,2004.0,317,168,17.0,0.10119047619047619
1af08df3-635e-4b56-a5fc-7c7b0b1ca302,Бескудниковский район,55.8689614,37.55371595,2012.0,360,169,3.0,0.01775147928994083
1af364d6-74b0-447d-89d7-0e7d377854ee,район Беговой,55.7946197,37.562805243078756,1972.0,166,98,10.0,0.10204081632653061
1b01a388-0a7b-4215-8454-427c3f078365,Обручевский район,55.666486899999995,37.523185063209596,1962.0,124,72,2.0,0.027777777777777776
1b0a1243-5507-4390-b592-e017d06db20b,Тверской район,55.787664449999994,37.5890582974193,1964.0,122,60,1.0,0.016666666666666666
1b0ee0e9-fafb-4370-b9f2-ffc390523c78,район Строгино,55.80365655,37.39599338850735,1980.0,337,186,14.0,0.07526881720430108
1b10eafb-0f6a-42d3-a7a6-b00bf0801931,район Текстильщики,55.70401015,37.73459545620177,1954.0,144,62,1.0,0.016129032258064516
1b11aa3e-0f4c-48d7-9110-f63e1ded34e9,район Южное Бутово,55.544492500000004,37.54818962300631,1995.0,257,263,158.0,0.6007604562737643
1b1435af-6241-4d14-859e-c7c9de9ec7e1,район Хорошёво-Мнёвники,55.775361450000005,37.46101863650662,2016.0,453,227,20.0,0.0881057268722467
1b179231-f25b-40f2-8cda-fc76dbc29b79,Таганский район,55.72812965,37.677149665922556,1965.0,116,67,3.0,0.04477611940298507
1b220738-5067-4ba8-8b17-74a2f94972e6,поселение Московский,55.5999379,37.360212177982106,2016.0,77,149,116.0,0.7785234899328859
1b24a190-e795-4e04-8f5d-379d0f5cda01,район Северное Измайлово,55.805810199999996,37.79412959475955,1958.0,153,80,13.0,0.1625
1b2fd070-5ddd-40c4-9a9a-a228ccb87ed0,район Кунцево,55.73653015,37.42537678785316,1976.0,143,70,7.0,0.1
1b37db4e-28c3-4222-b203-c89c40b7e591,Мещанский район,55.76295025,37.626371143855586,1917.0,30,18,7.0,0.3888888888888889
1b496d12-1ac4-4afe-8eef-2483d6e1338b,район Кунцево,55.73646455,37.432416599999996,2006.0,214,109,30.0,0.27522935779816515
1b4d4bd1-6ed1-4507-ba7b-34f470c58cfc,Алексеевский район,55.81583965,37.65812897978044,1971.0,156,98,19.0,0.19387755102040816
1b50a595-5649-48f2-adf2-62f01700bdb6,район Новогиреево,55.750313750000004,37.80626135,1967.0,164,84,2.0,0.023809523809523808
1b73d80e-d137-41d1-b66b-8703d4d4f857,район Очаково-Матвеевское,55.508215,37.2200714,2011.0,298,156,36.0,0.23076923076923078
1b79d0db-f3f4-4c8e-a022-e8ecbb04ed46,район Некрасовка,55.699071599999996,37.92799403098457,2015.0,500,256,54.0,0.2109375
1b7a90f6-cc95-4f51-bb49-47cfe051df6e,район Левобережный,55.8668067,37.4688513068661,1973.0,361,214,48.0,0.22429906542056074
1b7cdcfc-8a6f-46be-9cca-22cf4907f838,район Хамовники,55.73878205,37.57647956361794,1996.0,74,37,8.0,0.21621621621621623
1b7d4d17-746b-461b-aa38-9fbb0bcaab6e,район Сокольники,55.7873193,37.68375309388408,1968.0,118,84,31.0,0.36904761904761907
1b7d9116-96dd-426d-8405-568478358a7b,район Раменки,55.716660399999995,37.51975313290559,1972.0,221,94,6.0,0.06382978723404255
1b7fd1ae-736e-4c92-9898-62f3b0e730be,район Восточное Измайлово,55.789245449999996,37.80454981321874,1962.0,103,68,11.0,0.16176470588235295
1b8a2064-2b2e-4889-85fe-7885ef2f6502,Ярославский район,55.85410005,37.68443478682127,1971.0,468,213,4.0,0.018779342723004695
1b924f99-55c3-4727-bd44-aa91c9338014,Ломоносовский район,55.674409600000004,37.53517763514412,1963.0,91,72,21.0,0.2916666666666667
1b9959c5-4e02-4d54-ad9f-46bcd3f17304,район Зюзино,55.6560714,37.59638171800136,1963.0,114,72,20.0,0.2777777777777778
1ba4c957-e8e2-40c9-9083-321efabb7e46,район Филёвский Парк,55.73545265,37.48825513199219,1960.0,174,80,7.0,0.0875
1baa72fc-715b-49a0-a310-c0db62352a6a,район Сокол,55.80519375,37.499324220505684,1964.0,112,60,12.0,0.2
1bb9347e-32ba-4baa-8298-59971d12cd49,поселение Сосенское,55.56829585,37.47290882879945,2011.0,356,177,36.0,0.2033898305084746
1bc00c34-b7d1-4d75-9abf-479ab880ace6,Пресненский район,55.76590405,37.5925552906625,0.0,136,55,8.0,0.14545454545454545
1bc06946-df10-4692-96cf-6a8a5ed9183b,район Зюзино,55.64846065,37.59753797124726,2003.0,894,491,108.0,0.219959266802444
1bc8b3c3-0cbc-4885-9acc-7353948e518b,район Лефортово,55.756983899999994,37.683313884319986,1974.0,187,109,27.0,0.24770642201834864
1bd128d3-f572-4981-a1bd-7975d44fde14,Тверской район,55.76880065,37.60478797050096,1917.0,15,6,1.0,0.16666666666666666
1bd60765-89a6-47e3-b47b-63c1fb5c0187,район Сокол,55.7973662,37.506624053469004,1965.0,284,159,17.0,0.1069182389937107
1bfb59c6-25dc-4707-b8e3-9939467b540e,район Кузьминки,55.7011504,37.76218245,2007.0,214,156,64.0,0.41025641025641024
1c0c5903-69cf-4401-8fd2-79b7a0f0e2b8,район Выхино-Жулебино,55.7040018,37.81463989567632,1969.0,160,98,19.0,0.19387755102040816
1c11d5db-9fa6-4195-af4a-d5a22ce0e54a,Нагорный район,55.6589443,37.6079486,2000.0,330,152,20.0,0.13157894736842105
1c14d9f1-8391-4cf2-a250-4655fd981a21,район Чертаново Северное,55.63317015,37.59699961418404,1973.0,214,95,13.0,0.1368421052631579
1c35539f-ea95-4a21-934f-557ceae1bc03,район Сокольники,55.794834699999996,37.698125696185265,1973.0,200,108,3.0,0.027777777777777776
1c38888d-655a-4c8b-a1f8-b78a618b0619,район Сокольники,55.7942369,37.68440925,1973.0,295,145,12.0,0.08275862068965517
1c43e412-1bd0-4793-b77b-ed860fcef111,район Свиблово,55.8539819,37.64732135,2004.0,981,513,112.0,0.21832358674463936
1c464d5a-7edb-4635-bf11-d44a9e186e00,район Замоскворечье,55.73421105,37.636356479714486,1887.0,11,5,2.0,0.4
1c4c007e-c821-46ba-8955-6d26addcec79,Войковский район,55.819980599999994,37.489849234363255,0.0,169,96,19.0,0.19791666666666666
1c5c3438-2695-4587-a94a-2d88c07b4ffc,район Соколиная Гора,55.78011345,37.73185677462011,1968.0,287,178,49.0,0.2752808988764045
1c726b87-ce2a-44a6-b0b3-a52eeffecad9,район Беговой,55.7862565,37.5830664,1937.0,177,95,21.0,0.22105263157894736
1c7edafa-18b5-46b5-8b30-8dedeb1c9d57,район Арбат,55.7519035,37.58093713865591,1928.0,118,52,1.0,0.019230769230769232
1c950b03-5990-4fc3-a8b0-022244826a33,Пресненский район,55.7625772,37.57287583792676,1963.0,106,71,25.0,0.352112676056338
1c9fe350-491a-467b-ac0f-465b2832979e,Басманный район,55.756430949999995,37.653345303215474,1909.0,36,16,3.0,0.1875
1ca2c486-9433-4a04-b9e1-ca1e954238e5,район Арбат,55.75144265,37.57825295000001,1917.0,89,49,9.0,0.1836734693877551
1ca7a0a4-b4c0-4abd-9022-2ba37c46a8bc,район Хорошёво-Мнёвники,55.7850387,37.471933875802975,1962.0,114,68,9.0,0.1323529411764706
1caacece-24e6-435f-9d45-31b4d1b67914,район Проспект Вернадского,55.68113695,37.48651115197704,2001.0,689,257,15.0,0.058365758754863814
1cb1ff65-8c75-43dd-8df9-7ded8510c85e,район Чертаново Северное,55.6399757,37.6131866469712,1988.0,1235,598,30.0,0.05016722408026756
1cb746e5-d79f-4618-bda6-9cc7a54ef762,Басманный район,55.75936435,37.642705723802834,1917.0,15,9,4.0,0.4444444444444444
1cc2712d-3a7f-4301-94d2-da29b3222daf,район Измайлово,55.79229465,37.77102807972996,1960.0,128,60,2.0,0.03333333333333333
1cc4578c-c9f6-49a9-83f6-4c67c64c39c4,район Левобережный,55.8655132,37.4642128,1966.0,483,284,66.0,0.2323943661971831
1cc6be85-bbce-406a-8b24-ecbcb81a12b5,район Кузьминки,55.699469300000004,37.773187650000004,1961.0,117,71,6.0,0.08450704225352113
1ccacd5b-6106-4c10-9938-b54769025c78,Рязанский район,55.71466705,37.74766260614956,2006.0,964,527,188.0,0.3567362428842505
1ccd05f2-fe57-4520-9e84-c7d0e1890188,Бабушкинский район,55.8599167,37.673238877738655,1967.0,149,84,13.0,0.15476190476190477
1cd6b0cb-0e18-413c-9c8e-9160d5a42803,Савёловский район,55.80629055,37.573027866540315,1962.0,124,60,6.0,0.1
1cd98afc-b0c9-4e0f-9054-67e35504dc0a,район Якиманка,55.7246713,37.60793745124721,1954.0,119,51,12.0,0.23529411764705882
1ce9182d-ffa9-4a12-a10b-5f7036889183,район Коптево,55.81998555,37.526527738951046,1962.0,256,120,7.0,0.058333333333333334
1ce9685f-5159-4bd2-bc08-991191bb2c43,район Замоскворечье,55.739009100000004,37.6439698221353,1944.0,274,127,45.0,0.3543307086614173
1ce970f1-87c6-41c2-a1c4-5bf84f93b5f2,район Тёплый Стан,55.6191444,37.4979172,2008.0,370,191,49.0,0.25654450261780104
1cee57ec-ca7f-41c1-80b7-c7872f178cf2,район Вешняки,55.7252689,37.81596171210525,1999.0,279,134,13.0,0.09701492537313433
1cf3bdff-e6ac-4087-9ab8-553ec847f2bb,район Свиблово,55.85335715,37.644677272150425,1962.0,120,72,5.0,0.06944444444444445
1cffb31b-34be-4e37-8e06-a75f37b3564d,район Раменки,55.7156114,37.520921519230704,2007.0,164,121,53.0,0.4380165289256198
1d12b199-589e-4dad-b239-b6807b1301b6,район Кунцево,55.7412643,37.43509068487556,1995.0,291,127,7.0,0.05511811023622047
1d1b2647-2b43-4e6a-8cf7-a759bf79cb98,район Северный,55.935524799999996,37.55890629464888,2008.0,1197,592,42.0,0.07094594594594594
1d288a6e-6e3f-4385-a269-a63f837f2068,район Зюзино,55.643049950000005,37.60010917409588,2003.0,289,184,56.0,0.30434782608695654
1d2b1bea-f2ba-479c-be24-9605725d2340,район Кузьминки,55.70300915,37.75371238286104,1999.0,178,72,2.0,0.027777777777777776
1d2e816b-e94f-4dc7-a292-13c64d11b721,район Северное Бутово,55.5648081,37.582981989612094,2004.0,204,261,183.0,0.7011494252873564
1d35cf10-28bc-43b9-84be-b7dad4b2d260,Рязанский район,55.71636475,37.7776745,1965.0,119,72,13.0,0.18055555555555555
1d3dcf62-e0e1-4dd3-9b79-32563fd6fd5d,район Преображенское,55.79264525,37.71437612362182,1972.0,278,165,38.0,0.23030303030303031
1d3dda80-f84b-4437-9845-4e22b681f4e7,поселение Сосенское,55.5658674,37.471019074652745,2013.0,577,413,153.0,0.3704600484261501
1d46b169-e5e2-44c1-b18f-2b578398c94c,Бутырский район,55.81842065,37.5838097534749,1960.0,120,60,6.0,0.1
1d53c3e9-eb04-430b-9af1-4271b7c0c356,район Аэропорт,55.80752595,37.52296416106637,1959.0,144,60,5.0,0.08333333333333333
1d5b5ef6-feab-4900-823d-2608b012409f,Басманный район,55.7763824,37.68445889514302,1999.0,378,221,41.0,0.18552036199095023
1d5d987d-1a40-480e-96f0-efc02e0b838a,район Строгино,55.8127951,37.40033286917587,1979.0,197,213,139.0,0.6525821596244131
1d638492-6f43-4a5e-9c26-51100a0578fe,район Преображенское,55.80274369999999,37.722055692062796,1972.0,302,214,75.0,0.35046728971962615
1d661f58-a373-4730-be0a-92062a517385,район Раменки,55.7263255,37.524942526376336,1971.0,192,98,2.0,0.02040816326530612
1d682482-33d5-4cf3-9b97-005c4f57f52a,Алексеевский район,55.8233438,37.655058330565254,1977.0,175,90,3.0,0.03333333333333333
1d75442d-279f-4880-9534-e91fc91a5dc0,Таганский район,55.75230045,37.642894819571126,1917.0,59,24,1.0,0.041666666666666664
1d77061f-c726-44f9-bb0c-870fd8e28429,район Сокольники,55.796225750000005,37.684485874379476,1958.0,34,16,4.0,0.25
1d8b420e-0ffc-4502-9411-d8f80fbb2f48,район Новогиреево,55.74936515,37.811757899999996,1968.0,134,96,29.0,0.3020833333333333
1d8f6e31-9f31-45cf-ae58-126057e2eb15,поселение Филимонковское,55.54925995000001,37.3269802,2010.0,43,24,6.0,0.25
1d95602d-9672-415f-acb5-ec68026f4133,район Левобережный,55.867763350000004,37.47355270110887,2013.0,465,259,79.0,0.305019305019305
1d982b51-be19-4c73-81a0-87fff89cd315,поселение Филимонковское,55.550814349999996,37.325345892648,2014.0,17,18,11.0,0.6111111111111112
1d9a66e7-ec95-4e57-9967-7709691deaa5,район Черёмушки,55.674117800000005,37.560680510920506,2009.0,622,276,15.0,0.05434782608695652
1d9da327-a9e9-49ae-8d4a-3ed038eac4ab,район Новогиреево,55.746889249999995,37.79445668173912,1968.0,171,84,9.0,0.10714285714285714
1d9e6fe2-c1d0-42e3-b809-57adba4ec7db,район Арбат,55.7543828,37.58099468936864,1917.0,115,51,17.0,0.3333333333333333
1da4540e-f98f-4df4-ad73-e0797e70f7f8,район Ростокино,55.83023525,37.664057902878724,1970.0,190,98,16.0,0.16326530612244897
1db6c86f-77cd-46b8-8170-9debbd7d33cc,Таганский район,55.75281015,37.64115396157464,1900.0,13,8,4.0,0.5
1db9c670-1626-4417-9d1a-81538b6f6532,район Замоскворечье,55.737608800000004,37.644629424954715,1953.0,666,263,55.0,0.20912547528517111
1dc73f30-e1ed-49c3-805d-0d774340386d,район Северное Измайлово,55.80418025,37.8166926,1966.0,152,96,11.0,0.11458333333333333
1dd62436-b33b-4f70-ac1c-dae9060811d4,район Ново-Переделкино,55.64130265,37.3675821,1988.0,360,166,20.0,0.12048192771084337
1dde9d0c-4479-4a13-a4e6-669b6155f1a3,Нижегородский район,55.732502999999994,37.71780254999999,1964.0,119,71,12.0,0.16901408450704225
1de23e54-4b71-4078-a90e-4cce5cdb0e80,Мещанский район,55.7700536,37.63056416644737,1904.0,43,21,6.0,0.2857142857142857
1dfa7ae9-63df-41ff-b9dc-095ca53d8a64,район Коптево,55.82688185,37.51866306064023,1965.0,202,108,2.0,0.018518518518518517
1dfc5189-3849-4062-b1f4-e00585f7f412,поселение Московский,55.59379535,37.367035349999995,2012.0,265,182,80.0,0.43956043956043955
1e07e1b4-c6da-439d-b24a-1e7fc54663ba,район Зюзино,55.6515591,37.5823613,1976.0,183,98,26.0,0.2653061224489796
1e092f3e-b7f7-47c4-8f1a-e652c32fe1d1,район Северное Измайлово,55.8066424,37.7815509248521,2006.0,574,266,35.0,0.13157894736842105
1e0c9135-e769-4e42-a5fe-d67cb9caa4ff,район Северное Медведково,55.8865716,37.6624733,1972.0,205,160,19.0,0.11875
1e106786-0246-4c9b-bf64-adc68ed9bd8f,район Хамовники,55.722668049999996,37.58402200477131,1959.0,863,375,4.0,0.010666666666666666
1e1e365f-737e-477a-a38f-55ba884482df,район Коптево,55.84185715,37.53088648971143,1999.0,417,203,47.0,0.2315270935960591
1e2177b2-43a3-4fbc-8708-320a9281cf57,район Кунцево,55.72990455,37.418988299999995,1958.0,73,33,3.0,0.09090909090909091
1e2efecc-c5a8-412f-bceb-538c36c3ef84,Тверской район,55.780892699999995,37.588943283972114,1959.0,76,40,7.0,0.175
1e323401-67be-48d5-b414-ab3a4da592b3,район Выхино-Жулебино,55.686299700000006,37.847975378378386,1996.0,318,134,7.0,0.05223880597014925
1e388771-8f8a-4670-a00a-d1dd5e9fb314,Басманный район,55.7689497,37.67837169647181,1964.0,104,68,16.0,0.23529411764705882
1e3a584f-c539-47ef-96a3-f5f0a9d4f135,район Коптево,55.829280350000005,37.52337643059685,1967.0,142,84,17.0,0.20238095238095238
1e3c0870-701c-4564-80cb-e7c025de8894,район Ховрино,55.8628906,37.494414392960465,1970.0,189,98,2.0,0.02040816326530612
1e417a4b-43c5-4c97-afed-788b88a03806,район Сокол,55.796744000000004,37.509337803977274,1966.0,85,72,30.0,0.4166666666666667
1e5a4d2a-7036-449d-afc5-e853e16b1964,район Кунцево,55.73085915,37.43756071716936,1970.0,294,144,24.0,0.16666666666666666
1e6ffac9-e5c8-428d-81cf-a8205eb9303a,Савёловский район,55.799659750000004,37.56695335874439,1965.0,120,84,27.0,0.32142857142857145
1e7270f8-5e73-4bb0-8c73-c7292c9f9c0a,район Раменки,55.7128947,37.51259491491268,1959.0,145,79,7.0,0.08860759493670886
1e72dc8c-fac6-4dab-bc6f-40f080975c5d,район Измайлово,55.7948855,37.7758924,1963.0,223,112,5.0,0.044642857142857144
1e7fe976-91d8-4233-96a1-88b74f9599ab,Мещанский район,55.7919001,37.624357134535074,1966.0,137,72,5.0,0.06944444444444445
1e8c37cc-7ec5-4274-93d7-7c7ac85e34df,район Некрасовка,55.7045569,37.9158043,2010.0,616,259,29.0,0.11196911196911197
1e8e2f9e-362d-4b3d-aa44-7029bf9a48f6,поселение Воскресенское,55.52420755,37.51263074736623,2013.0,562,436,198.0,0.4541284403669725
1e8f8586-21c9-4df9-a889-ed1359a03374,район Гольяново,55.8198282,37.81883875,1968.0,163,84,3.0,0.03571428571428571
1e9c7d9f-1aab-437d-a5bd-a0598147779a,район Раменки,55.7028367,37.5102721,2005.0,748,535,172.0,0.32149532710280376
1ea30640-6d94-4aa4-9979-5fc4a1c38a0a,Басманный район,55.77910125,37.7048088,1955.0,288,124,24.0,0.1935483870967742
1ec6b742-01f0-4e95-a4a0-b0d578773775,район Гольяново,55.8247762,37.8224794,1971.0,524,215,1.0,0.004651162790697674
1ecd0113-15dc-4fc3-9780-6b15e8920135,район Филёвский Парк,55.746128299999995,37.5023801,1963.0,129,80,28.0,0.35
1edaf29a-2448-4b4d-ad44-2cb1ee063f32,район Солнцево,55.654747,37.408766911302735,2009.0,1071,451,44.0,0.0975609756097561
1ee37cb9-d13e-4191-b925-28374a957b05,район Вешняки,55.727918200000005,37.80910965,1971.0,184,101,8.0,0.07920792079207921
1f051686-5c87-409c-9077-ca44555c7128,район Южное Медведково,55.86881915,37.63832459210116,2009.0,246,143,60.0,0.4195804195804196
1f1411a9-a26e-47fe-9168-74242686e6ff,Басманный район,55.7740688,37.7079586746337,2003.0,297,151,27.0,0.17880794701986755
1f1c3d74-fc3f-403b-a851-65b69e370f31,Тверской район,55.7584204,37.6132652,1938.0,245,147,73.0,0.4965986394557823
1f21866d-ee72-4197-bfe9-3ad76ac651c7,район Тёплый Стан,55.6278777,37.5122621402046,1987.0,601,327,46.0,0.14067278287461774
1f27fdf7-d4c3-4824-a05a-260bf5d684e6,район Западное Дегунино,55.87958555,37.51131244999999,2013.0,242,128,23.0,0.1796875
1f2f1658-4586-4e81-b242-3d0dca0e2c08,Пресненский район,55.7613623,37.58868085984163,0.0,40,21,5.0,0.23809523809523808
1f3a3853-9212-4934-9e2b-20d36c9a3c28,Бескудниковский район,55.87138675,37.55538869312875,1965.0,137,72,10.0,0.1388888888888889
1f42ca1c-cf52-4879-b76b-8d895bd61cb0,район Перово,55.74875625,37.77717780512735,2001.0,270,104,14.0,0.1346153846153846
1f4a04af-893f-4a0c-8543-1eb3107cf651,Войковский район,55.81607655,37.491811982640336,1962.0,126,60,10.0,0.16666666666666666
1f4dd67a-ad55-40de-9e62-e171422f19b1,район Царицыно,55.6213847,37.6577571,1972.0,184,160,41.0,0.25625
1f52943c-292d-4709-9227-c48a693e1985,Таганский район,55.7404132,37.6617042,2004.0,72,46,19.0,0.41304347826086957
1f5c5306-3a1b-407b-80ae-5993a4f42e03,район Выхино-Жулебино,55.69763595,37.79686578604611,2003.0,316,193,59.0,0.30569948186528495
1f5d89b2-19f5-4833-8fd7-f3df68c94c26,район Арбат,55.7499056,37.5848592,1916.0,12,10,5.0,0.5
1f606ed8-18ff-478a-80d4-84a33b31a88b,район Зюзино,55.656807799999996,37.59083835,2000.0,226,103,21.0,0.20388349514563106
1f667a56-9e55-433e-b7e7-8b63c6e0765d,район Черёмушки,55.672272750000005,37.577199074551054,2000.0,1218,576,84.0,0.14583333333333334
1f6785c6-a5d3-4caf-9034-25865d2d7f7d,район Ростокино,55.840335249999995,37.6604964,1966.0,189,96,8.0,0.08333333333333333
1f6de080-2df8-44a7-b7ff-c91c99fc601d,район Ростокино,55.83674445,37.6659939476249,1973.0,212,98,4.0,0.04081632653061224
1f73dd97-a806-4069-99bd-8a1f940010da,район Восточное Измайлово,55.80248805,37.80639432827825,1960.0,184,87,10.0,0.11494252873563218
1f86234b-bc16-4090-8479-1fbc3f7375f2,Алексеевский район,55.82039575,37.6566131223783,1961.0,92,49,3.0,0.061224489795918366
1f8d2a4c-c5fa-4d42-be75-79ab29f0e8cc,район Южное Тушино,55.8460123,37.42469854797129,1966.0,121,72,13.0,0.18055555555555555
1f964d3a-0c70-43be-ac48-31d95c39118c,район Перово,55.757791749999996,37.77832212256516,1962.0,123,60,6.0,0.1
1f9928f5-85fd-4963-9b42-9404a1fd30af,район Бибирево,55.890116750000004,37.601326225952604,1974.0,629,287,3.5,0.013937282229965157
1f9eb3be-6507-4390-baa3-098038fc84c1,район Измайлово,55.790843249999995,37.79005564843128,1976.0,155,102,36.0,0.35294117647058826
1f9f024a-471a-4bf6-b66c-dad9d4a84128,Мещанский район,55.7679409,37.6279182,1917.0,26,13,4.0,0.3076923076923077
1fb7b9b0-f15d-4e72-8f23-a695418a39c1,район Тёплый Стан,55.6283492,37.487300627595346,1975.0,482,216,24.0,0.1111111111111111
1fc0fa3d-df49-404f-9277-d17078e9c1cc,район Тёплый Стан,55.6268927,37.48305863437339,1973.0,276,178,24.0,0.1348314606741573
1fc161a6-8222-4bba-b6e1-c7b8eb1f9200,Тверской район,55.7710619,37.60234727473765,1917.0,14,6,1.0,0.16666666666666666
1fc4d709-d033-4ca1-8aaa-aad72453d89e,район Вешняки,55.723433299999996,37.83568745,1972.0,200,98,16.0,0.16326530612244897
1fc756ae-0c9d-44cc-ba28-6539fba4240b,район Сокольники,55.79532845,37.69395534121897,1926.0,125,53,5.0,0.09433962264150944
1fd53ee7-4e99-4f68-89da-f36bc0f00fd3,район Некрасовка,55.708775900000006,37.928300621499275,2013.0,319,129,1.0,0.007751937984496124
1fe49923-9b73-4d27-9836-e38d16af4001,район Хамовники,55.7168415,37.57493769745753,1960.0,86,64,22.0,0.34375
1ff86a2f-b615-46ae-9d15-0caaf0c00ec7,Алексеевский район,55.81965925,37.6448664,1962.0,107,71,12.0,0.16901408450704225
1ff8fce0-4677-4c08-ba68-aebf1d73259d,район Ясенево,55.611415,37.5490781,1978.0,844,424,39.0,0.09198113207547169
1ffbaa45-593b-4bac-801f-ea5759592da4,район Хамовники,55.7223771,37.56869861673658,1929.0,137,75,23.0,0.30666666666666664
2009c6e6-a1ee-497d-979e-d46df712f389,район Восточное Дегунино,55.881932750000004,37.563029400000005,1974.0,193,94,1.0,0.010638297872340425
2017b77e-0973-4470-a7dc-27aea06aeab2,район Чертаново Южное,55.6083706,37.613748678318984,1972.0,311,144,5.0,0.034722222222222224
2019b38e-4d89-40c1-bbac-7d39fa19ddab,район Южное Медведково,55.8714909,37.63932565895162,1965.0,133,72,4.0,0.05555555555555555
201c5dc5-3651-4bce-98f0-0f45d3af5f19,район Лефортово,55.7517748,37.678287360950094,1983.0,230,110,5.0,0.045454545454545456
202a41cd-4452-4add-858e-2a3d013a50d9,район Филёвский Парк,55.74105815,37.494317602059844,2002.0,615,352,76.0,0.2159090909090909
202a5a8f-d7bc-47ab-81b2-4ee24d791b4e,район Хамовники,55.72391275,37.58238130293783,1960.0,500,264,35.0,0.13257575757575757
20384935-d339-4dd7-a870-867cb82399c9,район Кунцево,55.74287205,37.41721445212811,1975.0,219,96,12.0,0.125
203c4dd6-3607-413c-9723-fd04b14363b8,поселение Сосенское,55.575003800000005,37.47379938202761,2016.0,108,144,103.0,0.7152777777777778
2058e5b8-1992-4414-9c15-b96d0df69596,Хорошёвский район,55.79852615,37.532806372901085,1960.0,194,96,11.0,0.11458333333333333
209a092d-a193-4790-9785-598f91a1fc59,Пресненский район,55.75506145,37.59839395547626,1928.0,106,55,13.0,0.23636363636363636
20aac761-f137-440a-b7c3-dbe2b64888cf,район Якиманка,55.7316166,37.61686149511108,1914.0,43,16,1.0,0.0625
20ac2283-fff4-4ca0-be93-29785d12ea83,район Перово,55.74130875,37.76743199683236,1969.0,136,82,16.0,0.1951219512195122
20b5367f-1c13-4420-889c-13fd6ae7786d,район Кунцево,55.73430625,37.41542799966163,1965.0,172,84,13.0,0.15476190476190477
20d0f0bf-e5d0-4d96-9822-245c714acc04,район Северное Медведково,55.88889805,37.65678460166589,2000.0,311,135,3.0,0.022222222222222223
20efc50f-1d22-4202-a7dd-f90e2e339c7d,Хорошёвский район,55.7751976,37.53586964072461,1960.0,66,32,1.0,0.03125
20f7d64b-8a29-4b84-8cc2-03e7f6faee07,Головинский район,55.85103775,37.50575694999999,1972.0,176,98,4.0,0.04081632653061224
2104dade-5092-420a-bea8-400a11c7bd99,Хорошёвский район,55.784152399999996,37.51275624195361,1955.0,170,66,7.0,0.10606060606060606
2106d9de-12e9-422c-a520-4af5747151cc,район Орехово-Борисово Южное,55.609077850000006,37.72954455,1983.0,356,191,10.0,0.05235602094240838
21078f80-e857-4a55-9f62-6a117109ac55,район Некрасовка,55.700026449999996,37.92977903539399,2015.0,414,192,32.0,0.16666666666666666
210db0c1-4fa6-4265-8f9d-3689fe4e78ad,район Перово,55.75432705,37.798552123280885,1990.0,928,463,32.0,0.06911447084233262
21144dfc-f1c8-45eb-a06e-59ab6ad040a6,Обручевский район,55.6632067,37.520393000000006,2005.0,1073,468,37.0,0.07905982905982906
211c5be2-5c9a-48b2-af45-b14051ff0f9e,район Преображенское,55.800890949999996,37.704008899347926,1961.0,185,80,3.0,0.0375
211c5c4a-e547-449a-b1ba-068d1753ab34,Пресненский район,55.7543486,37.5339639,1969.0,103,82,33.0,0.4024390243902439
211d500c-f787-4639-ad07-b9fb90a75a7d,Лосиноостровский район,55.87801195,37.682970396406205,1980.0,357,193,11.0,0.05699481865284974
2123086e-4708-4d63-9dcb-c59de3ee022d,Бабушкинский район,55.8676064,37.66137206435701,1970.0,225,171,42.0,0.24561403508771928
212d0bf6-ef55-48c1-9865-2381716ba98f,Таганский район,55.7306929,37.6745997,1966.0,123,72,3.0,0.041666666666666664
212d9e7a-478f-4ec9-881e-507a4d6734af,район Южное Тушино,55.847997649999996,37.42454105270647,1966.0,148,72,1.0,0.013888888888888888
212e86c2-ee21-428d-a953-07fb23c6d881,район Замоскворечье,55.7358926,37.639199903695555,1964.0,93,70,29.0,0.4142857142857143
21419526-f35c-4c4a-b57b-227d26b2bb30,район Ростокино,55.8334174,37.65273277965588,1967.0,261,128,15.0,0.1171875
214690bc-b810-4b01-8dcd-36b8f0b49b1c,район Строгино,55.8029389,37.41213905482993,2008.0,290,191,84.0,0.4397905759162304
214ac915-dc7b-4058-928a-6437e765eaca,район Бибирево,55.893361150000004,37.610657874074334,1976.0,225,126,27.0,0.21428571428571427
214dea1b-de3d-4538-85d4-7b7694231c51,район Северное Измайлово,55.80373765,37.8085441,1964.0,231,143,42.0,0.2937062937062937
2168ab72-ba87-4441-9cb2-b833564d86b6,район Черёмушки,55.65884695,37.569276,1967.0,134,84,22.0,0.2619047619047619
217ecec2-53f6-45e2-8c23-217149212d9c,район Арбат,55.75073165,37.58024169141116,1981.0,168,94,21.0,0.22340425531914893
219061f0-4085-4c25-adc0-539c85cdcdd2,район Западное Дегунино,55.8665115,37.534817699486354,1967.0,146,84,13.0,0.15476190476190477
2192a382-cb39-4aeb-8685-ad18eb4d86a9,Тверской район,55.7796601,37.603776154121505,1998.0,208,89,11.0,0.12359550561797752
21997170-4227-4ca1-ac09-5f97f3ce4e5f,район Черёмушки,55.66396365,37.55144719051826,1997.0,863,371,25.0,0.0673854447439353
219a18f3-12dc-4323-ba47-689da586f796,Нагорный район,55.645904400000006,37.606977099999995,1970.0,155,98,32.0,0.32653061224489793
21ad8836-cc01-48ac-9266-16a7ff378db7,Пресненский район,55.76538515,37.59282513461538,1958.0,46,28,9.0,0.32142857142857145
21ae3d5b-ecd3-46a6-9221-8608534b9a6c,район Черёмушки,55.6536483,37.56570165,1963.0,124,70,1.0,0.014285714285714285
21ba8582-ee5d-463a-8eed-f2d91f31a871,район Аэропорт,55.80649925,37.5218895949637,1973.0,207,173,60.0,0.3468208092485549
21bc0ae6-61eb-40ab-a431-4187596c95ea,район Черёмушки,55.673708500000004,37.571930900000005,1962.0,102,70,20.0,0.2857142857142857
21c47aef-eb49-4190-8f23-438367d2a033,район Дорогомилово,55.74251845,37.54548159937008,1931.0,187,101,20.0,0.19801980198019803
21ca74e7-e60d-4c10-8623-bf93fcc99953,район Ховрино,55.870294,37.49820655,1967.0,166,84,2.0,0.023809523809523808
21cf32a9-0532-4c03-8d87-a86e92b7bf45,район Зюзино,55.6544689,37.57214159644444,1964.0,113,72,23.0,0.3194444444444444
21d3d6e2-d421-41bb-8319-1f7333a8f27f,район Щукино,55.801909800000004,37.4879049993188,1960.0,126,60,7.0,0.11666666666666667
21d90992-2d0b-42df-99dd-685b53aaed3c,район Кузьминки,55.708347849999996,37.7505620094864,1963.0,123,72,3.0,0.041666666666666664
21dbd215-3b21-42d2-9b21-0cd265f152ae,Басманный район,55.76538535,37.67445239655902,1960.0,72,40,10.0,0.25
21e1d889-108a-4da3-adc7-15d568ac67f4,Тимирязевский район,55.84425225,37.563515662188365,1965.0,113,72,18.0,0.25
21e2c0ba-7b1b-4c62-a931-8b5308278454,район Аэропорт,55.80389705,37.539677200071736,1960.0,212,96,3.0,0.03125
21ea4514-32d8-42a1-a814-cb2ab0a2c9dd,район Раменки,55.722763900000004,37.52541707978179,1967.0,173,80,4.0,0.05
21f9f3ca-b512-447b-b335-753a7bd71c22,район Хамовники,55.7184272,37.5814030178998,1939.0,246,83,3.0,0.03614457831325301
21fc552f-f052-44c4-82bf-3cb897db816a,район Сокол,55.8008428,37.5021658,1951.0,109,50,12.0,0.24
22006fb1-768b-47c5-a851-9a17b87f723c,Пресненский район,55.75702055,37.60675912223104,1932.0,46,38,18.0,0.47368421052631576
2202457d-5e61-4302-b871-82f4b349b652,район Проспект Вернадского,55.680987099999996,37.49710461501128,1978.0,215,94,15.0,0.1595744680851064
2203666d-9d6b-42eb-8773-41f409c781d3,район Отрадное,55.8693871,37.591102568447994,1995.0,369,171,12.0,0.07017543859649122
2206da60-8e48-49ee-a335-e1f0520d9c78,Пресненский район,55.762722600000004,37.56584925390623,1970.0,239,120,12.0,0.1
220961bf-6aa1-4959-8852-3e997d6b458d,район Аэропорт,55.806013300000004,37.53755001163092,1960.0,182,122,27.0,0.22131147540983606
2210ae24-607d-4ecb-af28-e3ef0ff09384,Мещанский район,55.790787949999995,37.63837601950735,1973.0,523,318,103.0,0.3238993710691824
222ece64-0661-427e-a4e3-859114b49b75,Нагорный район,55.6683323,37.61716344282726,1967.0,160,84,5.0,0.05952380952380952
224970a2-a5f1-4834-bf58-42f4fe81c24a,Ярославский район,55.8628636,37.694403488022076,1975.0,237,113,11.0,0.09734513274336283
224af102-592b-44c7-977f-3fd80141a0ab,район Лианозово,55.9040757,37.54928782306653,2007.0,262,160,43.0,0.26875
22540bc7-49cb-469d-9ad7-c7a366d61ba7,Красносельский район,55.7794961,37.646477281931936,1962.0,125,60,5.0,0.08333333333333333
22595e58-2401-4c4a-b543-ddec608b28d2,Тимирязевский район,55.84372525,37.57304369704397,1972.0,284,178,4.0,0.02247191011235955
225c6fe7-df08-4903-9e7d-41c7c28a5aa5,Красносельский район,55.76878405,37.63417310178794,1998.0,16,6,1.0,0.16666666666666666
225db3d5-f658-4636-9499-d694aff08dd9,район Черёмушки,55.657420200000004,37.57088374999999,1963.0,124,72,2.0,0.027777777777777776
225ddb8a-3ecb-4b1e-aaca-b317f4af3372,район Отрадное,55.874471799999995,37.59146853563075,2009.0,310,168,34.0,0.20238095238095238
225f91f0-a615-431e-a491-eb89346f152f,Тимирязевский район,55.816890900000004,37.56792453751318,1969.0,243,126,4.0,0.031746031746031744
226ab6cc-25f2-4144-b66d-e19100784931,район Левобережный,55.85907985,37.47418000000001,1964.0,141,99,39.0,0.3939393939393939
226c7b3e-e0b8-469b-aac2-bb6ff22bfa50,Алексеевский район,55.814183799999995,37.640782846226216,1953.0,117,62,13.0,0.20967741935483872
22702293-65fc-462c-892d-aebf01741721,Можайский район,55.71254095,37.40341160561459,2011.0,899,364,14.0,0.038461538461538464
227cc337-a362-4a0b-af97-132ec0aa93bb,район Левобережный,55.8724038,37.46771118827821,1979.0,285,109,2.0,0.01834862385321101
2283ee33-a9ca-4734-a19c-c709c82c1b72,район Текстильщики,55.70575755,37.74623755662951,1959.0,194,78,1.0,0.01282051282051282
2284b1c8-dad4-4cfb-9dbf-099c83a1c543,район Выхино-Жулебино,55.69098940000001,37.85335135545977,1995.0,214,108,25.0,0.23148148148148148
2284b696-d1cb-433b-9588-66a38302c5ce,район Новогиреево,55.751013799999996,37.808761228580025,1969.0,139,84,16.0,0.19047619047619047
2285febd-ccf0-4a52-bee7-b2b8f712f36e,Войковский район,55.8383879,37.49166533912386,1962.0,162,80,10.0,0.125
2293d5c8-88ee-4ce9-9921-7ed0de6e5707,Донской район,55.71382055,37.59801104638047,1964.0,114,72,21.0,0.2916666666666667
229a1a59-b8e6-4273-84de-d00e9edd1583,Академический район,55.692261450000004,37.57671309547436,1957.0,118,62,10.0,0.16129032258064516
22a3452d-d20c-4109-9c17-e5f51abe2d49,район Кунцево,55.73420425,37.41300832835712,2014.0,606,274,1.0,0.0036496350364963502
22b3ef86-edd0-4eb4-8982-123969f91aef,Савёловский район,55.79470485,37.579741466809345,1962.0,161,79,13.0,0.16455696202531644
22b48a62-0ab8-4512-8593-d0250699d314,Басманный район,55.7572446,37.64607670192033,1900.0,22,10,1.0,0.1
22b76a5b-0637-4608-9e9e-8ec124c94c5b,район Коньково,55.648847950000004,37.51572091562849,1967.0,296,146,33.0,0.22602739726027396
22c10820-4429-446b-9c76-1193a6f4de64,район Северное Тушино,55.860483450000004,37.41026781448984,1980.0,213,127,12.0,0.09448818897637795
22c34d7a-23bb-4c27-b80e-33362a42c974,район Косино-Ухтомский,55.7110748,37.891954967282025,2005.0,456,212,31.0,0.14622641509433962
22c3e78d-3b7b-4c0b-b4ab-15ebb64e1298,район Новогиреево,55.75483885,37.81302142935909,1971.0,164,80,8.0,0.1
22cb2cff-9445-4a92-9620-2be7824009fe,район Сокол,55.8081931,37.49335215000001,1956.0,879,337,29.0,0.08605341246290801
22d7d56a-2851-4b77-bf29-b1bab8666145,район Новогиреево,55.74521875,37.810511505330894,1981.0,231,127,25.0,0.1968503937007874
22de6694-e25e-4e0a-b715-8ba5007da078,район Аэропорт,55.804887949999994,37.53423551584493,1972.0,156,98,34.0,0.3469387755102041
22e36127-17e0-480c-a049-de36a88b1bdd,"поселение ""Мосрентген""",55.611953650000004,37.47151325098598,2004.0,200,71,5.0,0.07042253521126761
22e76d03-1122-4e47-8f36-b90d53922c6c,Даниловский район,55.7221024,37.65990527678571,1963.0,121,72,5.0,0.06944444444444445
22ef4608-9079-4c62-adb5-b11a6bfae5bc,район Выхино-Жулебино,55.68777815,37.8636113,1995.0,341,142,4.0,0.028169014084507043
22f04869-2e75-4c64-8eba-6c8040c04ce7,район Нагатино-Садовники,55.6745108,37.65962657554364,1976.0,164,117,14.0,0.11965811965811966
22f24dd9-8514-4691-906b-a551d15cac48,район Нагатинский Затон,55.6849822,37.68239155,1966.0,407,177,10.0,0.05649717514124294
22f5e5f9-0a0f-4978-bf29-160ef4eafac3,район Кунцево,55.7367468,37.42926526390488,2015.0,120,48,1.0,0.020833333333333332
22f698ab-f853-4b00-b18c-4b3bce97b03b,район Хамовники,55.71721235,37.57901859084295,1939.0,290,132,27.0,0.20454545454545456
2303d916-a119-4718-9337-dc04d775046f,район Раменки,55.703152700000004,37.49500242860728,2014.0,119,195,150.0,0.7692307692307693
230772e9-ba6d-4ec1-bd6b-a7ede67d904e,район Чертаново Южное,55.5935885,37.6059463,2003.0,313,135,1.0,0.007407407407407408
2318f471-a285-41fc-ba0d-10b6fd3e8675,район Измайлово,55.796224800000005,37.80375681383153,2000.0,542,323,75.0,0.23219814241486067
231ec39b-7022-4aa4-b546-74f04331bc6b,район Крылатское,55.76984,37.416523060772775,1996.0,501,234,29.0,0.12393162393162394
23220912-1bdd-47bd-924b-398259ea8ea2,район Сокол,55.80356265,37.51783572264511,1940.0,353,137,22.0,0.16058394160583941
23274e6d-2cac-41ba-a4e4-dcf908ea9dc5,Нагорный район,55.64752515,37.61602102380124,2008.0,204,127,25.0,0.1968503937007874
232ee9fd-3046-470b-a777-f2cc97616905,район Коптево,55.82358885,37.52440575,1973.0,186,112,15.0,0.13392857142857142
23319e4b-3956-4c71-abd4-9ea8b055983d,район Хорошёво-Мнёвники,55.78472775,37.4641603043026,2009.0,1111,561,52.0,0.09269162210338681
2336d492-0b28-4326-8ef2-d1e3267a4dda,район Нагатино-Садовники,55.681599399999996,37.6492730889167,1974.0,167,91,7.0,0.07692307692307693
233f7688-1298-4e29-87ab-3c6998cfd5a3,Даниловский район,55.716491500000004,37.63431230575658,1964.0,106,64,9.0,0.140625
23576a69-0185-4eb7-8f07-9041280f2958,район Чертаново Центральное,55.61419325,37.5905571,2008.0,198,137,54.0,0.39416058394160586
236b41ad-83c8-47fa-9fab-5d7a36950dcc,район Преображенское,55.7912836,37.709243743343194,1930.0,107,43,1.0,0.023255813953488372
236fa37a-1ef1-4fc7-bd86-c31b10f276a4,Гагаринский район,55.70561815,37.57133561839573,1993.0,184,95,26.0,0.2736842105263158
2370f07e-75c3-4784-9f5d-d78e2689b715,городской округ Троицк,55.4954219,37.32521138368879,2014.0,15,12,7.0,0.5833333333333334
237156ef-d469-4ae5-983b-addb5e63edc9,Ярославский район,55.86917675,37.69967612016603,1972.0,232,98,9.0,0.09183673469387756
2371f8f8-33be-4588-bc6c-4cd24e3c4fa3,район Хамовники,55.73033435,37.58205695635492,1966.0,104,52,2.0,0.038461538461538464
237fa783-3a13-4da1-b66b-f0f782fab40e,Мещанский район,55.780311600000005,37.62016703510575,1938.0,69,26,3.0,0.11538461538461539
2387dbb8-f8a1-4a5b-b687-04e2b70bc155,Тверской район,55.77177265,37.59591627024865,1941.0,23,13,4.0,0.3076923076923077
238f4b6e-64dc-4abb-a72f-11f6b87a84cb,район Новогиреево,55.74831519999999,37.82295286497504,1968.0,171,84,8.0,0.09523809523809523
23a30a0d-cf70-41ab-8f3d-aebeb96238da,район Люблино,55.68151025,37.74996879973571,1996.0,84,71,31.0,0.43661971830985913
23a33ebf-2c70-43b3-aca3-5664bddcbf0d,район Богородское,55.8060482,37.712202339076256,1999.0,792,326,1.0,0.003067484662576687
23a48d7d-14be-4c6b-9f56-61a87eb800df,Бабушкинский район,55.873855649999996,37.66771966805569,1982.0,578,283,5.0,0.0176678445229682
23b2dafa-9bf8-43e7-8b0d-96dc1d950cec,Тверской район,55.7762723,37.585964383207056,1937.0,173,80,26.0,0.325
23bd8ed2-1192-4f2b-9a59-0a2f27e88b7c,Обручевский район,55.6587414,37.518715,1964.0,111,72,17.0,0.2361111111111111
23c22b4b-0de2-44f7-b03f-be0bcee19b85,Таганский район,55.74416195,37.66955675,1972.0,404,168,5.0,0.02976190476190476
23c49c5f-17d9-4bf6-882d-8706d5243e1e,район Некрасовка,55.7009534,37.93341230907022,2016.0,394,192,23.0,0.11979166666666667
23ca4a82-7c9a-4ef1-ab48-374c93ee2de9,район Солнцево,55.6524621,37.3982705,2005.0,865,374,26.0,0.06951871657754011
23cef80f-d0f2-4278-9da3-24bd9b36d6f4,Басманный район,55.7601267,37.65122699726196,1910.0,67,41,14.0,0.34146341463414637
23cfa281-757d-4b57-b40e-effd6c0232a5,район Солнцево,55.6510131,37.4125975891741,2005.0,114,64,13.0,0.203125
23cfe6c3-2202-4878-980a-05f0d982b576,район Тропарёво-Никулино,55.6588127,37.49305086074253,1979.0,190,103,8.0,0.07766990291262135
23e29607-a4ac-44d7-8d3f-fa93a48bdd9c,район Ховрино,55.8673989,37.49114834920133,1965.0,161,96,9.0,0.09375
23e49eb0-0359-4093-8c89-5f8187882d1b,район Марфино,55.8294869,37.59165997397205,1970.0,199,112,24.0,0.21428571428571427
23eee950-98a7-4c5e-b9a3-5fa345c127ab,Донской район,55.6940217,37.601827280352666,2006.0,242,128,34.0,0.265625
2401c328-c5f5-4e87-9048-7cc4a50f3d44,район Ивановское,55.7704904,37.831271300699264,1973.0,767,339,47.0,0.13864306784660768
24030cd4-4045-47c0-bb9f-a7997dff5952,Таганский район,55.74299595,37.64574618215464,1939.0,178,76,17.0,0.2236842105263158
24054f11-b04d-4ac5-90ce-408b77489d42,район Марьино,55.647782449999994,37.733280844923186,1988.0,662,331,52.0,0.15709969788519637
2414f1ad-6b8a-4983-8487-86f7d0dac354,район Нагатинский Затон,55.67570395,37.669041225870274,1966.0,142,84,25.0,0.2976190476190476
241c9a28-dd55-4442-8a65-56cc2b2cd6dc,район Замоскворечье,55.7450539,37.63887368945461,1956.0,119,97,45.0,0.4639175257731959
2421ae85-660a-4cd2-b8da-ece7647aef59,поселение Филимонковское,55.55178085,37.32949310569205,2014.0,27,16,6.0,0.375
24223dc6-860f-48ef-9f51-2cfcf888eb53,Донской район,55.70359515,37.5947361097826,1949.0,11,12,8.0,0.6666666666666666
2429c6ed-d83c-49dd-a087-fba0ae208f18,район Арбат,55.749642,37.58141477142857,1900.0,67,31,2.0,0.06451612903225806
2429ee56-18f3-42e4-877e-b545fae8c479,район Выхино-Жулебино,55.711243749999994,37.80843303520999,1982.0,243,127,9.0,0.07086614173228346
242fef51-6bd4-4a12-b464-f2cf93129e60,район Замоскворечье,55.73423635,37.6274120044864,1917.0,32,17,4.0,0.23529411764705882
24327c32-04cf-4692-be48-73fa40e938fd,район Ивановское,55.76642125,37.83185521932349,2000.0,374,170,9.0,0.052941176470588235
2434ecc7-35ff-4917-980e-c087a750599b,район Южное Тушино,55.8509479,37.4340142,1969.0,163,160,87.0,0.54375
24371d7c-807c-4d90-a46a-a8d6452c105a,поселение Краснопахорское,55.43485805,37.324672699255586,2015.0,11,12,8.0,0.6666666666666666
2438616a-e06c-4ae2-9ba6-df54788a039d,городской округ Щербинка,55.5080875,37.565537974060305,1995.0,157,314,256.0,0.8152866242038217
24494135-0b16-479e-be12-b00abaa54638,район Сокол,55.800283300000004,37.51558657319653,1950.0,184,86,2.0,0.023255813953488372
2452d5e5-2d78-48c2-a35c-ca658e04ed2d,Обручевский район,55.6678238,37.548288299999996,1999.0,757,376,47.0,0.125
245e3804-a6c7-4366-8ee3-956212fbee43,район Внуково,55.60914165,37.30553620619415,1957.0,15,8,2.0,0.25
24634b52-a6e9-4dec-b1cd-d09c402c516e,Ломоносовский район,55.68146765,37.53870323215122,2013.0,156,81,25.0,0.30864197530864196
24638f3b-0d11-450b-b298-7e1496280dc5,район Хамовники,55.7423413,37.5971584,1913.0,36,18,7.0,0.3888888888888889
24689124-6ef2-4a80-aa85-92aa4322bfbb,Басманный район,55.7632259,37.65097623059529,1928.0,122,55,3.0,0.05454545454545454
2468f0a4-4379-4197-9a72-935e79744ee7,район Свиблово,55.855359,37.65626549067961,1970.0,175,98,11.0,0.11224489795918367
2471d2d5-9ce0-46f3-b0a4-822c44d30f71,район Щукино,55.799894,37.48927715233119,1973.0,104,72,16.0,0.2222222222222222
2472b5a9-f750-4179-a53c-ec57a02a87d7,Алексеевский район,55.82085615,37.646192517005176,1965.0,347,209,32.0,0.15311004784688995
247b9779-cda7-41bf-9e85-344d5d1dcbf3,Гагаринский район,55.699770349999994,37.55469256232392,1964.0,211,94,3.0,0.031914893617021274
2486c499-7dc7-48a9-b36f-dba92b1ebf12,Бескудниковский район,55.8711045,37.555614750000004,1965.0,138,72,3.0,0.041666666666666664
248ba9db-32cb-45cf-9425-5d068965ede2,район Солнцево,55.65036325,37.40823747371166,1967.0,172,84,1.0,0.011904761904761904
2490cc8d-e128-471d-8b71-293d7335ad51,район Бибирево,55.8933915,37.626575300880795,1979.0,279,127,4.0,0.031496062992125984
2498a312-27ce-4016-8e54-fe935493f83d,Алексеевский район,55.8161667,37.6555659879981,1967.0,167,84,2.0,0.023809523809523808
249feca2-9cae-403c-8419-95aaf5eab8b3,район Лианозово,55.89313175,37.5742479,1998.0,112,48,10.0,0.20833333333333334
24a33a09-a19f-46bb-8692-ac80b5b924e8,район Лефортово,55.7640378,37.70219318967851,1986.0,111,69,15.0,0.21739130434782608
24acb7f8-feed-4fd5-b3bf-ae2c5a4db34e,Басманный район,55.7577802,37.65245206267747,1914.0,76,33,5.0,0.15151515151515152
24ad9ed8-1ea8-4054-93d2-494f657bb6b6,район Богородское,55.80644995,37.7101167,1992.0,524,310,122.0,0.3935483870967742
24c67357-484b-43eb-8376-94813eb5eb8e,Даниловский район,55.717646099999996,37.63340062136258,1974.0,212,110,26.0,0.23636363636363636
24caf0b8-87fb-4117-acda-5c5529d1a611,район Соколиная Гора,55.7805779,37.72856051667905,1973.0,379,167,14.0,0.08383233532934131
24cebe8e-ed76-4d0c-b3bb-14df19b27540,Пресненский район,55.7618566,37.5663075,1980.0,405,200,24.0,0.12
24d0f3bd-e5b3-42c4-a316-5c8fda490487,район Северное Измайлово,55.8070855,37.80784427573529,1965.0,135,96,29.0,0.3020833333333333
24d9ab42-91da-4cde-8ea1-ce486c054b29,район Щукино,55.8015591,37.47032802225252,1951.0,178,79,6.0,0.0759493670886076
24dbec3f-0cb9-4d8c-8233-18a3da40f463,район Ростокино,55.829202800000004,37.6647589,1964.0,193,84,1.0,0.011904761904761904
24dc45a7-401d-44fa-afd5-887596395371,район Хамовники,55.72635715,37.585169814318135,1960.0,214,139,38.0,0.2733812949640288
24ddb40d-53fe-4d26-9b6f-5f34ee628501,Обручевский район,55.664305150000004,37.51756238625198,2008.0,369,143,13.0,0.09090909090909091
24df7aea-114a-4e7c-8c1a-8e0b1c22e2d3,район Очаково-Матвеевское,55.508215,37.2200714,1974.0,527,294,59.0,0.20068027210884354
24e19148-f737-4788-8585-cf4fe0c0244b,район Восточное Измайлово,55.795627,37.7971279,1969.0,274,165,1.0,0.006060606060606061
2507a2e7-1d1f-40cd-8fb2-aed83c2576b1,район Соколиная Гора,55.77762695,37.712963295326084,1946.0,46,21,1.0,0.047619047619047616
25325ee6-34db-4853-826c-30e8161b7439,район Солнцево,55.6542053,37.4063247,2011.0,1622,720,87.0,0.12083333333333333
253f19d5-c13b-4630-998f-5733e5e727a7,район Соколиная Гора,55.77952965,37.74170073906784,1960.0,116,60,3.0,0.05
25450cc5-5c6f-465f-9848-1ff4014ee1c0,район Сокольники,55.79124385,37.67226215178907,1977.0,262,123,16.0,0.13008130081300814
254f11a0-6ce3-44ce-8aaa-405bff25c36d,район Хамовники,55.7212604,37.5856854,1943.0,159,67,14.0,0.208955223880597
257906a3-3f63-4c10-8646-95311a427112,район Западное Дегунино,55.87082875,37.5296267825587,1967.0,164,84,2.0,0.023809523809523808
258079ff-2763-47b9-bc2b-991a5fffcbf4,Мещанский район,55.7777503,37.640067192520064,1917.0,239,102,15.0,0.14705882352941177
259092f3-e4f3-43c4-826d-27bea857fcca,Басманный район,55.766512000000006,37.64074327914403,1949.0,103,52,5.0,0.09615384615384616
25961fed-a2d9-47cd-a485-3075050cdbcb,район Южное Бутово,55.548165499999996,37.53190545510242,2001.0,287,143,17.0,0.11888111888111888
25a2a522-1dd8-45ca-870d-1ce9ffe4fd0d,район Беговой,55.7993824,37.536052,1937.0,132,72,9.0,0.125
25ae54d3-ee4a-4a83-936b-a83ecedd9726,поселение Московский,55.8584185,37.6560008,2010.0,182,96,37.0,0.3854166666666667
25b40ae0-e6a0-4cc2-9a95-81c4df29a7ee,район Сокольники,55.7864699,37.68153220408337,1965.0,154,84,9.0,0.10714285714285714
25b74339-cc76-4b79-899d-e2c186b6a3f4,Таганский район,55.7506621,37.647846729129185,1860.0,128,48,2.0,0.041666666666666664
25d4b58b-5932-4203-ba63-3b0efd01fc41,Хорошёвский район,55.7824176,37.51203782765602,1955.0,224,100,17.0,0.17
25d6d189-33f3-4932-a763-ad0718a1d327,район Измайлово,55.79114715,37.81591172718638,1970.0,183,98,4.0,0.04081632653061224
25ea1ac8-634e-4ff9-ae70-7c10651932d1,район Беговой,55.777591400000006,37.55799688374472,1976.0,181,103,12.0,0.11650485436893204
25eb1fb8-836f-4126-979f-968067a914c9,Головинский район,55.8423735,37.493000946788996,1968.0,104,80,33.0,0.4125
25ec18ec-f571-4026-bbb3-6fd9d07a10cf,Гагаринский район,55.6961146,37.563102761098605,1962.0,206,98,6.0,0.061224489795918366
25f82d94-3ed1-4c10-b4aa-0c0e3f8664bb,район Черёмушки,55.6660683,37.56076898463154,1987.0,526,196,5.0,0.025510204081632654
25fc5ddc-bf59-49bb-a844-7ee96840b7e0,Пресненский район,55.7631411,37.58968116051943,0.0,30,16,6.0,0.375
2609e132-5e67-455b-aa70-7b14cf39e309,Головинский район,55.86311105,37.5149816,1970.0,320,177,11.0,0.062146892655367235
260ab459-774e-4b4b-a9bb-12b30787ee26,район Новогиреево,55.75499235,37.81210849896679,1996.0,208,110,11.0,0.1
2613c703-3344-461a-8059-28fb9355c065,Басманный район,55.76945739999999,37.674614547335125,1966.0,140,84,18.0,0.21428571428571427
26160e31-a408-4c21-ba6a-1a17a8b76991,район Левобережный,55.8561651,37.47633630573853,1967.0,190,103,16.0,0.1553398058252427
2629b76a-0411-40f4-b37b-96a0cb289e32,Таганский район,55.747372,37.65714145,1959.0,48,26,9.0,0.34615384615384615
2639e5e1-6a61-4232-9b1c-ef3cdff77933,район Некрасовка,55.70093335,37.91453528815978,2011.0,805,376,12.0,0.031914893617021274
264e4148-cd48-4a8b-9ab7-f8ae54d6b718,поселение Сосенское,55.5672061,37.48021575,2013.0,308,248,89.0,0.3588709677419355
2650a3d9-8a1b-4268-81a0-3f779ab8cb55,Даниловский район,55.7269967,37.65224172446105,1979.0,101,52,13.0,0.25
2661d515-58f8-417b-8928-1bc9b86af586,район Бирюлёво Восточное,55.60090325,37.656985582450005,1972.0,187,97,26.0,0.26804123711340205
266686f3-79ce-4d7f-b032-80e4872ad2e6,район Лефортово,55.76043825,37.6928092128863,1959.0,81,64,15.0,0.234375
266e08da-ebd4-4740-a9df-69db3328a60a,район Измайлово,55.795817400000004,37.77007849186832,1973.0,146,96,6.0,0.0625
2678a2e7-454f-46b4-8514-aabb07ab5ea1,район Нагатинский Затон,55.689454999999995,37.68684730323341,2007.0,386,189,28.0,0.14814814814814814
267c04ec-ee6b-4ddd-a162-863cfaaffbf1,Басманный район,55.771286,37.67779477760027,1966.0,142,85,22.0,0.25882352941176473
268006c9-1209-4754-ba70-93a4f0798d33,район Сокол,55.80777955000001,37.49658569906181,1957.0,617,254,26.0,0.10236220472440945
26856193-0bc7-4f4c-b966-6c5b21bd710c,Донской район,55.71820215,37.60828830776762,1967.0,112,64,15.0,0.234375
268d086c-6dd3-4e9d-8ebe-1adb419139c2,район Арбат,55.75493215,37.593654598596515,1912.0,78,52,22.0,0.4230769230769231
268dc38a-ea6a-45f4-a7b1-e6b3cefd2699,район Сокол,55.803853000000004,37.4980964906986,1973.0,153,110,49.0,0.44545454545454544
26a49b95-8269-48e6-a373-64ea336bc451,район Филёвский Парк,55.7340254,37.4898377,1960.0,109,64,12.0,0.1875
26b1db87-33a4-4366-a581-e14328975846,район Марьино,55.65592485,37.764377746453945,1998.0,392,168,11.0,0.06547619047619048
26c343cf-1476-4311-bfb2-a03cf767f84e,район Черёмушки,55.656554099999994,37.56844875114942,1965.0,155,84,8.0,0.09523809523809523
26c47058-d57a-4cad-bb9d-94f410d27fce,Пресненский район,55.76576385,37.570817403448274,1956.0,33,17,4.0,0.23529411764705882
26c772e3-2969-41d8-b17f-3a7833db9022,район Ховрино,55.859732449999996,37.49985715342617,2003.0,230,116,9.0,0.07758620689655173
26d02ec3-705f-44f3-b3a0-10ca9c938ee0,район Филёвский Парк,55.7420604,37.48264790623376,1959.0,146,79,4.0,0.05063291139240506
26d7e574-6025-42c5-81fe-23643e205c5b,район Раменки,55.700755099999995,37.50636405808931,1998.0,244,106,19.0,0.1792452830188679
26e0f4f0-f8f2-499a-a17a-462d78a6f35f,Хорошёвский район,55.77475195,37.542206777888026,1979.0,389,191,34.0,0.17801047120418848
26e3d7b5-c6f2-45f3-8b95-9e110afee5d6,район Измайлово,55.79138165,37.77686756001732,1962.0,151,71,3.0,0.04225352112676056
26faece1-a3f1-42ba-9387-83dd60ed6dbd,район Вешняки,55.7217212,37.82220343427007,1972.0,313,178,34.0,0.19101123595505617
270638a1-e1d1-4ef3-b494-2971c8c67ef7,Академический район,55.6810593,37.574443313105796,1998.0,635,315,72.0,0.22857142857142856
2706c1bd-7dda-449d-b153-4cc06cbfcd2d,район Зюзино,55.65044625,37.590188299999994,1974.0,114,72,18.0,0.25
2725415b-4426-4003-abd9-8412d30beac0,Лосиноостровский район,55.867633600000005,37.68105885000001,1960.0,86,40,4.0,0.1
272607a0-68b0-4fba-9acf-b0b1ba0fd5e2,район Ростокино,55.8384502,37.645468123321315,1993.0,541,259,39.0,0.15057915057915058
2737d0b2-aa9d-451f-907f-55d7e05e0619,район Черёмушки,55.65273285,37.562062600000004,1965.0,148,84,13.0,0.15476190476190477
274507ed-b69e-4497-af68-337400cbda03,Академический район,55.681609449999996,37.57979265995989,1998.0,561,270,26.0,0.0962962962962963
27551f85-a773-4241-8286-c666d9aa9893,район Некрасовка,55.6986325,37.92379646569118,2014.0,365,182,31.0,0.17032967032967034
2758e6b1-e333-4bea-b238-2d8c0103917e,Басманный район,55.7617096,37.64724870627018,1917.0,23,14,7.0,0.5
275a59c6-6445-4c81-986d-11163ad37907,район Тропарёво-Никулино,55.6654894,37.4988745,1969.0,321,145,11.0,0.07586206896551724
276a6ae5-e595-45a2-895c-125de7c7aa5d,район Раменки,55.7291745,37.52557890623856,1968.0,136,80,14.0,0.175
276af449-16d4-4cce-a27c-3ab459805785,район Арбат,55.74659895,37.58646561713279,1912.0,72,38,12.0,0.3157894736842105
278a43b5-d5c9-4a2b-9223-65e5fe4c5bd6,район Измайлово,55.79562215,37.77482306516126,1961.0,93,60,20.0,0.3333333333333333
27910220-a118-4430-8e40-7325b4f62f95,Мещанский район,55.78751615,37.63303597137897,1912.0,15,6,1.0,0.16666666666666666
2798dfdd-9ad5-4ff4-9fbc-f3a54f1836d1,район Северный,55.9122617,37.5479369,2007.0,295,147,21.0,0.14285714285714285
27ac49bc-d071-4b96-aae4-23ee28bd71f9,район Левобережный,55.8625691,37.47933312810788,1963.0,129,72,6.0,0.08333333333333333
27b145d0-b3ea-4c0c-b921-a574a3e644fe,Пресненский район,55.76015355,37.553872525727485,1928.0,178,66,3.0,0.045454545454545456
27c5b22a-186c-418d-8e57-28c27f45b368,Даниловский район,55.7212709,37.65959076624154,1962.0,126,72,1.0,0.013888888888888888
27d3f906-225b-4c3b-84de-9d66fb9ac225,район Бирюлёво Восточное,55.5758437,37.67393101795555,2011.0,629,321,18.0,0.056074766355140186
27e1fca9-824d-41c7-a41e-c05dc1ce3aed,район Черёмушки,55.673581999999996,37.56754826293697,2002.0,268,135,40.0,0.2962962962962963
27eb2bb2-70c8-41ac-81e9-8cf0b73837f9,район Тропарёво-Никулино,55.66539965,37.45357293737574,1993.0,494,253,23.0,0.09090909090909091
27ee1d83-f969-4b6c-bf58-cda5f0c7c866,район Свиблово,55.8488328,37.64707694058862,1967.0,161,84,5.0,0.05952380952380952
27f21d35-d9b4-4635-87c6-c4219bff5411,район Чертаново Южное,55.59117005,37.608708156987035,2006.0,190,104,27.0,0.25961538461538464
27f50e17-b3da-4815-9164-f03f1e9ed9e4,район Замоскворечье,55.74053035,37.64219126647866,2016.0,145,132,80.0,0.6060606060606061
27fe8fcb-38dc-4b0e-85cb-e82f750cf490,район Ховрино,55.85723285,37.503615202408184,1967.0,308,143,6.0,0.04195804195804196
280ede79-95af-4cd1-b2de-32f456815263,район Северное Измайлово,55.80663135,37.80554682583204,1966.0,127,96,26.0,0.2708333333333333
2820b6ab-0d7e-4c47-b86f-a46c375ca742,Алексеевский район,55.80390665,37.646202996061895,1955.0,306,144,27.0,0.1875
282c5eee-510c-44f6-b832-44523e993b8e,район Южное Медведково,55.87278795,37.63961755062881,2008.0,346,162,8.0,0.04938271604938271
282e2240-de99-4002-aec9-d1cdaf7181ea,Таганский район,55.74893125,37.662813552987,1980.0,258,106,3.0,0.02830188679245283
282e3947-ebf6-476d-8c54-2279ac4de61b,район Измайлово,55.7945124,37.808925,1953.0,106,47,8.0,0.1702127659574468
28333fd2-5adf-423c-aa8e-40bdc419df17,район Зюзино,55.6633564,37.60848849999999,1974.0,207,109,15.0,0.13761467889908258
28340ec6-c0c8-430a-b92c-f76b6148e25e,район Зюзино,55.659828250000004,37.60393600621367,2001.0,537,257,58.0,0.22568093385214008
28373c45-f544-4a63-ad16-d4ecad212941,городской округ Троицк,55.74739605,37.87208659356884,1971.0,154,95,7.0,0.07368421052631578
283f038d-367c-4957-a207-e8916ae61a4b,Басманный район,55.77899565,37.6855002370876,1972.0,149,84,3.0,0.03571428571428571
284520a1-9a32-43ef-96e3-f0167256ca1b,район Царицыно,55.6196575,37.66303900680212,1971.0,192,97,7.0,0.07216494845360824
2851ad7f-322e-4498-96ef-f3cf77c10fd4,Тверской район,55.78790535,37.59212776901246,1948.0,196,68,7.0,0.10294117647058823
285fd4ac-f804-4eb9-9c2d-1f10fe4bf1ae,район Кунцево,55.738146650000004,37.41851659999999,1975.0,596,290,42.0,0.14482758620689656
2865283f-a1a8-43ff-b308-02b0fe735835,район Перово,55.747919249999995,37.776589399883505,1987.0,170,94,6.0,0.06382978723404255
28655030-34e3-4b70-8fe8-865535e20464,район Котловка,55.68610045,37.5967287,1965.0,149,84,24.0,0.2857142857142857
2867607f-7e24-4ede-ae2e-dc39a01455c8,район Нагатино-Садовники,55.67781855,37.628714821374274,2006.0,375,180,33.0,0.18333333333333332
286bf753-0480-4050-a83b-84d68d9a66d6,район Черёмушки,55.658613450000004,37.5722185,1963.0,116,71,6.0,0.08450704225352113
2870a88f-cdfb-4c7c-899b-6c82df650598,Тверской район,55.773021650000004,37.593676242511265,1928.0,13,11,7.0,0.6363636363636364
2878012a-da85-4bc1-b719-cb0d5cdc5604,район Метрогородок,55.82743135,37.76281193596873,1966.0,239,140,6.0,0.04285714285714286
28791d3b-8bb4-4a36-97cf-19be05886477,район Нагатино-Садовники,55.68095125,37.66011152405828,1964.0,130,72,2.0,0.027777777777777776
287a8c84-0f90-4cf2-8d98-3f3eb57c12ce,Тверской район,55.777521300000004,37.60338615,1909.0,88,40,8.0,0.2
288694be-d5b9-4c53-8192-e549d719c815,район Кунцево,55.742381550000005,37.415815570334516,2005.0,292,180,9.0,0.05
288eed9f-04f7-467a-ba19-90bf83438aed,Южнопортовый район,55.70561135,37.67528148111569,1961.0,142,80,11.0,0.1375
28922749-c90f-4eed-9ba0-b7c5680cb97c,район Преображенское,55.7933305,37.71180656008825,1970.0,313,168,17.0,0.10119047619047619
28938cec-0ddf-41bf-a485-33aa97c88989,район Левобережный,55.86482685,37.470399612033106,1972.0,344,214,59.0,0.2757009345794392
28a5120b-2f0a-4921-bd15-2d8c8be2f054,Ярославский район,55.8513914,37.681032235250775,1972.0,170,97,6.0,0.061855670103092786
28a9ab42-dc59-4bf3-8149-1a5b48749cf2,район Северное Медведково,55.89289315,37.66114629743198,2005.0,859,416,40.0,0.09615384615384616
28b274bf-ab12-4157-a237-0f606a3da6a4,городской округ Троицк,55.6774398,37.91246903382324,1973.0,176,83,2.0,0.024096385542168676
28b6fbbb-3ed6-41a0-adcb-5cfd72900232,Ярославский район,55.85250125,37.68604819200495,1972.0,1399,668,59.5,0.08982035928143713
28befe0d-1788-4a34-91bc-9a321f53148b,район Хамовники,55.74188395,37.595668298625185,1785.0,135,59,6.0,0.1016949152542373
28cabfba-2412-4252-8b51-7332d16011ac,район Замоскворечье,55.73957275,37.62948435064302,1938.0,73,30,9.0,0.3
28cb5cda-a247-4a6b-bb1e-970864b8042b,район Кузьминки,55.704321300000004,37.76987540619456,1971.0,121,76,21.0,0.27631578947368424
28cd4602-7d0d-4ed3-9626-f7d6911421f3,район Хамовники,55.7451813,37.578092822480066,1976.0,432,217,41.0,0.1889400921658986
28d21941-c07e-4c3e-a9e5-16fe2a46706b,район Беговой,55.7808986,37.57761361550048,1924.0,362,180,57.0,0.31666666666666665
28d40afb-69e6-40ec-83bd-3f9ff7ee3d9d,поселение Первомайское,55.4428456,37.3751772,1984.0,97,61,2.0,0.03278688524590164
28dc92fa-e26c-4eaa-91b7-e3693c4772d0,Таганский район,55.727763249999995,37.67787885256152,1965.0,102,71,14.0,0.19718309859154928
28de7aa8-45cf-4f67-87af-5099b4d3917c,район Гольяново,55.82581025,37.82310526321737,1970.0,504,214,5.0,0.02336448598130841
28e52829-f612-4e66-9aef-05b079205a25,район Измайлово,55.8105729,37.8116908,1962.0,140,76,20.0,0.2631578947368421
28eba120-0d9a-46c8-adab-be50e02ea263,район Хамовники,55.733951,37.56459134772575,1953.0,129,50,4.0,0.08
28f2c6a4-5559-45ad-b173-2003cd5b05e8,Красносельский район,55.767917600000004,37.63402696089412,1997.0,63,28,3.0,0.10714285714285714
28fe87e6-ebbb-436a-a1cc-94e2abefe9c4,Пресненский район,55.764023449999996,37.55159592993989,1958.0,61,32,9.0,0.28125
2913a797-07d0-4202-9c52-2396a3776cfb,район Сокол,55.80012825,37.51624606196141,1949.0,222,115,13.0,0.11304347826086956
29191bca-50e8-4a62-b544-c9448895e8d0,район Хамовники,55.7322675,37.58528278365691,1959.0,193,90,1.0,0.011111111111111112
291940aa-7256-4e14-b8bf-a75cc2f385ed,Бабушкинский район,55.8699457,37.67196928744113,1967.0,150,83,9.0,0.10843373493975904
2919f497-e97a-48f3-8200-f4ff15ad51c5,Академический район,55.6821531,37.5772748,1997.0,294,159,43.0,0.27044025157232704
291e6e35-ea75-4c75-940f-b59ab1187abd,район Черёмушки,55.667256050000006,37.56965645058999,1999.0,454,248,69.0,0.2782258064516129
291f33b8-23a2-4566-b099-56d77e9a212f,городской округ Щербинка,55.5161825,37.574981050000005,1961.0,71,36,7.0,0.19444444444444445
2928ea20-0037-46b6-b3b5-ddf74629cfe2,Красносельский район,55.76821115,37.63559805438495,1890.0,105,59,8.0,0.13559322033898305
29298ddd-af48-47f1-a273-9ceaed64f59b,район Куркино,55.890489849999994,37.390202771282674,2001.0,102,44,8.0,0.18181818181818182
2935c39f-c670-468e-b1e6-f1d75f21010d,Пресненский район,55.77240255,37.581026374631946,1963.0,87,70,30.0,0.42857142857142855
2939f818-3ff2-464f-a355-7eed31a950e0,район Сокол,55.81326075,37.49018886637931,1957.0,30,19,6.0,0.3157894736842105
294978e4-54ff-4dc4-bba1-2f79a1a5ccf7,район Северное Бутово,55.57269685,37.56608613614714,1991.0,738,324,23.0,0.07098765432098765
294c19d5-6435-44bb-9136-528be635f458,район Хорошёво-Мнёвники,55.4955298,37.2027071,1966.0,173,84,2.0,0.023809523809523808
2953c250-e0f0-486e-8aed-c302f4a4e802,район Щукино,55.79423305,37.48299777604744,1955.0,173,73,2.0,0.0273972602739726
29663f14-57f4-46ce-beaf-985f56750a5a,район Проспект Вернадского,55.6708961,37.50608109923956,2016.0,351,176,27.0,0.1534090909090909
29698406-6a2f-4b25-9478-a1ce07b0997c,район Коньково,55.63773325,37.52921159940212,1998.0,725,408,129.0,0.3161764705882353
296d84b7-2557-437f-aece-516f7f3e8ce4,район Сокол,55.8030282,37.51495746324495,1967.0,116,80,32.0,0.4
297057f5-089b-4099-a5a9-65d8fd858cd2,район Кунцево,55.7388361,37.4254812,1963.0,74,72,38.0,0.5277777777777778
29747e01-9fbb-4adf-b390-4c3c75e41180,Гагаринский район,55.68454955,37.54810750582707,1963.0,105,72,15.0,0.20833333333333334
298413fc-c645-46ba-abdb-45e772c0d4e3,поселение Сосенское,55.54650825,37.493171823457686,2015.0,100,96,50.0,0.5208333333333334
29879310-700e-486a-ba83-3dd7814716c4,Пресненский район,55.77102385,37.56942251203076,1910.0,50,21,2.0,0.09523809523809523
299540e0-79d2-4572-af60-5cd23f1c1a1c,район Куркино,55.8852315,37.393676150910494,2000.0,140,253,204.0,0.8063241106719368
299ab67a-b8f9-49b0-9e86-e22c1403d669,район Аэропорт,55.8074852,37.52150965,1975.0,80,45,15.0,0.3333333333333333
299fb3d2-2c90-4d39-af8d-4a48bdfe4c40,Хорошёвский район,55.79826,37.526769932533256,2006.0,346,274,133.0,0.4854014598540146
29a23e23-9427-40fd-9989-182fb01bf9ec,Тверской район,55.7854135,37.58778080317919,1970.0,251,136,28.0,0.20588235294117646
29abecc2-7e0c-4e5f-b277-0c4c1024cd6b,район Черёмушки,55.666255449999994,37.55290838188217,1988.0,283,100,4.0,0.04
29ae5a81-c015-44cf-a5d0-e69963b6d0e3,район Гольяново,55.8179964,37.8205418820925,1969.0,144,77,3.0,0.03896103896103896
29aeb9bf-fed7-40c5-8d95-b57b3809d383,район Северное Тушино,55.8522867,37.4383152,2000.0,287,180,67.0,0.37222222222222223
29babff0-4e76-4580-b799-f49bfc1420b8,городской округ Троицк,55.8031153,37.78425050097438,1977.0,345,143,9.0,0.06293706293706294
29bae1bf-6492-469a-99fc-a227d470b037,район Отрадное,55.874022249999996,37.5917211154201,2009.0,335,168,23.0,0.13690476190476192
29bcb646-c7ee-4ba8-9e5a-f111b3dc6ad8,Ломоносовский район,55.6712774,37.54020799935649,1999.0,406,192,39.0,0.203125
29bdfdde-1ff8-4566-af6f-d6cff2c126e7,Гагаринский район,55.6850254,37.5397846,1955.0,1622,687,109.0,0.1586608442503639
29be8442-04dd-45da-a055-5495e91abc36,Гагаринский район,55.69039225,37.55503683731459,1974.0,188,112,15.0,0.13392857142857142
29bef882-5893-418b-a493-ac05574788ca,Мещанский район,55.7763218,37.627943476304125,1901.0,22,16,7.0,0.4375
29c81cab-ad89-4780-ba0a-e0bcf9766c6b,район Богородское,55.810663000000005,37.72531946135064,1964.0,141,69,4.0,0.057971014492753624
29ceadff-cdab-4ef1-8ff3-ff458a869d6d,Гагаринский район,55.5416914,37.2041884,1953.0,122,69,25.0,0.36231884057971014
29d07b33-4445-474c-b90e-c4db7a11e688,Останкинский район,55.811152199999995,37.63178096363106,1956.0,373,165,38.0,0.23030303030303031
29d18cdb-4ae2-4c91-97bf-9b73fbecd240,район Коньково,55.64658285,37.5328323,1969.0,589,251,7.0,0.027888446215139442
29d28fe6-33ae-4501-bb74-e6d5ef470ec4,район Отрадное,55.863099500000004,37.59122167495267,1989.0,254,128,14.0,0.109375
29d3a06a-c755-43a6-a31a-f5f50f93bca6,район Орехово-Борисово Северное,55.6257286,37.722992800137725,1987.0,532,261,5.0,0.019157088122605363
29d734ed-3cc8-4f08-93fc-91971c6d51b1,район Щукино,55.80157435,37.489129401898225,1959.0,111,60,15.0,0.25
29e6c092-89eb-4abf-a77d-0b6a10cc6e2b,Хорошёвский район,55.78200565,37.51261938752569,1955.0,187,72,7.0,0.09722222222222222
29e9a86f-7244-456a-8675-bcf3930de56c,район Отрадное,55.8648022,37.6153856,1994.0,397,192,34.0,0.17708333333333334
29ef0ee2-8296-471d-b408-87555ca1a0d8,Таганский район,55.74506565,37.671735648098256,1983.0,233,127,10.0,0.07874015748031496
29fa8f08-3de4-401e-b795-0d4e2e593300,район Марфино,55.82690395,37.59855025,2010.0,424,232,53.0,0.22844827586206898
2a00844a-39b1-4120-a4bb-6b6d163adb68,район Ростокино,55.83038755,37.66279548532054,1969.0,188,98,18.0,0.1836734693877551
2a04ef02-6d1c-4a16-823c-d502f74d0b3f,городской округ Троицк,55.4702483,37.29607528089434,1985.0,262,135,24.0,0.17777777777777778
2a06ab07-a9e1-4f71-bb2b-dbf633b08d4f,район Дорогомилово,55.746566099999995,37.56465784198642,1962.0,64,44,16.0,0.36363636363636365
2a217ea8-e8f9-4e01-a57e-5bd563f4a88c,Войковский район,55.820977299999996,37.49070599374579,1970.0,298,160,1.0,0.00625
2a25f750-4c9d-442f-8ff2-b7a7a42c37bc,район Филёвский Парк,55.74571245,37.5008991,1964.0,171,80,11.0,0.1375
2a3a7cd4-3377-425f-978d-2a40a48bb274,район Сокол,55.795789,37.50445939777755,1985.0,253,95,5.0,0.05263157894736842
2a59f087-feba-4128-b688-3e225c4e6a01,Савёловский район,55.800005850000005,37.57531989009695,1965.0,287,160,45.0,0.28125
2a656cfc-1dcc-4855-87ad-597e76a8303b,Тверской район,55.7727744,37.5909851,1940.0,350,133,29.0,0.21804511278195488
2a861305-ff57-4368-997f-9c71903043c7,Донской район,55.7145157,37.60573170639878,1961.0,96,48,9.0,0.1875
2a906b72-13a2-4ba0-bc49-5d57c655b02f,Бескудниковский район,55.87678975,37.54569348062766,1967.0,152,84,9.0,0.10714285714285714
2a9a388b-b8d2-432d-a4c0-a36a0b6e9915,Бутырский район,55.8268484,37.57888052671269,1966.0,140,92,23.0,0.25
2a9e4252-a529-462b-a3bd-864a440e91c4,городской округ Щербинка,55.5045765,37.56283293469068,1968.0,113,56,3.0,0.05357142857142857
2aa9d526-47e2-41a6-bb26-ad339af03f82,район Ивановское,55.7687138,37.822607097861365,1981.0,204,127,27.0,0.2125984251968504
2aadc15e-db65-4a79-80bd-b6839f750fc0,район Орехово-Борисово Северное,55.614990750000004,37.703810483079636,1974.0,925,570,151.0,0.2649122807017544
2ab29044-d7a3-4ad7-9d92-cbf690ffd280,район Преображенское,55.8000191,37.723871606879314,1999.0,251,101,15.0,0.1485148514851485
2acab345-369b-4e36-beab-9af6045e1e2c,Таганский район,55.744920449999995,37.68526304796451,1968.0,164,84,2.0,0.023809523809523808
2accc922-2cfc-4fa4-8a5a-aab816d63c02,район Беговой,55.7781801,37.55801005918683,1964.0,63,40,7.0,0.175
2ad34ea7-abe5-465e-811e-419574eefb17,Донской район,55.694281000000004,37.60553551090773,1973.0,916,418,17.0,0.04066985645933014
2ad5e67f-f2cf-41ca-bbfc-460f24abba00,городской округ Троицк,55.48495815,37.304908678529586,2008.0,992,504,61.0,0.12103174603174603
2aeeb07e-b46b-4031-ac0c-fb74eb168d7d,Пресненский район,55.7602659,37.55254886263025,1929.0,247,126,32.0,0.25396825396825395
2af97b7a-6315-4c2d-8fc6-693b09e224a1,поселение Десеновское,55.5047029,37.3317353,1963.0,51,23,4.0,0.17391304347826086
2b00fba9-3b67-49cd-8a9f-98849b7ddd2f,район Северный,55.913559750000005,37.55402011343613,2006.0,496,208,16.0,0.07692307692307693
2b11e649-ad84-4ed1-8667-7bf60a6705b0,район Чертаново Южное,55.5969562,37.58886445090228,1972.0,173,94,2.0,0.02127659574468085
2b1d454c-60f0-42a5-8fd2-25fedf28ed12,Академический район,55.69548835,37.56938797932416,1949.0,79,35,2.0,0.05714285714285714
2b220997-43fe-457b-b64e-570fa45be4b2,район Дорогомилово,55.7372044,37.5328738,1958.0,189,82,1.0,0.012195121951219513
2b2d65da-3ec0-45ca-abee-ac2a93417489,район Черёмушки,55.66270475,37.55683379206954,2007.0,180,179,110.0,0.6145251396648045
2b2facf5-9c7f-430e-8ca2-429c59961d1f,район Нагатино-Садовники,55.669677050000004,37.64749080443318,1981.0,241,127,27.0,0.2125984251968504
2b439b74-f377-409c-b95e-374e215aff95,район Раменки,55.69402815,37.48883113427909,1973.0,321,143,3.0,0.02097902097902098
2b4492d2-3cee-4e71-a680-4e13c4bdc4a3,район Кузьминки,55.703325050000004,37.7564874639348,2003.0,886,415,110.0,0.26506024096385544
2b45691f-aaa1-4a51-b380-d1a19a195cb4,район Хамовники,55.7241365,37.57249099990656,1966.0,97,72,31.0,0.4305555555555556
2b4f9056-782d-4253-8e8c-41f97fa6c962,Таганский район,55.729367800000006,37.67468207834477,1964.0,110,70,8.0,0.11428571428571428
2b506529-9129-4500-974a-a40de56507b4,район Марьино,55.6527508,37.7492860685831,1995.0,89,30,1.0,0.03333333333333333
2b530c11-4584-4ee1-abd4-e61e7489c000,поселение Московский,55.74208485,37.603883680362806,2008.0,563,284,88.0,0.30985915492957744
2b537ee8-6346-4ce8-9f39-138836875e61,район Левобережный,55.8578226,37.477851707191505,1965.0,153,84,19.0,0.2261904761904762
2b5b4672-2ad8-432e-928c-6db32ee0e9e1,Мещанский район,55.7769501,37.631173119870006,1915.0,29,15,5.0,0.3333333333333333
2b614f09-5e68-4012-904b-a0cb10b0af39,район Текстильщики,55.7135413,37.742228474826035,1967.0,152,86,13.0,0.1511627906976744
2b658a04-6d1d-43af-a67a-0edb8aa15d55,район Метрогородок,55.82306955,37.754076500434415,1966.0,217,140,19.0,0.1357142857142857
2b735893-bed8-49cc-ad06-b7493f80285a,Гагаринский район,55.684836849999996,37.548842447809996,1964.0,460,254,43.0,0.16929133858267717
2b7ba801-8008-4eba-bf1a-2c699420f76d,Басманный район,55.76987295,37.6746434692964,1966.0,152,84,11.0,0.13095238095238096
2b7cd959-0e07-4cd8-b694-fd4ce435f6d6,городской округ Троицк,55.47195855,37.29090411179876,2012.0,168,176,96.0,0.5454545454545454
2b8d4ae2-ccdd-4f40-aa84-37d9f5016891,район Перово,55.745773850000006,37.76798855,2003.0,693,329,48.0,0.1458966565349544
2ba104af-2cb4-407d-a6a6-9364fde76fa4,район Новогиреево,55.743597050000005,37.7993083,2014.0,303,208,91.0,0.4375
2ba19b9b-8765-42c0-b1d8-6539b7f50c1d,Алексеевский район,55.812435750000006,37.64366331508314,1973.0,153,94,17.0,0.18085106382978725
2ba259d7-e5bb-4d8b-89cb-91808e679507,район Чертаново Южное,55.5909713,37.6117174,2007.0,364,156,4.0,0.02564102564102564
2bb64a94-cbf7-4b0c-96df-38cba91e262e,район Щукино,55.79304745,37.49620354572173,1951.0,106,49,7.0,0.14285714285714285
2bc2983f-4b91-4129-aa2c-6699c260ca46,район Лефортово,55.7582383,37.712479264997725,1941.0,199,74,17.0,0.22972972972972974
2bc9c546-a812-42cb-a6a8-360b3f51e397,район Бибирево,55.8919772,37.59514315,1974.0,587,287,46.0,0.1602787456445993
2be7add4-de9a-4ec4-a441-41b685899617,Красносельский район,55.7738517,37.6384949,1910.0,17,8,3.0,0.375
2bea334f-bba6-40fe-a8a1-5c99492040e2,район Ивановское,55.76587595,37.82408413181818,1975.0,220,113,4.0,0.035398230088495575
2bebfffe-4fed-4505-a6ed-6db411227a4b,район Северное Тушино,55.86035745,37.41788717488288,2005.0,181,120,40.0,0.3333333333333333
2befaa2d-f36e-40da-a665-bad64dd1d1c5,район Соколиная Гора,55.7896281,37.73807880738465,1959.0,112,60,14.0,0.23333333333333334
2bfcc322-cc8c-4464-90c4-f1f0a076a4ac,Пресненский район,55.75773255,37.55968858037562,1964.0,169,84,1.0,0.011904761904761904
2bfcff99-ae9b-42c6-ae8c-2231e1d69e12,район Тропарёво-Никулино,55.66230445,37.487624,1976.0,437,240,35.0,0.14583333333333334
2bff8288-e3ec-4083-9419-d633ce8afc00,поселение Первомайское,55.46783945,37.295438121758835,2011.0,74,38,1.0,0.02631578947368421
2c0095f6-6187-4618-83a7-4660bc8527cc,район Левобережный,55.8711648,37.470232480072276,1974.0,238,95,3.0,0.031578947368421054
2c0e6cf5-ceda-4473-b917-0c4e26abaa27,район Ростокино,55.8364154,37.655550657669124,2008.0,164,91,28.0,0.3076923076923077
2c17d864-e24f-4f80-bc19-8447f0952e70,район Аэропорт,55.807201199999994,37.53145201089114,1959.0,152,79,11.0,0.13924050632911392
2c1f6345-0290-45c9-be64-551e43d8bff1,район Хамовники,55.7446948,37.5835217,1944.0,107,48,8.0,0.16666666666666666
2c23dcc0-2826-457a-a4ba-796987bef59f,Таганский район,55.730475,37.657760576074395,1945.0,224,94,14.0,0.14893617021276595
2c33c12d-71b3-4b81-9119-e17c3e2ce23f,район Западное Дегунино,55.87770085,37.521679699999986,2001.0,285,132,13.0,0.09848484848484848
2c35f1b7-be1f-4dca-82c7-620668d0f078,район Печатники,55.6588196,37.70338464458794,1976.0,262,120,13.0,0.10833333333333334
2c402182-fa52-410e-b6e8-11421a763b5a,район Тропарёво-Никулино,55.65630845,37.481622074519564,1968.0,432,192,10.0,0.052083333333333336
2c456afd-8b9c-4129-b09d-668de1a4c88d,поселение Московский,55.86084545,37.670015816331805,2010.0,630,383,133.0,0.3472584856396867
2c635e9a-007a-4dee-b832-f52d7494443f,район Черёмушки,55.6528383,37.5577256,1965.0,153,84,7.0,0.08333333333333333
2c6ac0ca-3c0f-490b-bd30-743ad0cf071f,Бутырский район,55.8143046,37.59109462335504,1952.0,77,42,11.0,0.2619047619047619
2c778e49-7f44-428a-b424-824158857b45,район Замоскворечье,55.7324581,37.64082357998747,1925.0,167,74,7.0,0.0945945945945946
2c7a8034-2235-4446-9680-c49f1324db5c,район Аэропорт,55.8007693,37.54050590032034,1965.0,479,257,8.0,0.0311284046692607
2c7bf028-1bf2-465f-8da6-a8838484cd4a,район Тропарёво-Никулино,55.659292300000004,37.49238655,1971.0,284,143,17.0,0.11888111888111888
2c8131b9-718e-44aa-ad71-25eeb27867c6,район Нагатинский Затон,55.68067795,37.68997500865743,1976.0,128,116,40.0,0.3448275862068966
2c984c7c-1949-4e5d-84c3-5ffd89f5a941,Пресненский район,55.769228350000006,37.56578123031687,1971.0,41,72,51.0,0.7083333333333334
2c9de65d-1e9b-4300-988e-6df0f6bd2cb5,район Раменки,55.7278963,37.52655280784012,1969.0,198,105,7.0,0.06666666666666667
2c9f95b9-ac56-4e99-a71f-8fb76f6b91bb,район Нагатинский Затон,55.68130825,37.665932602631585,1972.0,353,208,46.0,0.22115384615384615
2ca10985-f694-45c9-99c3-73f1f8818f6c,район Ивановское,55.751467649999995,37.830643125414525,1970.0,156,84,9.0,0.10714285714285714
2ca3a5fb-dc21-4b63-bf1e-793450391f5a,Таганский район,55.72930675,37.677428677868676,1966.0,104,68,11.0,0.16176470588235295
2ca44bd9-147a-4550-b0d9-ddadf5ef1afd,район Марьина Роща,55.788948500000004,37.611817177574935,1981.0,523,295,42.0,0.1423728813559322
2caa1df4-5827-405a-91f8-99b3f15b9aa3,район Восточное Дегунино,55.8607204,37.5659874,2001.0,242,124,17.0,0.13709677419354838
2caa40a9-0e00-4c8f-b841-61327fcb5242,Басманный район,55.77489305,37.70776643208144,2007.0,368,179,19.0,0.10614525139664804
2caabbaa-4226-420c-b04c-32c796980ec2,район Левобережный,55.8676354,37.46290082995686,1970.0,230,112,4.0,0.03571428571428571
2cb6d991-a6fa-4d5c-8823-9ba2d83fd8d8,Нагорный район,55.6703265,37.610314218913615,2015.0,464,384,196.0,0.5104166666666666
2cc28159-5e03-48cf-915d-c253a57c5db6,Рязанский район,55.73119645,37.766590623191696,1965.0,127,72,3.0,0.041666666666666664
2ccd632a-1474-4f67-8939-0760509d1a90,район Текстильщики,55.694081999999995,37.73728942020349,1978.0,158,72,13.0,0.18055555555555555
2cde27de-504d-44b1-8c53-04de4943db7b,район Хорошёво-Мнёвники,55.76921765,37.47267284585858,2015.0,391,307,114.0,0.3713355048859935
2cf01f9b-b659-4508-8be7-f41fb5c8b188,район Черёмушки,55.6704871,37.56265305648713,1994.0,598,302,33.0,0.10927152317880795
2cf8b65f-aac0-41c2-b137-9165232a6f0f,район Коньково,55.641684,37.50164743472287,1999.0,713,313,47.0,0.1501597444089457
2d02eb22-1551-4637-adb2-58751795e335,район Царицыно,55.6369193,37.656560846250684,1971.0,233,112,8.0,0.07142857142857142
2d0a5605-9254-4cc4-afbc-e4c68347cd5d,Хорошёвский район,55.77921345,37.54545234189071,1973.0,214,100,2.0,0.02
2d20885c-243f-46f6-a1fb-7fd0541adcde,Дмитровский район,55.8835379,37.54021709337991,1999.0,256,109,1.0,0.009174311926605505
2d253293-f470-4376-b026-c38a4a9275bf,район Соколиная Гора,55.7820876,37.7256737,1957.0,553,241,12.0,0.04979253112033195
2d259d61-9cfa-4ddb-8c13-faae4ed6251e,поселение Сосенское,55.57950245,37.4697799406472,2015.0,256,128,22.0,0.171875
2d2ddc15-becc-4eb1-828e-e66a7fd31c7d,район Котловка,55.68054945,37.61219922427536,1968.0,165,84,13.0,0.15476190476190477
2d3d5ec3-adaa-409e-9798-c1c6a10a26c3,городской округ Щербинка,55.474062599999996,37.30544433075623,1961.0,104,47,5.0,0.10638297872340426
2d4a756b-b8da-4f7c-8071-4f8e9cb65d37,район Очаково-Матвеевское,55.70857105,37.486360844663594,1970.0,206,98,2.0,0.02040816326530612
2d5416fe-21c1-44e3-a74e-e41c297f5a17,район Аэропорт,55.80257135,37.543756106810235,1974.0,112,68,20.0,0.29411764705882354
2d5e8e86-d214-417a-9a73-2a12a653b16c,Пресненский район,55.7596899,37.604810665034556,1902.0,86,41,10.0,0.24390243902439024
2d698586-08af-4957-bb0f-d80968c91714,Савёловский район,55.79523865,37.56699795,1984.0,81,48,8.0,0.16666666666666666
2d71b534-cdeb-4ef7-b803-1d0444b50ed7,район Свиблово,55.8516572,37.656709400870795,1984.0,497,290,51.0,0.17586206896551723
2d7a1093-4f26-41d6-ad9e-64260508b4f7,район Кунцево,55.733071550000005,37.44133262580286,1970.0,496,221,15.0,0.06787330316742081
2d7ba8d4-9317-4f86-b704-7f65869afe2a,район Измайлово,55.7959037,37.7975072,1979.0,219,105,7.0,0.06666666666666667
2d81576d-d030-4dbb-8d9d-a8285aa6bfc9,район Некрасовка,55.7042905,37.93743806350586,2016.0,637,320,24.0,0.075
2d8ad04e-8d7f-49db-9974-fc421006da37,район Коньково,55.6493155,37.51998082172456,1968.0,324,143,5.0,0.03496503496503497
2d8e05bc-bb33-4fb3-89ad-c9decee46ba2,Басманный район,55.7718276,37.70520673780199,1969.0,324,166,14.0,0.08433734939759036
2d90473d-c48e-43a2-9c10-66e09dc9eb59,поселение Сосенское,55.5409093,37.497200896722745,2015.0,513,256,36.0,0.140625
2d9bd428-b506-4dfe-a269-ad8a1f738964,район Северное Измайлово,55.80448955,37.8084846,1961.0,112,84,20.0,0.23809523809523808
2db0d80e-2016-408b-8ab8-1f840be057c4,район Левобережный,55.85844975,37.469247158628875,1963.0,193,102,17.0,0.16666666666666666
2dc67fe0-af1b-400c-b4d0-92bd7a38a128,район Хорошёво-Мнёвники,55.7809922,37.450754156079256,2006.0,524,370,156.0,0.42162162162162165
2dcb61c7-8b8a-4299-9603-0325718fcb7b,район Раменки,55.72320515,37.524562752231446,1963.0,100,60,15.0,0.25
2dcbb02e-40b8-4350-8053-2c982dc2be7c,Рязанский район,55.714909250000005,37.7501344292924,2008.0,216,239,160.0,0.6694560669456067
2dd1c4c2-d93d-4cb8-8c30-3b785759fabd,Пресненский район,55.7600397,37.57892062716989,1900.0,47,24,5.0,0.20833333333333334
2dd37c77-6b09-4a01-bafa-64d2899bb79d,Пресненский район,55.7567035,37.59239267160993,1914.0,120,62,16.0,0.25806451612903225
2dd76ff8-e2bc-4b0c-9ddc-613dc00ef6cb,Даниловский район,55.715591,37.660767602934826,1928.0,86,38,5.0,0.13157894736842105
2de1e4f9-3078-4484-ae0f-7a1e1bfe341d,Нагорный район,55.666640900000004,37.61631007509874,1968.0,166,84,2.0,0.023809523809523808
2de4cebe-fc76-43a2-a6d6-90ce99258db7,район Тёплый Стан,55.63461945,37.51078839879683,1973.0,258,143,39.0,0.2727272727272727
2de52ab4-2f9f-48b4-a147-178b4c0eb233,район Западное Дегунино,55.880749449999996,37.4932529,1982.0,602,258,12.0,0.046511627906976744
2de95e45-4776-48c2-8a3c-692f3e64bc86,район Нагатино-Садовники,55.6638148,37.64661970604419,1984.0,1382,651,89.0,0.13671274961597543
2dee6431-2319-4d54-934e-3caba55c95b6,район Хорошёво-Мнёвники,55.7892178,37.46466088825431,1973.0,202,112,3.0,0.026785714285714284
2df34c62-e6b7-4c0e-bc1c-b64b0e701d10,район Замоскворечье,55.73966045,37.62680643022091,1910.0,39,14,1.5,0.14285714285714285
2df39ad8-3976-460c-8f20-658354fbc1a7,Таганский район,55.745898350000004,37.666243758188735,1959.0,106,47,4.0,0.0851063829787234
2e0e10b3-ca30-496c-a0ce-05c41889bc4f,район Левобережный,55.85872005,37.47064951648531,1968.0,188,110,26.0,0.23636363636363636
2e13faab-f73d-4c04-a321-1e0452ed0bb7,район Соколиная Гора,55.78024215000001,37.725633646984306,1961.0,148,76,20.0,0.2631578947368421
2e1a5374-e221-4676-8d25-6f912495ee4b,Гагаринский район,55.68207135,37.5473533010005,1963.0,122,72,4.0,0.05555555555555555
2e334a16-df16-42fd-b320-a1f180c5518e,Пресненский район,55.7711464,37.556350115092826,0.0,129,64,1.0,0.015625
2e3a7921-8438-4b96-9ed6-27a8c69ec246,район Левобережный,55.865610950000004,37.469737705371486,1974.0,174,99,19.0,0.1919191919191919
2e3b55cb-3d5d-4a03-9c3b-2a8b44371696,Ярославский район,55.85892495,37.697135349999996,1974.0,226,112,10.0,0.08928571428571429
2e449a85-c8be-4338-8080-2241462c2c7a,район Коньково,55.6524245,37.52045825,1968.0,300,144,20.0,0.1388888888888889
2e45d41c-64b1-47ef-9280-dbeb63b558a4,район Северное Бутово,55.5629735,37.584446939203005,1974.0,95,51,2.0,0.0392156862745098
2e46eacd-6c57-4807-afc3-807e7aa10bf5,район Бирюлёво Восточное,55.5817679,37.66340267266888,1974.0,404,224,33.0,0.14732142857142858
2e46f058-b539-4d28-beb9-778e2d577e69,район Замоскворечье,55.723250199999995,37.62407614449988,2009.0,269,124,20.0,0.16129032258064516
2e4a20bc-4211-48ee-bcf0-b542f8339472,Пресненский район,55.7597136,37.60771171757315,1928.0,46,18,4.0,0.2222222222222222
2e4db2f8-1fc0-4e22-8fb7-bc61ea4420ff,район Аэропорт,55.81160195,37.53029654592846,1998.0,174,83,15.0,0.18072289156626506
2e50956c-e306-4557-9c52-e65091e842f7,район Коптево,55.82502925,37.52023290955644,1971.0,131,72,7.0,0.09722222222222222
2e5702e0-c141-432a-8b22-6843631c6808,Тверской район,55.768782200000004,37.59737276568511,1902.0,129,62,21.0,0.3387096774193548
2e61b864-3c21-48d0-ab64-19fbe8f7f794,район Щукино,55.7936621,37.48442369951371,1951.0,43,25,8.0,0.32
2e688d4a-d893-44c7-8138-ce91351b1762,район Дорогомилово,55.7416215,37.5417722,1937.0,791,334,23.0,0.0688622754491018
2e68a4d5-3fe3-4a57-aec2-f8a078411874,район Люблино,55.68449175,37.73830658352051,1988.0,667,320,44.0,0.1375
2e82a49c-eac6-4e83-9bcf-0b0b61aa39e2,район Перово,55.762397750000005,37.79085095467535,1961.0,109,58,11.0,0.1896551724137931
2e8a395b-8ae7-40a8-a870-a62b1b831204,район Бирюлёво Восточное,55.60473055,37.65859961081694,2012.0,1927,856,132.0,0.1542056074766355
2e910ad7-f84a-4648-a8d5-ccca02212d7b,район Черёмушки,55.65959695,37.5701455,1967.0,116,84,32.0,0.38095238095238093
2e970f4b-cc5c-4db1-ab11-fe86c334a833,район Фили-Давыдково,55.73210655,37.47083519025309,2004.0,488,252,10.0,0.03968253968253968
2e99bafa-2446-419b-9c33-a3ddb7b888b3,район Проспект Вернадского,55.68457255,37.49130765,1998.0,318,125,8.0,0.064
2e9b4ac4-3477-44e4-8f3d-811d8a346056,район Левобережный,55.8669911,37.46988361051693,1962.0,138,71,9.0,0.1267605633802817
2eac5049-97c6-4626-aafa-5ae3fdc2f9a1,Басманный район,55.7749512,37.6972593,2002.0,260,149,39.0,0.26174496644295303
2eb5caf5-2b12-4430-9631-4d1c116ed541,Таганский район,55.7416339,37.68084631715758,2008.0,412,216,19.0,0.08796296296296297
2ec5d077-f9d6-4d1a-afc2-517816d6cf1b,район Черёмушки,55.67424425,37.547582622960654,1973.0,115,62,4.0,0.06451612903225806
2ecee824-4466-4844-9a86-3f598fa89e30,район Нагатинский Затон,55.68080825,37.672198267206554,1964.0,99,68,14.0,0.20588235294117646
2ecfd8ed-0298-412b-8fb3-762bbe192f72,Пресненский район,55.75726455,37.543300515670424,1962.0,96,68,14.0,0.20588235294117646
2ed2fdcb-8c8a-4c1b-a852-811e4196f3b5,район Хамовники,55.74490205,37.589800926522585,1908.0,16,7,2.0,0.2857142857142857
2ed5f061-1484-4e8d-8a57-86e49df25965,Тимирязевский район,55.8208943,37.572972,1962.0,88,64,24.0,0.375
2eebf9e6-7173-436b-8d81-1def3a5f0db4,Хорошёвский район,55.780366650000005,37.51311769400125,1957.0,12,72,69.0,0.9583333333333334
2eec7486-ec1b-4d33-ba6b-d9f4761efd3f,район Аэропорт,55.810854500000005,37.501335875503884,1959.0,103,60,12.0,0.2
2ef07116-8225-46e6-86aa-70506b303b88,район Тёплый Стан,55.630587899999995,37.51033578670153,1972.0,272,143,40.0,0.27972027972027974
2ef24192-c9ab-46c0-9e19-113536628bce,район Южное Тушино,55.8466333,37.4258521,1966.0,130,72,10.0,0.1388888888888889
2efc1e05-afbc-4a15-8903-8f0290d5b1eb,район Солнцево,55.654518550000006,37.38492358598677,1973.0,162,81,6.0,0.07407407407407407
2f041752-cae7-4c03-8875-d7725aa702fe,район Северное Бутово,55.5716553,37.5760384,1991.0,726,500,155.0,0.31
2f1442c0-53b2-49e3-b534-266c1e9d90f8,район Некрасовка,55.70638555,37.93095854233271,2015.0,926,499,75.0,0.15030060120240482
2f32062f-effb-48ca-adc6-0fd07738c492,Тверской район,55.77039845,37.60132472930502,1917.0,48,20,2.0,0.1
2f39a549-5757-4fc2-b5a8-d844cdafe1ff,район Дорогомилово,55.749172650000006,37.56681438906239,1974.0,127,77,10.0,0.12987012987012986
2f43c8b2-d1a8-4c08-958a-a10c9a8d6830,район Митино,55.8412969,37.3769998,2005.0,883,399,82.0,0.20551378446115287
2f4c1143-707f-4aec-a80a-50cb97ad7601,Южнопортовый район,55.7054907,37.67090676077588,1968.0,168,92,2.0,0.021739130434782608
2f4ed552-21df-42f1-b597-a00410b17ac9,район Вешняки,55.7248014,37.81575142764037,2000.0,267,136,21.0,0.15441176470588236
2f52f2a3-7a20-4c0a-9e5c-d72de61c8ad2,Тверской район,55.7690609,37.60429405572856,1917.0,54,20,3.0,0.15
2f578c59-23b0-484b-b26c-bc7df9a110b1,район Аэропорт,55.79721875,37.547926860563564,1962.0,106,72,14.0,0.19444444444444445
2f5ba5bf-5448-4e3b-b99a-a37d1a3277cf,район Измайлово,55.7915718,37.7968006,1968.0,94,63,26.0,0.4126984126984127
2f75551b-0507-4693-b3b9-ee8bb23f3a72,район Аэропорт,55.80386575,37.54463870555555,1959.0,183,98,21.0,0.21428571428571427
2f7aeb59-9fff-41b8-a2dc-ac87f464d2a4,Басманный район,55.75823795,37.650043585292465,1917.0,33,23,12.0,0.5217391304347826
2f807c30-e588-4b65-8c86-d5ea9f1aa4cc,район Царицыно,55.62483505,37.654858265320776,1969.0,170,85,3.0,0.03529411764705882
2f8553c7-f500-472c-9c56-97aefbdb9e92,Тверской район,55.782432150000005,37.58779947152016,1958.0,66,30,1.0,0.03333333333333333
2f8c36e1-aeba-416d-a515-986577e86570,район Нагатинский Затон,55.67703465,37.66975273655245,1969.0,145,84,13.0,0.15476190476190477
2f8ee8b3-c94d-4417-ab15-61987257b880,район Ховрино,55.86034705,37.488936018565475,1977.0,208,95,14.0,0.14736842105263157
2fa228db-c458-47dc-9213-0f85f2ff09ca,район Соколиная Гора,55.782049650000005,37.73613516717814,1956.0,346,151,6.0,0.039735099337748346
2fb2d5c2-4f79-4698-ac6e-927dd317176e,район Текстильщики,55.7164523,37.72977704815788,1969.0,156,84,14.0,0.16666666666666666
2fbae441-cd63-463b-9565-915d8c4a1f90,район Раменки,55.704102000000006,37.49334634091704,2014.0,181,1219,1142.0,0.9368334700574241
2fc3d3a5-07cb-42bb-86e6-0aa46c93e42d,район Ростокино,55.829905600000004,37.6607301411283,1972.0,542,218,1.0,0.0045871559633027525
2fcd9e97-ded8-4410-aaed-5d512567d51b,Басманный район,55.77065685,37.681019664539804,1999.0,108,39,7.0,0.1794871794871795
2fe1cfb0-1d01-4d11-9ee8-8f6991149b3d,район Сокольники,55.7886983,37.67645579013293,1963.0,114,56,7.0,0.125
2fe3d1e0-f42d-4405-9c63-c9d018869f2a,район Кузьминки,55.715610850000004,37.77146335822417,1964.0,115,68,4.0,0.058823529411764705
2feebee8-e57d-4753-8091-2634d81e4f33,район Нагатинский Затон,55.6777277,37.69430311250839,1981.0,997,678,266.0,0.39233038348082594
2feff117-686e-46c1-9416-de70d6684475,Мещанский район,55.772884250000004,37.62414954845599,1900.0,47,32,11.0,0.34375
2ff0468c-387c-4050-b3a3-1e95f7a64162,район Чертаново Центральное,55.61446105,37.59120134375426,2008.0,246,137,36.0,0.26277372262773724
2ffa9180-5ae4-42d8-bfd7-dcbed0babc7a,район Гольяново,55.8196261,37.81580325,1970.0,644,287,6.0,0.020905923344947737
30071611-c1df-41b9-b0cf-37d6a7016cc5,район Кузьминки,55.70084595,37.782219076665385,1996.0,234,134,37.0,0.27611940298507465
301a0fec-c426-4d27-b91a-e9aa18a26e39,район Кунцево,55.7335295,37.41273755,1959.0,60,30,4.0,0.13333333333333333
3024373e-c34e-4b22-aa74-c468b6f90308,район Свиблово,55.8540373,37.66391249167948,1969.0,146,98,27.0,0.2755102040816326
30309181-8cc0-4428-b4ae-40231c69e9b7,район Хамовники,55.73976365,37.60238609471588,1930.0,48,22,5.0,0.22727272727272727
303d6f34-1d13-4ec1-8ed4-36cb0d37f0b4,Тверской район,55.77933205,37.59804531320802,1986.0,391,171,24.0,0.14035087719298245
303ddb3d-3e2f-42fd-99e1-9823e41f3d73,Тверской район,55.78276065,37.58693858394916,1964.0,234,128,24.0,0.1875
3041ba51-24de-4753-bf36-77cd4c3484ec,район Щукино,55.7959264,37.48826660530818,1950.0,93,36,2.0,0.05555555555555555
30424a0d-bed5-49ab-bcc1-daeaa58e0833,Рязанский район,55.72347345,37.784095019979176,1968.0,150,81,5.0,0.06172839506172839
304f34ca-f9ad-4ed8-a50d-054334170b32,район Северное Измайлово,55.8059665,37.812637,2005.0,249,132,20.0,0.15151515151515152
3055f466-5ec1-41b3-b330-892a70d4cc46,район Южное Тушино,55.84739895,37.42420661828203,1966.0,132,66,4.0,0.06060606060606061
30743f49-f473-4031-8e05-96528ec3139d,район Котловка,55.677182200000004,37.60278457512025,1970.0,167,98,15.0,0.15306122448979592
3075aab1-5ab4-4d94-b396-c9951abff0b2,Савёловский район,55.80612325,37.58131970578271,1962.0,102,64,9.0,0.140625
30761bd4-c372-45f3-ae6f-33dc3e9827f7,район Преображенское,55.79178055,37.712289180177855,1964.0,123,60,4.0,0.06666666666666667
307a9c46-7d9d-487b-ac01-0539213fef45,Головинский район,55.84680755,37.48324959999999,1966.0,144,84,15.0,0.17857142857142858
30830d0c-1dce-40e4-a358-c0cb7e906af4,район Зюзино,55.6604025,37.6034648,1963.0,126,70,12.0,0.17142857142857143
3085b86a-1ad8-463d-afee-d45f04c2589e,район Ивановское,55.76780315,37.83574065,1973.0,188,112,19.5,0.17857142857142858
3090df73-e6d2-409f-9a8e-39890431e91b,район Сокольники,55.789830249999994,37.667429400692654,1986.0,216,89,4.0,0.0449438202247191
30972980-92ed-4e10-a61c-bff26767f4b2,район Раменки,55.702889150000004,37.49126036134085,2015.0,86,834,804.0,0.9640287769784173
30a514bf-25e2-4e4b-841d-6514cf29844e,район Замоскворечье,55.74336435,37.634937575257254,1962.0,209,111,23.0,0.2072072072072072
30a74501-24df-4ee6-92a2-e635474c0f60,Басманный район,55.75887625,37.654736237855246,1997.0,32,12,2.0,0.16666666666666666
30b18398-368c-4898-b94d-4c38b800d5e1,район Богородское,55.811639650000004,37.727715134086175,1963.0,120,72,6.0,0.08333333333333333
30b1f48c-9ca6-4156-b388-0e386787f081,район Марьино,55.66260035,37.760237234395284,2000.0,881,396,11.0,0.027777777777777776
30b5a707-4758-47be-82ad-97e35c0736c2,район Метрогородок,55.8263924,37.769345492314855,1966.0,154,80,2.0,0.025
30b982e3-f493-4b0d-898f-27dd0e4fe358,район Ново-Переделкино,55.651506999999995,37.34077178782377,2012.0,437,192,5.0,0.026041666666666668
30ba8c91-d63a-4365-98af-67b16fd049ed,район Сокольники,55.7915816,37.662269403571436,1972.0,236,143,41.0,0.2867132867132867
30cbecec-6c19-4851-bd6c-2cdd5afb6594,городской округ Щербинка,55.592328699999996,37.18975066139903,2013.0,202,102,15.0,0.14705882352941177
30ccf79f-211d-429c-826d-9de2e41e80c0,Алексеевский район,55.811669949999995,37.63935508345481,1955.0,655,316,77.0,0.24367088607594936
30da3ff7-9f32-4824-963d-18c1b12987ba,Ломоносовский район,55.6832766,37.51951866840838,1960.0,87,64,23.5,0.375
30e270b8-d6f0-4dc7-914e-24c0394d4bfe,район Ново-Переделкино,55.639523100000005,37.35197219999999,1989.0,437,192,13.0,0.06770833333333333
30ec6abc-d60e-441e-ad58-2fa3a5be6b60,район Дорогомилово,55.74705415,37.5676001266069,1968.0,128,65,11.0,0.16923076923076924
30ef1961-4dd3-43fe-a1c7-3e9a5d745df6,Ломоносовский район,55.668669,37.532636208076255,1992.0,294,128,4.0,0.03125
3101d002-d2ef-41c3-9780-aff6849bfce4,район Кунцево,55.73909735,37.40609737336648,1966.0,156,87,13.0,0.14942528735632185
31024ce4-cd5a-40c6-b835-bacf6f7d06b7,район Зюзино,55.64510165,37.598716185020216,1963.0,130,72,14.0,0.19444444444444445
31149447-4f18-4c7b-81e5-b906b61fd8c8,район Очаково-Матвеевское,55.711132,37.4757805,2003.0,407,204,44.0,0.21568627450980393
312eef84-b889-465c-81fe-301e73c7efd7,район Котловка,55.6683352,37.59403675662597,1962.0,119,72,15.0,0.20833333333333334
312f06b5-5240-4c3b-bd22-db0c12c4138b,поселение Московский,55.7851173,37.5219149,2008.0,242,226,133.0,0.588495575221239
3138c957-307b-4eda-89b1-a4cffe3e4b0b,район Левобережный,55.86040755,37.476837849999995,1963.0,141,72,8.0,0.1111111111111111
313f4a49-6a04-4a24-b0cb-03e74e42fe05,Ломоносовский район,55.67720635,37.54559382596007,1977.0,527,279,44.0,0.15770609318996415
3143a8c7-1e75-482f-b9b2-231e6b486247,район Хамовники,55.721833649999994,37.573927962819965,1961.0,282,140,24.0,0.17142857142857143
3144c2a6-308f-4df9-b7ad-80956d15ac39,Тверской район,55.774785550000004,37.61392866076471,1900.0,127,56,11.0,0.19642857142857142
31483792-265f-43ff-856c-1584c343839e,район Восточное Измайлово,55.7891071,37.81171405,1958.0,144,73,2.0,0.0273972602739726
315b6f09-026e-48ea-aa60-7d28827f9a10,район Кунцево,55.741256250000006,37.40182966967882,1961.0,157,83,15.0,0.18072289156626506
31689a25-bb0f-4a82-a1f4-c781a7e52256,Алексеевский район,55.8230177,37.66516505,1965.0,229,139,10.0,0.07194244604316546
31717b78-7e02-4ad9-b1bd-8166b76bd796,Нагорный район,55.654042149999995,37.61839027444954,1960.0,76,56,19.0,0.3392857142857143
31777563-9e51-4fef-bf92-641359389f1f,городской округ Троицк,55.5747817,37.39261954999999,1976.0,339,143,14.0,0.0979020979020979
31781304-db9a-4ab9-9e17-54258319d537,район Дорогомилово,55.7446605,37.561614908648735,1972.0,117,79,24.0,0.3037974683544304
31787970-619f-49e7-b453-97b233242f18,район Северное Измайлово,55.803003649999994,37.76279555105566,1970.0,190,98,18.0,0.1836734693877551
317d3235-3c8b-4bbd-94b1-df50c640977d,район Богородское,55.8190172,37.71920179379262,1968.0,181,84,7.0,0.08333333333333333
317ecaa5-0573-467c-b920-017fb4d54b6e,Рязанский район,55.71394975,37.75467417366117,2006.0,370,264,126.0,0.4772727272727273
3191ae27-16e1-45be-a51c-75b86d4b64bf,район Чертаново Северное,55.6346651,37.61540781021567,1988.0,462,256,61.0,0.23828125
3195d05a-b2cd-452f-a09f-af37d6a32dac,район Южное Медведково,55.86791965,37.6388502,2010.0,311,144,37.0,0.2569444444444444
3197242e-254a-48e8-9b38-3483a27af036,район Кузьминки,55.70372125,37.75273593489006,2002.0,158,71,16.0,0.22535211267605634
31a45b5d-41e4-4033-a8a2-0675b669eaf7,район Ново-Переделкино,55.64711275,37.341428474190124,2006.0,763,320,11.0,0.034375
31a9caa6-8752-4591-954f-b2de39e7800f,район Беговой,55.7910722,37.5771608,1966.0,138,84,16.0,0.19047619047619047
31aac52e-970d-440c-8a73-7c7385fe5ab0,район Ростокино,55.83643305,37.65338673654311,1984.0,251,105,4.0,0.0380952380952381
31ac3973-6e71-4264-b377-7478bf482ab2,Войковский район,55.8201334,37.5079086,2004.0,284,103,7.0,0.06796116504854369
31b640a4-6545-4d1a-980e-b8f23015f7e4,район Нагатинский Затон,55.683202449999996,37.66828421512882,1977.0,149,74,12.0,0.16216216216216217
31b74166-57d2-47c9-969c-4eee33dab2cf,Тимирязевский район,55.8476506,37.57160802610264,1966.0,126,72,17.0,0.2361111111111111
31c161b4-76e9-44f6-9536-d208943d4fb1,район Бибирево,55.89203645,37.60044748416024,1975.0,518,276,48.0,0.17391304347826086
31ca4b7f-c979-4842-9300-030d80505e38,район Гольяново,55.8146431,37.808333774409604,1968.0,155,88,14.0,0.1590909090909091
31cccdcd-9ce2-4875-a7c4-60e23e707d1d,район Хамовники,55.721804750000004,37.56471104278891,1959.0,73,33,3.0,0.09090909090909091
31cef06f-322c-4153-9b80-8e5beff753e7,Тверской район,55.786249850000004,37.59007647455357,1964.0,277,118,4.0,0.03389830508474576
31d0e17e-01fd-4953-a783-f10a3db87a44,район Царицыно,55.6228299,37.65939995751579,1971.0,181,84,5.0,0.05952380952380952
31d0f182-f89a-4910-a01d-30347102cccf,район Печатники,55.6869663,37.720988532117005,1973.0,342,144,10.0,0.06944444444444445
31d556e4-f14b-4c6b-9371-7f36dc04e974,район Черёмушки,55.6510247,37.56383035,1974.0,212,111,5.0,0.04504504504504504
31d6139b-119b-4376-bd14-5380a227f197,Савёловский район,55.802994049999995,37.571228542976485,1961.0,190,80,5.0,0.0625
31e046d5-c289-4534-b0b2-19d890e1518b,поселение Краснопахорское,55.434446750000006,37.32444351964508,2015.0,11,12,8.0,0.6666666666666666
31e30f93-06a0-4d8d-84e2-bec8d640f0da,Таганский район,55.73894845,37.66829472641505,1981.0,569,287,32.0,0.11149825783972125
31ebcc94-7a98-4359-aaf8-f65e26704c98,район Кузьминки,55.7111165,37.76336893485778,1965.0,110,72,24.0,0.3333333333333333
31ed64db-73df-4d83-8e78-df971e4c64b4,Мещанский район,55.7872052,37.63309942744708,1956.0,81,37,8.0,0.21621621621621623
31edcb78-61c9-4937-b951-2b49eb017294,район Очаково-Матвеевское,55.7132417,37.48629285,1973.0,167,93,15.0,0.16129032258064516
31f1893d-d74e-46ea-ac84-0e2a18e2e1e1,Бутырский район,55.82678435,37.58054705,1965.0,158,96,8.0,0.08333333333333333
31f89c18-23aa-47b8-9905-c934b144b81d,Савёловский район,55.803102949999996,37.56655300000001,1981.0,583,253,9.0,0.03557312252964427
31f9f211-30df-4d4d-b19b-324b25ab21e9,Басманный район,55.7585947,37.6432009,1931.0,148,62,4.0,0.06451612903225806
32162a22-b913-459e-be0d-3d199dbffb41,район Замоскворечье,55.74163895,37.63648155,1960.0,195,96,8.0,0.08333333333333333
321c7c37-91d5-42e2-b7f1-f96e1c717c71,район Сокольники,55.797287499999996,37.68589904332318,1981.0,108,57,11.0,0.19298245614035087
321f7898-d9cd-4c42-afc7-54e14bcbf013,район Марфино,55.829781100000005,37.598696200487964,1974.0,237,112,13.0,0.11607142857142858
3223f2c7-53e0-43cd-b16d-c75eaa378824,Ломоносовский район,55.6792309,37.52286225250452,1960.0,213,96,2.0,0.020833333333333332
322befdd-3479-4466-821c-792e0095a282,район Текстильщики,55.7005078,37.73884195,1959.0,130,60,7.0,0.11666666666666667
322f9a76-933b-4585-9c43-ebcbe79fab6b,район Соколиная Гора,55.789429,37.73728407370011,2010.0,126,123,75.0,0.6097560975609756
32307ee1-1336-45b6-b12d-d63a170a976f,Ломоносовский район,55.682131,37.52807748702269,1959.0,321,140,3.0,0.02142857142857143
323b3fd2-7701-48ae-8378-6ca3f81d14e1,Нагорный район,55.656147849999996,37.61075946543478,1966.0,113,71,21.0,0.29577464788732394
324bb097-55ca-4777-a6e9-b7a425d6e433,Рязанский район,55.71090655,37.78679520493671,1973.0,231,178,40.0,0.2247191011235955
32642b1d-005e-46e0-9517-544c8fdf2c33,район Бибирево,55.89236565,37.59876664967754,1977.0,234,124,21.0,0.1693548387096774
327326a9-4dd7-4c95-99d2-c06bc54935fc,Красносельский район,55.77322795,37.64968572773567,1940.0,473,221,53.0,0.2398190045248869
3275d960-6907-4d4a-ae2a-1509c0b3010c,район Очаково-Матвеевское,55.70933495,37.48334339044726,2003.0,210,104,26.0,0.25
3278640f-e2ce-4876-9cba-a5b0112537ba,район Чертаново Южное,55.591155549999996,37.6135788403281,2005.0,342,155,18.0,0.11612903225806452
327f2bbb-0c13-4b96-8ee1-a1bd390a21c3,поселение Филимонковское,55.5319217,37.2378563,2013.0,21,15,7.0,0.4666666666666667
328bb220-f229-4680-ad21-e990656644ab,район Коптево,55.840442350000004,37.54063243189655,1980.0,206,127,23.0,0.18110236220472442
329e8a1c-2475-4c95-9d47-424f9c3dccb3,Хорошёвский район,55.7822788,37.51421009266343,1956.0,169,67,7.0,0.1044776119402985
329ee75c-50d8-4e8e-b594-5776431adffb,район Печатники,55.68030935,37.7220222,1983.0,209,93,2.5,0.021505376344086023
32a53ef0-efea-4e45-b1e0-3fb200258390,район Зюзино,55.64814595,37.60379797271385,2004.0,317,184,52.0,0.2826086956521739
32b236aa-5e42-4805-b322-a31fb67a4575,район Измайлово,55.801250350000004,37.78581259978039,1960.0,73,40,8.0,0.2
32b7796d-78f3-4b2d-a4c8-a964d0bf1dd1,район Тропарёво-Никулино,55.671097950000004,37.47341775104597,2003.0,398,215,54.0,0.25116279069767444
32c59af9-e46b-43ac-b2ef-69190c428e8b,район Раменки,55.704163550000004,37.51230130202041,2008.0,742,387,52.0,0.1343669250645995
32cc2cca-df59-4d7a-83c0-f2114514734c,Бутырский район,55.821826,37.57988631536911,1966.0,128,92,25.0,0.2717391304347826
32d26f3a-f01f-4264-a80d-9b7bc8f0a97c,район Кузьминки,55.70002925,37.77404188670444,2003.0,415,180,35.0,0.19444444444444445
32db1c17-023d-45da-9b90-c6910d7fc0ca,район Вешняки,55.73371245,37.8254866240479,2000.0,373,203,45.0,0.22167487684729065
32e14159-1536-407b-a574-c370e057252e,район Отрадное,55.8561467,37.587433720224475,1978.0,771,428,9.0,0.02102803738317757
32e298e4-9013-41c0-8c88-b65214ee9e9a,район Хорошёво-Мнёвники,55.77851605,37.49612657318871,1960.0,121,60,7.0,0.11666666666666667
32fad092-8cd6-434c-b18f-81b79e6c7263,район Кузьминки,55.710649000000004,37.7617809,1965.0,125,72,2.0,0.027777777777777776
32ffa379-a61a-482e-b461-93d2bbf30a7b,Молжаниновский район,55.9472308,37.349394950000004,2013.0,270,144,35.5,0.25
331271c5-61e1-4dc5-bb40-499b8793afe7,район Коптево,55.836352500000004,37.53162643173103,1998.0,261,134,18.0,0.13432835820895522
33139010-9949-4f2c-86cc-c7daf25de520,район Богородское,55.8189573,37.709414249999995,1971.0,539,215,14.0,0.06511627906976744
3331f0cc-c4a5-4fb3-afc3-2c0658122f74,район Гольяново,55.81678535,37.8094873,1965.0,503,301,39.0,0.12956810631229235
333eaa98-3dbb-4878-849f-dd56c76e884a,район Проспект Вернадского,55.6738443,37.514453720377354,1969.0,383,192,25.0,0.13020833333333334
334c0263-a06b-4064-acef-a86ad0522efb,район Южное Тушино,55.84030315,37.45662613249142,1965.0,136,96,33.0,0.34375
33552c78-d854-418a-b978-8c70b8aea221,район Дорогомилово,55.74542285,37.557413852198046,1966.0,90,45,2.0,0.044444444444444446
335f8c80-5233-44fb-9987-3bfc833203aa,городской округ Троицк,55.5931283,37.4863101,1974.0,252,124,16.0,0.12903225806451613
33687298-2a76-4e13-b908-db8a53d3b61a,район Коптево,55.8237046,37.51988625268056,1950.0,87,36,3.0,0.08333333333333333
3368b21f-e864-41bc-b914-444307969968,Бескудниковский район,55.86189975,37.55615688097524,2014.0,362,225,66.0,0.29333333333333333
33747f0e-9692-4e5b-aaf3-485b228a88be,Войковский район,55.81651345,37.490171938655976,1957.0,381,194,38.0,0.1958762886597938
337d991d-7ac5-48cf-9fdf-c2bd5a3d91ef,Ломоносовский район,55.675856,37.540804,1982.0,351,182,21.0,0.11538461538461539
3382f5c4-cd1b-4d1a-917d-90c8469927d1,район Царицыно,55.634240000000005,37.66040404089178,1972.0,234,120,16.0,0.13333333333333333
3385b7ac-0d79-4e3d-a682-a4a419a92ff5,район Раменки,55.721507700000004,37.524462237844034,1962.0,128,71,7.0,0.09859154929577464
3393f443-8337-46b1-b640-e84f4920e826,Бескудниковский район,55.8683374,37.5466347,1972.0,239,111,9.0,0.08108108108108109
33a0fd6b-cec5-4af8-b2c3-22f13acaab3d,район Гольяново,55.8164099,37.8252137,1973.0,520,218,4.0,0.01834862385321101
33ac670b-9860-4dd8-8866-8c2b5eb35805,Гагаринский район,55.7030018,37.5732123,1959.0,911,354,6.0,0.01694915254237288
33b15c68-9716-4b4b-9757-d45652c1fe15,Мещанский район,55.7798214,37.6356199,1973.0,145,68,9.0,0.1323529411764706
33b3d8e0-4e70-44fe-a81c-e1a6cceaa5fa,район Крылатское,55.75684065,37.40717224215387,1985.0,955,454,28.0,0.06167400881057269
33c427b1-a8d5-4dd9-a184-9d790aec7e10,Войковский район,55.82636735,37.49494820719617,1966.0,174,84,10.0,0.11904761904761904
33df30e9-4cdb-4f3d-8583-53a388c66f27,район Лефортово,55.7535572,37.67733501979167,1982.0,206,87,3.0,0.034482758620689655
33e39e15-4c8f-4811-8116-ce72186e2533,Хорошёвский район,55.775550949999996,37.53073297854445,1988.0,192,135,58.0,0.42962962962962964
33e7e1aa-d66d-47e6-8c80-63119c521223,район Проспект Вернадского,55.6715229,37.51032060514518,1963.0,114,72,18.0,0.25
33fd8328-d4dd-4eca-817a-595aa7b420ea,район Замоскворечье,55.74313225,37.630246481453455,1860.0,18,13,7.0,0.5384615384615384
33ffa85e-da6c-4e31-b765-3ad2eb103a2a,Басманный район,55.7638637,37.6427998,1917.0,18,9,4.0,0.4444444444444444
3401d6f4-f6a7-4fad-8b2e-e84864600973,район Раменки,55.701828,37.4991275,2010.0,440,242,93.0,0.384297520661157
3407b2e3-405f-4710-acfa-efc80f0265c1,район Марьина Роща,55.79758415,37.60093841112319,2002.0,276,123,11.0,0.08943089430894309
340a93b0-ced7-4158-9afd-2052e7d8cc11,район Кунцево,55.7323988,37.411627527835364,1960.0,175,81,10.0,0.12345679012345678
340f39d5-ac10-48a4-99b2-f16316c24e75,район Царицыно,55.633235600000006,37.66149944896185,1973.0,251,120,3.0,0.025
3416e649-f5da-4c49-8679-a6cacead5d27,район Хорошёво-Мнёвники,55.4955298,37.2027071,1963.0,99,71,17.0,0.23943661971830985
34180166-9ad2-4c15-adff-f8458fd0eb32,Пресненский район,55.7585732,37.51891995379786,1971.0,302,178,10.0,0.056179775280898875
341d2df5-e105-4d2b-b6e8-e10272c638bd,район Беговой,55.7833953,37.5766919,1958.0,168,103,35.0,0.33980582524271846
3423281b-c74c-4f05-aa3d-22cb049719b7,район Нагатино-Садовники,55.6805636,37.65817322651872,1963.0,119,72,6.0,0.08333333333333333
3425245d-5cbd-49e3-b02f-f0a91c6e7ec5,Донской район,55.702526,37.59310309768957,1958.0,26,16,7.0,0.4375
342dc156-75a0-4dd2-a36f-aae731b2eecf,район Зюзино,55.657269,37.58849265,1964.0,171,84,12.0,0.14285714285714285
342f2442-b231-4e6d-b40c-a3fdc7c92cd4,Бабушкинский район,55.85850825,37.661699851415094,1967.0,112,72,17.0,0.2361111111111111
34346f74-6e1d-4b07-a9ab-b5ae7778204d,район Новогиреево,55.7524373,37.824420599999996,1969.0,166,84,13.0,0.15476190476190477
3438dc91-9644-4afa-ac44-6842382e5b53,район Преображенское,55.802429599999996,37.70467116406283,1973.0,457,211,19.0,0.09004739336492891
343b94fb-17d8-46b1-9915-318acdb02ec6,район Свиблово,55.84946755,37.65206848787839,1999.0,643,340,74.0,0.21764705882352942
34438632-184e-4ac2-84f9-fb8dcbf861ea,район Аэропорт,55.7979534,37.54886726790693,1966.0,120,72,5.0,0.06944444444444445
3446cb4e-1a3c-49c8-a9b2-791d3f7f0e1f,район Беговой,55.7793359,37.570508,1959.0,131,66,8.0,0.12121212121212122
344919f5-1762-4a7e-bbe7-17d8899e2c39,район Северное Измайлово,55.80627335,37.81793917421875,2003.0,783,367,17.0,0.04632152588555858
3454ef07-923f-4ee0-94e1-d86fe97a010c,район Аэропорт,55.8075355,37.53310479116257,1959.0,75,40,5.0,0.125
3458842c-3f5a-489f-b431-75dd935331c9,Тверской район,55.7690213,37.60161079244867,1917.0,52,29,9.0,0.3103448275862069
345b5d82-ee94-44cb-b0a5-b83b8a47f065,район Дорогомилово,55.7439834,37.5469122,1952.0,204,109,9.0,0.08256880733944955
345faa84-5e6f-49f6-9b1d-276bedfc9386,район Беговой,55.7815816,37.56120672779764,1973.0,307,137,14.0,0.10218978102189781
34682df5-876e-4a63-94c1-00e7ca96d0ae,район Царицыно,55.618198449999994,37.660982757467565,1974.0,776,356,18.0,0.05056179775280899
346af9e6-1ca6-48cf-b368-fad66388ded9,район Чертаново Центральное,55.61538915,37.593789519348206,1970.0,184,84,1.0,0.011904761904761904
34784920-7a1f-479c-a8da-e6c8534d266e,район Марфино,55.83077285,37.58769471598153,1973.0,142,72,9.0,0.125
347a4219-bc55-406b-8389-286529bc3190,район Нагатино-Садовники,55.6719794,37.65171877584115,1972.0,509,192,11.0,0.057291666666666664
3484d153-ce29-40fb-8a93-a16a1c9c25aa,район Восточное Измайлово,55.7996284,37.82684441670207,1966.0,308,168,18.0,0.10714285714285714
349deb12-547c-4446-b377-d2edbb673874,район Северное Медведково,55.89061735,37.65182527465693,1969.0,285,178,38.0,0.21348314606741572
34a0e296-e440-493f-9da7-b4cedee2421e,район Северное Бутово,55.567237399999996,37.57287904342331,2001.0,420,194,17.0,0.08762886597938144
34bb9fbb-c65c-497d-9b5d-056584636957,район Новогиреево,55.7465244,37.81422342144278,1975.0,201,104,8.0,0.07692307692307693
34d30ec8-4617-4c6d-b1f1-03a5a37da9ee,район Зюзино,55.64379165,37.59758945,1964.0,144,72,4.0,0.05555555555555555
34dc9930-1431-47e1-a061-82fddd4e9734,район Кунцево,55.73094585,37.439981867479844,1970.0,625,302,25.0,0.08278145695364239
34dd07e6-e772-4cf9-a799-42bec4e70cf7,район Хамовники,55.74265065,37.602576133514226,1928.0,17,12,6.0,0.5
34ea8a81-784f-4b9f-8416-953f2727f7b6,Басманный район,55.76810045,37.67735539295977,1978.0,179,108,29.0,0.26851851851851855
34eb0046-3892-49b0-9d18-912ad2801eb3,Головинский район,55.84907935,37.484920100000004,1966.0,293,144,2.0,0.013888888888888888
35034c47-7f82-4ab2-b187-b1dc32df816d,поселение Московский,55.86051225,37.666829000084064,2010.0,474,285,128.0,0.44912280701754387
350b39c2-b19e-4757-955f-972be395725c,район Южное Тушино,55.8444159,37.43878317197452,1962.0,161,66,2.0,0.030303030303030304
35132260-5d4e-4ade-8683-2ff78760063b,район Царицыно,55.6308146,37.67903605058946,1969.0,340,168,5.0,0.02976190476190476
35154b78-ec1e-4e7b-86c2-0455eb7df163,Таганский район,55.74012205,37.67091024198514,1987.0,1099,496,4.0,0.008064516129032258
351b87af-1e4f-4046-91c0-9fd20a2d08d1,район Дорогомилово,55.74355065,37.55067119544695,1985.0,120,71,11.0,0.15492957746478872
352193e7-f611-4f09-80d2-ee098a9b741c,Нижегородский район,55.7372663,37.70299695,1968.0,160,85,16.0,0.18823529411764706
3526ba08-c4f6-411c-861b-8555bb53052d,Пресненский район,55.760914850000006,37.603183337404396,1928.0,97,47,13.0,0.2765957446808511
352857f3-5a5a-4472-8d60-f501e1efcee4,район Южное Тушино,55.8435536,37.44239501287261,1970.0,341,144,1.0,0.006944444444444444
35352be3-8959-4229-a0c6-832a2de99327,район Богородское,55.817331949999996,37.70847014568534,1967.0,106,68,10.0,0.14705882352941177
3539ad06-7dda-4661-8f1a-4fb5a05e0ae8,район Новогиреево,55.7488699,37.799316469966726,1969.0,143,84,25.0,0.2976190476190476
3540a809-a815-4a04-b69f-0f14a0cff4f1,район Некрасовка,55.7005152,37.91709932098271,2011.0,799,358,38.0,0.10614525139664804
35413c82-13c2-4591-ac25-69d8f9cf8be4,район Некрасовка,55.7009065,37.91925187098853,2011.0,656,256,11.0,0.04296875
354c2a0c-17c0-48f5-bf20-8481b0c9d51a,район Раменки,55.73284685,37.536953166546795,1967.0,165,84,3.0,0.03571428571428571
35646b98-d1df-4042-8ab2-35efb644c791,район Печатники,55.688121949999996,37.71872713868577,2001.0,332,148,26.0,0.17567567567567569
356efae1-f4a0-4d8b-9d4a-3ec3da11d788,район Текстильщики,55.6936898,37.7376052,2004.0,140,83,20.0,0.24096385542168675
3573766f-3a64-4700-be15-c780e205ef40,район Якиманка,55.7323684,37.608401536597455,1937.0,257,105,23.0,0.21904761904761905
3577d957-0028-4978-be64-2bca13a3a0c4,район Замоскворечье,55.731308,37.63529008828273,1952.0,132,60,18.0,0.3
357e0ab5-3f63-42f3-a897-139d52e0c977,район Солнцево,55.6558356,37.405779,2006.0,966,411,17.0,0.0413625304136253
35802709-7bfb-4ec9-b90d-4bd67ed84ba1,Тверской район,55.768845049999996,37.619754427257675,1911.0,35,15,3.0,0.2
3594ced4-2e51-40fe-b853-40b45ddc1804,район Измайлово,55.8012213,37.7829572,1976.0,262,132,18.0,0.13636363636363635
35957cfe-602d-418f-8171-7b74128bd4bb,район Щукино,55.7951906,37.45780895,1974.0,141,84,17.0,0.20238095238095238
35973b8f-1228-45aa-9625-1958bd4a3077,район Царицыно,55.625661,37.657969808509236,1969.0,161,81,3.0,0.037037037037037035
359b37d5-b3af-4e73-bb38-c1da05d6a2d4,район Восточное Измайлово,55.802426249999996,37.8305872,1966.0,321,212,32.0,0.1509433962264151
359fcb04-8bd1-4aa1-94ab-eabfee59066a,район Беговой,55.7911532,37.584716,1936.0,189,94,15.0,0.1595744680851064
35b51945-8a8e-47c6-be95-5e850a1d346c,Пресненский район,55.7744357,37.5812579,1930.0,316,147,17.0,0.11564625850340136
35cb998c-89fc-407b-9180-c1e38d8d5177,район Лефортово,55.75569735,37.680658591183175,1977.0,201,108,19.0,0.17592592592592593
35db1680-d97b-486d-9bc9-d560745725c0,Таганский район,55.74532045,37.67574244631058,1985.0,188,127,31.0,0.2440944881889764
35e05c22-0429-4084-ab91-27ba2bf1aab1,район Сокол,55.7932218,37.50637424148397,1953.0,355,148,29.0,0.19594594594594594
35e0dcb8-b540-49cc-901f-95543efbac77,район Ростокино,55.8335372,37.6557199,1965.0,141,78,17.0,0.21794871794871795
35e82bea-9430-4e7a-85f2-0127695cea3d,район Беговой,55.77663905,37.5751167003736,1970.0,15,69,62.0,0.8985507246376812
35ed3718-a492-41bd-a0ca-ee47d757694d,район Марфино,55.8267248,37.60015611939716,2010.0,466,317,109.0,0.3438485804416404
35f23e97-1d55-44dc-8eaf-d209d9e2f180,район Беговой,55.7765378,37.556340251101695,1959.0,66,30,1.0,0.03333333333333333
35f916c3-79c4-4f5c-8c87-30152f13f856,Хорошёвский район,55.7805922,37.51486060989891,1956.0,169,71,12.0,0.16901408450704225
36016957-3e19-4dde-a27f-46b3c38bdd62,Пресненский район,55.7748981,37.582786402634824,1930.0,149,59,3.0,0.05084745762711865
3614ba73-57fd-470c-9c44-6903126eee9c,Басманный район,55.77717035,37.683452328,1984.0,370,190,25.0,0.13157894736842105
361505a2-5f46-4491-a739-346fc9a9243f,район Щукино,55.791133450000004,37.48872095791711,1970.0,147,82,10.0,0.12195121951219512
361655c6-95b7-4e32-901f-f2398a0e14ba,Даниловский район,55.7179866,37.63150976785221,1966.0,122,72,6.0,0.08333333333333333
361a16c8-2d30-4280-838c-208912fb08fd,район Гольяново,55.8164247,37.791321249999996,1976.0,161,86,8.0,0.09302325581395349
361c4685-57cd-48d3-955c-cdd19b6f6e20,Таганский район,55.74461285,37.686382088155284,1969.0,155,85,9.0,0.10588235294117647
3624c123-4278-49e9-a98f-3ebf4a088552,район Сокол,55.793176,37.51489424553895,1952.0,304,129,14.0,0.10852713178294573
362eac01-5876-4282-9ad9-a3e455a94635,район Арбат,55.75063085,37.58241034848594,1855.0,144,166,94.0,0.5662650602409639
36310997-1fcf-453d-a07e-a0d2b43ff026,район Хамовники,55.720427799999996,37.582523072777306,1943.0,153,83,27.0,0.3253012048192771
364224b5-5ec1-4cc9-9383-3f52a8f3cfc4,район Ясенево,55.59839975,37.53061549133864,2012.0,78,220,189.0,0.8590909090909091
364fcc3a-9f35-4db0-acc4-c617a036f196,район Северное Тушино,55.854368199999996,37.41038337354212,1968.0,155,80,4.0,0.05
365ae0ed-5e8e-4625-9257-800a9abecb66,район Щукино,55.79054335,37.50167664312454,1957.0,446,182,10.0,0.054945054945054944
365d950c-9173-4366-9999-4f54064122dc,район Северное Медведково,55.8799714,37.639183786310824,2005.0,200,104,7.0,0.0673076923076923
36663e7e-25a0-465a-a082-100a5f441d94,поселение Московский,55.942368450000004,37.34694139014168,2012.0,317,185,66.0,0.3567567567567568
366ea96d-23f3-4391-ae94-9e372ddd2f80,Пресненский район,55.77189365,37.58630186544933,1959.0,225,95,4.0,0.042105263157894736
367a7a49-1395-4191-be1e-3291633322ed,Нагорный район,55.65429775,37.609638149999995,1972.0,102,72,18.0,0.25
367a8b5e-99dd-421e-81a1-897440c2d9d5,район Южное Тушино,55.84479159999999,37.42708262556299,1962.0,138,60,1.0,0.016666666666666666
36887fd9-d35a-44ff-961d-a52d0fd1fe5d,район Косино-Ухтомский,55.7131348,37.8802643,2006.0,882,368,7.0,0.019021739130434784
3689ae5b-67f9-486d-bce8-ab02403cd462,Даниловский район,55.7085764,37.64065165260274,1984.0,159,78,16.0,0.20512820512820512
368fbb74-6b1a-401a-be27-e63e0bb178fa,Головинский район,55.85618865,37.5120275,1964.0,135,71,7.0,0.09859154929577464
3692b2c8-dbca-41c9-a9c5-7f89bb8a2f5b,Алексеевский район,55.80901455,37.63805045891698,1941.0,199,85,16.0,0.18823529411764706
3699a2db-b93d-44a1-9a61-f2a8f013e018,район Левобережный,55.8660151,37.47218063427678,2006.0,313,133,9.0,0.06766917293233082
36a35ca7-5ac2-4728-8ae9-bacd713ee165,Басманный район,55.76617215,37.671390771247246,1959.0,114,60,9.0,0.15
36abce4d-1f55-4789-afd2-99325b2780cc,район Сокольники,55.784888699999996,37.69750998323313,2009.0,507,414,187.0,0.45169082125603865
36abec99-c390-4f51-a786-78bddc8c00dd,район Люблино,55.67836415,37.76069434042422,2009.0,776,348,2.0,0.005747126436781609
36ad45ef-4c30-44a4-a7a6-f33da93caa81,район Марьина Роща,55.7855459,37.605250107914884,1911.0,90,46,12.0,0.2608695652173913
36b34720-47e5-4326-96f8-f64bfd0f9db1,район Северное Измайлово,55.80348185,37.79633098833882,1963.0,122,72,3.0,0.041666666666666664
36bda4e7-f7c9-43d5-a0c4-0ee2a33b5ded,район Кузьминки,55.70751635,37.768538771036006,1998.0,487,232,18.0,0.07758620689655173
36bde704-3821-46a0-9f1f-df14df82a68e,район Южное Тушино,55.8476658,37.4389504,1960.0,111,57,11.0,0.19298245614035087
36c45eef-4e25-4e06-8e5f-5b5ae012725d,район Щукино,55.8098389,37.45193279342111,1999.0,238,124,25.0,0.20161290322580644
36c577b4-19bc-425b-a2af-1540f3acd963,Пресненский район,55.764818,37.56051007089859,1961.0,111,66,15.0,0.22727272727272727
36cb7414-50cf-4e3e-8eb7-514dbbda8b4b,район Хорошёво-Мнёвники,55.783301550000004,37.44964990454201,1963.0,165,80,14.0,0.175
36d5d6a6-3925-4579-a31f-b50df99f4d26,Войковский район,55.82071175,37.518284779543066,1969.0,581,250,18.0,0.072
36e749cd-b880-4fb2-9b63-6bf840dde2c4,поселение Десеновское,55.501166,37.3307997,1970.0,154,80,7.0,0.0875
36f185fd-2915-43eb-95f4-d6c1e2797499,район Ростокино,55.8329051,37.65233858492449,1971.0,160,92,15.0,0.16304347826086957
36f31286-a737-4bdf-9b33-d03bcdecbb1b,район Хамовники,55.7246274,37.5723911983288,1966.0,332,180,40.0,0.2222222222222222
36f6bcdc-d921-4f5f-8333-ce6baae19e91,Нагорный район,55.656668749999994,37.61087045,1974.0,108,56,6.0,0.10714285714285714
36fcdf6f-b590-4227-9090-5ce04662e48e,район Зюзино,55.6585373,37.583380555906594,1965.0,163,96,21.0,0.21875
36fe0a9c-2947-4f6a-b0cc-a313cf239a17,район Измайлово,55.795353,37.801577535341906,1963.0,141,86,23.0,0.26744186046511625
36ff4ff2-23fa-46b3-aeb4-d681084b57f1,Тимирязевский район,55.8094408,37.562136828311395,1969.0,179,84,8.0,0.09523809523809523
3704236b-e64c-42f0-8094-2fe6a47aff57,Красносельский район,55.768993800000004,37.63656268890096,1963.0,84,72,36.0,0.5
3706b145-8465-45ec-a05a-5450a3c797f2,поселение Филимонковское,55.55097365,37.3246890655669,2013.0,20,18,10.0,0.5555555555555556
37121010-42ba-4d0a-beb5-c47914f0b50b,район Москворечье-Сабурово,55.6469814,37.66146986065897,1960.0,80,40,6.0,0.15
371357f7-8627-4c84-ac1f-742dbbb1ff28,район Бирюлёво Восточное,55.588632950000004,37.671362,2004.0,554,250,3.0,0.012
3718095e-8346-45a7-8f6a-51a1d106cf56,Ломоносовский район,55.678523299999995,37.51544892350225,1962.0,117,71,14.0,0.19718309859154928
371e3f49-8aa3-472a-8892-dd71bd3bd444,район Марьина Роща,55.7845952,37.61528980584795,1966.0,149,96,4.0,0.041666666666666664
3727e100-c4e7-4573-bbb3-913f08b96ae3,городской округ Троицк,55.471877649999996,37.30085040122792,1971.0,139,72,10.0,0.1388888888888889
3728951e-47c8-488d-aaa9-d3c3829ee58f,район Щукино,55.795868999999996,37.48179209321574,1957.0,359,140,7.0,0.05
373826a9-f226-47bd-b0c7-50f8cb2a9538,Ломоносовский район,55.5416914,37.2041884,1958.0,97,48,7.0,0.14583333333333334
374044e4-fa77-423a-81cb-e3373d746d86,район Царицыно,55.63537085,37.661871399999995,1969.0,303,144,2.0,0.013888888888888888
3747e361-bbbf-4213-8292-640b4e539d92,район Текстильщики,55.69617555,37.7378555506579,1963.0,96,64,12.0,0.1875
374b95bd-64a9-4958-9917-b269e141e637,Хорошёвский район,55.786412299999995,37.5120037,1955.0,67,35,11.0,0.3142857142857143
374e97e2-040f-4fbc-9d28-0b088bf934f1,район Филёвский Парк,55.7377519,37.4992313,1958.0,177,78,3.0,0.038461538461538464
375d133d-f9c9-4021-8e20-67e262b1b3cf,Войковский район,55.815635799999995,37.493597361224865,1960.0,58,29,6.0,0.20689655172413793
376a10ed-44db-48e5-8b4c-59a18e0a39d0,район Сокол,55.80549325,37.50724471965264,1960.0,312,170,38.0,0.2235294117647059
376a6097-65d5-4055-bc9c-95a9b5485f06,Алексеевский район,55.81764195,37.66369275153036,1956.0,424,184,21.0,0.11413043478260869
37790418-406a-447d-afac-958f32b8fbe6,район Северное Тушино,55.85420395,37.416330115114036,1971.0,159,96,11.0,0.11458333333333333
37845560-3511-401a-a3af-bd8535840ce1,район Северное Бутово,55.5638035,37.5710989,1997.0,261,125,22.0,0.176
3790eb73-e606-4b17-8897-e6154528f4f8,Бескудниковский район,55.86464235,37.56376181896924,2002.0,986,399,2.0,0.005012531328320802
37936bac-5cc5-4bed-a16e-0d37e0d1d565,район Нагатинский Затон,55.688542999999996,37.687614535326986,1971.0,170,96,4.0,0.041666666666666664
3793bd05-6509-42ea-815c-64f6cb37a7d1,район Котловка,55.6838283,37.59795683539145,1962.0,125,72,14.0,0.19444444444444445
3794f155-02d3-49e4-8fad-3cdca1a18bbc,Головинский район,55.84913005,37.48374597339693,1971.0,277,143,3.0,0.02097902097902098
379a9de5-da65-4268-b460-ffef7916c353,Войковский район,55.821218200000004,37.491992597675626,2003.0,118,54,10.0,0.18518518518518517
37a29160-c65d-4f61-b2af-8d3436792f98,район Кузьминки,55.70786985,37.777451049999996,1966.0,150,84,10.0,0.11904761904761904
37a98fbf-c745-44a8-8029-4beca25d484d,район Чертаново Центральное,55.607970699999996,37.593478511036984,2012.0,162,79,19.0,0.24050632911392406
37ad356e-e69e-4845-ba8f-37c53c089450,Тверской район,55.774173250000004,37.615297916200184,1951.0,90,34,1.0,0.029411764705882353
37b56626-30e2-4365-807a-3ea67d34cdf1,район Орехово-Борисово Южное,55.603303800000006,37.70909737476177,1975.0,294,191,44.0,0.23036649214659685
37b764ff-2704-4a97-a93b-041feeffc53e,район Очаково-Матвеевское,55.70665225,37.46370910155722,1974.0,387,196,17.0,0.08673469387755102
37b9a014-8273-460a-9aa3-7f5491e6748e,район Ново-Переделкино,55.6409377,37.34709495,1989.0,336,166,29.0,0.1746987951807229
37c64117-4ef7-4e8c-8062-462bbbe33c6a,район Бибирево,55.893200449999995,37.59902360002363,1975.0,358,191,34.0,0.17801047120418848
37ceaab8-79f1-400e-bc59-9488ada816c1,район Сокол,55.79259815,37.50647911104276,1967.0,188,97,9.0,0.09278350515463918
37d11c02-75fe-48bf-b788-ae9526393b6d,район Западное Дегунино,55.868101249999995,37.5306542724725,2000.0,303,135,3.0,0.022222222222222223
37deaee8-4313-4344-8566-85726c30e63b,район Коньково,55.6485917,37.5143363,1971.0,289,143,20.0,0.13986013986013987
37f656ab-ba85-49b0-b9c2-1175909e15d9,район Ново-Переделкино,55.640622050000005,37.36449703751258,1988.0,328,166,32.0,0.1927710843373494
37fd1026-907f-4bfa-ada4-3309c8c27340,район Лефортово,55.7569919,37.690372082809034,1958.0,585,254,33.0,0.12992125984251968
37fdf667-4797-48b4-95fa-5dc62a1dbaf6,район Текстильщики,55.7173953,37.72966454379433,1969.0,410,179,2.0,0.0111731843575419
3800557c-bc79-4d2f-bb37-065d6bbd67f4,район Измайлово,55.79084785,37.77217332777008,1956.0,59,28,8.0,0.2857142857142857
38070865-fdef-4c19-a22a-347213480011,район Аэропорт,55.8059586,37.53860516886816,1961.0,240,128,2.0,0.015625
3812c700-b01e-4eea-b78b-1b7854fd892f,район Зюзино,55.654719150000005,37.6044217024065,1999.0,424,200,43.0,0.215
3813048d-9c28-4843-bfab-e4790e8e3f16,район Ростокино,55.8315794,37.651134161211914,1965.0,106,64,10.0,0.15625
382a8efe-bf90-4565-88c1-5f6c8815405e,Савёловский район,55.800040949999996,37.557382206053816,1971.0,182,98,5.0,0.05102040816326531
382f55b8-914a-4d04-ab62-3e7cc060a9a2,район Хорошёво-Мнёвники,55.7788312,37.4999837991853,1960.0,127,60,4.0,0.06666666666666667
383c69c3-9e74-47c1-b7f5-de97ab41d3c6,Тверской район,55.7728523,37.58877458319398,1906.0,54,27,8.0,0.2962962962962963
38590154-fc94-4f9e-b85d-451ce31f21bf,район Котловка,55.67800895,37.60002730927623,1960.0,120,60,7.0,0.11666666666666667
385c26f4-7570-4dc5-977f-3118bb9d62d4,район Бибирево,55.88835185,37.60311389784985,1974.0,491,284,69.0,0.24295774647887325
385f4919-0ed5-47ff-b328-5ef4f9bbd4c5,район Марьино,55.65755145,37.753289441860986,1997.0,639,294,2.0,0.006802721088435374
386b6daa-a214-47b4-a7b0-84caed879f77,Пресненский район,55.760148150000006,37.603770382333636,1963.0,85,40,7.0,0.175
38764d68-f04e-4199-b24a-938c462a1a13,район Свиблово,55.85336,37.6439738,2003.0,1187,608,101.0,0.16611842105263158
38794d9e-c4a7-42c8-bcf3-9cfdc21c3e31,Войковский район,55.8159391,37.4931994,1965.0,119,60,6.0,0.1
387b2418-f1a6-45f7-a0d3-19eef3d55bf0,район Хорошёво-Мнёвники,55.7735696,37.46256881739079,1961.0,120,68,2.0,0.029411764705882353
387f9264-d858-4246-b191-1b8a792705ac,район Восточное Измайлово,55.794833350000005,37.82029063847354,1962.0,50,207,182.0,0.8792270531400966
388d0071-ada4-4eaa-a61c-b1d85b36dea1,район Южное Тушино,55.83861345,37.45736944524948,2002.0,310,128,7.0,0.0546875
38a78a20-9761-4bf9-92b7-464abbb1dc50,район Коптево,55.817694599999996,37.532571950000005,1965.0,129,72,6.0,0.08333333333333333
38ab78f9-f74c-4fe7-8ff3-9c5255c5b105,район Солнцево,55.655406049999996,37.40950885,1968.0,150,84,11.0,0.13095238095238096
38c05cf1-2bc5-4410-a828-041dd98aeac4,Красносельский район,55.786379800000006,37.655286113977056,1962.0,136,72,9.0,0.125
38c237b1-774f-4a68-ae7e-d2049f4203d6,Басманный район,55.756003449999994,37.64556703955326,1966.0,222,142,34.0,0.23943661971830985
38ce125f-6d78-465f-b27f-a984869fb17f,район Черёмушки,55.67687375,37.552743701237446,2009.0,135,99,42.0,0.42424242424242425
38d0b5b0-559c-4585-b337-9cdcb4e2a5c5,Тверской район,55.779056350000005,37.61586524236958,1975.0,235,126,32.0,0.25396825396825395
38d344bb-ffe1-4e3d-96e2-4ecc9884ce76,Нагорный район,55.6549822,37.6137338,1968.0,169,91,12.0,0.13186813186813187
38de89ca-af4e-4896-bb1e-b14fa199428a,район Соколиная Гора,55.76353755,37.733357598807274,1962.0,209,100,8.0,0.08
38e8b413-3162-404e-861c-60493f15e253,район Якиманка,55.7376996,37.620382623715415,1910.0,53,29,11.0,0.3793103448275862
38e9b5a2-e702-4296-b24f-a0e449abe984,район Крылатское,55.76299445,37.416205654503045,2013.0,60,220,194.0,0.8818181818181818
38f66065-75c3-461e-956b-7bd5007e9ab3,район Замоскворечье,55.7407523,37.64302624371143,1943.0,125,62,23.0,0.3709677419354839
38f6e451-6aa9-4410-9b57-8abc5aebb93c,район Коптево,55.8443007,37.54650704791644,1968.0,165,81,7.0,0.08641975308641975
38fed097-d4a4-4b5f-a831-6d70ac270af1,район Куркино,55.887982199999996,37.40230233245762,2002.0,15,86,81.0,0.9418604651162791
39010385-ac84-4ee7-92f1-73e72906f484,район Арбат,55.7573622,37.58508470091987,1952.0,164,63,6.0,0.09523809523809523
390a6c6f-4cac-420f-8f4a-4e4c83849c1a,район Дорогомилово,55.7426228,37.54302414348027,1937.0,241,108,3.0,0.027777777777777776
3912d1fc-ae62-4560-a291-a7789ca6cca6,поселение Рязановское,55.4718395,37.543464704300916,2007.0,431,271,89.0,0.3284132841328413
3912eb59-f3d8-4c2d-a92e-51d1e78a5d5d,район Чертаново Центральное,55.6236306,37.59196688916258,1970.0,182,98,14.0,0.14285714285714285
392163c4-b14f-40a4-a984-2aab4b369031,район Марфино,55.8466236,37.57952310204627,1964.0,126,66,9.0,0.13636363636363635
392bbacc-9b38-42fa-acd0-c7068c3a78ca,район Беговой,55.7806954,37.5612423987347,1956.0,411,198,58.0,0.29292929292929293
392c2a02-ad93-493b-9d83-e99f20203c8d,район Филёвский Парк,55.7523319,37.50665843043591,2003.0,281,182,63.0,0.34615384615384615
392f052a-1b0d-4a92-ae9a-0f6f5cf35e9e,Таганский район,55.73902995,37.688037916813514,2004.0,474,240,8.0,0.03333333333333333
39328b17-2d5c-465c-a90f-b87fc3dc1837,поселение Филимонковское,55.5520974,37.33106205903077,2013.0,30,16,4.0,0.25
3935dded-667d-40c7-b1ee-3b1bbdfc9871,район Хорошёво-Мнёвники,55.783771200000004,37.47100377142998,2006.0,1187,556,69.0,0.12410071942446044
3943312c-3948-4e3d-b3b6-361be3118378,Дмитровский район,55.883377749999994,37.53631227490247,2007.0,453,257,32.0,0.1245136186770428
39536a67-b348-462b-a4cd-14f8df371f54,Пресненский район,55.75788805,37.606121788218324,1915.0,72,45,19.0,0.4222222222222222
395478d7-e66d-42cd-8233-d36cf44e6e5b,Хорошёвский район,55.778387949999995,37.52537110301327,1986.0,300,128,5.0,0.0390625
39618689-e514-45d8-8fc4-e06e0c26056c,район Зюзино,55.6450418,37.583489666253016,1964.0,142,72,8.0,0.1111111111111111
396d68e5-c509-4d10-8029-a2b8249709b4,район Ростокино,55.83794255,37.65359061750826,1978.0,212,95,3.0,0.031578947368421054
397a291c-ca51-414c-b72f-b2100f756d59,район Северное Тушино,55.85950685,37.408518340367394,1980.0,233,129,2.0,0.015503875968992248
39835513-431e-4e52-9ea8-699de5399540,район Ховрино,55.85866585,37.496807386153264,2002.0,110,56,9.0,0.16071428571428573
398a98f7-b2a9-4d13-acfc-e1fb0807590e,район Сокольники,55.79592135,37.68551307078432,1957.0,45,19,3.0,0.15789473684210525
398e99d5-846f-4f6c-9215-90712acb3af4,район Хамовники,55.744511900000006,37.588283297806214,1830.0,19,9,3.0,0.3333333333333333
399760fa-65ff-4b49-9d54-3c1c89fd57b2,городской округ Щербинка,55.5159046,37.567035291363936,1963.0,60,35,7.0,0.2
399cc3c8-4c37-4fe0-a3df-16300abada7c,Басманный район,55.756083,37.648287,1910.0,109,48,3.0,0.0625
39af4fdf-3d7a-4e75-b347-7cee580f5a60,район Люблино,55.68097975,37.7734331,1986.0,203,111,23.0,0.2072072072072072
39c043a3-1de4-4292-9ee0-b40e87b26768,поселение Сосенское,55.574623599999995,37.46927917093886,2014.0,174,144,70.0,0.4861111111111111
39c98d7d-8636-45e4-a7c9-10cbffdceacb,Таганский район,55.7336471,37.67273702502465,1968.0,334,180,8.0,0.044444444444444446
39cfa9ea-273f-4ebd-919a-fb9a690db57b,Таганский район,55.7368293,37.67547433936541,1954.0,48,24,3.0,0.125
39d13bd7-2c89-4e2c-b41e-a4bea2aabb5e,район Северное Медведково,55.8801397,37.64369858238213,1966.0,113,70,13.0,0.18571428571428572
39dc59fe-40c9-4bb1-975d-c01955fddad5,район Гольяново,55.81055835,37.791087095117625,1966.0,105,68,16.0,0.23529411764705882
39de4dfd-edb5-40bc-9843-7e7e03e58f49,Обручевский район,55.661005700000004,37.522372950000005,1964.0,115,72,15.0,0.20833333333333334
3a09f829-5285-4b78-afcb-416eb57aecc8,район Измайлово,55.7887982,37.79539085,1959.0,111,60,8.0,0.13333333333333333
3a1059bf-a19f-407c-adfd-ceb0ce7f09c7,район Бибирево,55.8853361,37.61042438401783,1981.0,325,190,48.0,0.25263157894736843
3a15523b-43e1-4ccd-90ab-374007094344,район Коньково,55.6428868,37.547570230793305,1968.0,168,98,16.0,0.16326530612244897
3a17bde2-551f-4ed9-a687-fd6755e89ec7,район Якиманка,55.7230699,37.607604389914165,1962.0,107,72,22.0,0.3055555555555556
3a1e6ead-3ef8-4279-876d-43e6ea28a93b,район Западное Дегунино,55.88026945,37.4944947641485,1982.0,573,255,23.0,0.09019607843137255
3a206491-d7c3-4a8a-93f0-50470a41a5c5,район Аэропорт,55.79978665,37.54291535248062,1964.0,122,72,18.0,0.25
3a2d40dc-5560-4664-ba78-42c9a2915490,район Царицыно,55.62591785,37.67526786840141,1972.0,166,80,4.0,0.05
3a315ab9-3bd2-49ea-8ae4-671e17029cbd,район Щукино,55.7983627,37.4946289,2013.0,205,119,49.0,0.4117647058823529
3a3ba586-ea28-44c3-a9fd-4fc3714227fa,Мещанский район,55.7759539,37.6304407,1911.0,38,56,43.0,0.7678571428571429
3a3c6ffa-9874-415d-9511-819c7de19070,район Новогиреево,55.74711775,37.82224785,1968.0,156,96,15.0,0.15625
3a3e75c4-11d2-42ef-89fc-69f3d9e68504,район Черёмушки,55.67774295,37.56119487142857,1961.0,110,64,11.0,0.171875
3a404c10-8099-4c4d-b5dc-4e218865b414,район Замоскворечье,55.731784450000006,37.62896024701402,1970.0,121,82,32.0,0.3902439024390244
3a46a7b1-6ed4-4119-8f0d-acd3ed7d64e5,Бабушкинский район,55.8726646,37.667322810777755,1982.0,557,288,19.0,0.06597222222222222
3a4b735c-259d-4092-b8c4-ecafc8b1720e,поселение Московский,55.5916733,37.37986103467138,2012.0,285,167,51.0,0.30538922155688625
3a58ce7f-6832-458f-a047-8937c1d58525,район Хамовники,55.7316603,37.565646331334975,1974.0,67,69,35.0,0.5072463768115942
3a5bbbc2-9fb4-4e90-97b8-80a160cebdfc,район Замоскворечье,55.7247593,37.62315565210379,2002.0,87,46,16.0,0.34782608695652173
3a5f3b11-310d-4955-8070-e675636656c9,Пресненский район,55.7729497,37.58658980799905,1962.0,69,64,23.0,0.359375
3a616365-2584-48da-aaea-a74e66271103,район Сокольники,55.7845519,37.6846425,1938.0,60,31,6.0,0.1935483870967742
3a6597fb-5b3e-4f3e-9a37-4c68b060942c,Останкинский район,55.8183358,37.621657299999995,1972.0,317,142,5.0,0.035211267605633804
3a690a49-a251-47dd-b502-23926ef29eeb,район Сокольники,55.791203800000005,37.6707521501202,1976.0,261,124,16.0,0.12903225806451613
3a6a5b7c-1ba5-4800-8c93-2e42fc9d634d,район Арбат,55.754222,37.60803081503958,1899.0,18,9,4.0,0.4444444444444444
3a6d6d3e-ce84-47bf-b706-b2b49caaa8e5,район Дорогомилово,55.7441695,37.55006467691004,1960.0,351,172,8.0,0.046511627906976744
3a79f4c4-e163-4fb2-be78-d46394be55f4,район Беговой,55.78578555,37.568770159177674,1962.0,212,106,6.0,0.05660377358490566
3a7f96fa-ce83-444e-96e8-d1e45fc291ba,район Гольяново,55.821871849999994,37.7949378712792,1968.0,158,84,6.0,0.07142857142857142
3a866b05-f227-4bf0-9e59-32eaf6aa1ef5,район Перово,55.7563884,37.77794078776857,1966.0,112,72,17.0,0.2361111111111111
3a8c1be3-6c14-486d-a0cd-f913a8b1a217,Мещанский район,55.7907145,37.623144261826674,1976.0,206,125,32.5,0.256
3a9beeb9-cf7b-47aa-9c87-3608093489f5,Бутырский район,55.815561599999995,37.58517355160295,1967.0,138,96,36.0,0.375
3a9e7a48-48c5-4814-8442-68170254dab5,Рязанский район,55.71371015,37.79008189177944,1970.0,152,83,7.0,0.08433734939759036
3aa28458-817e-4b95-b4c6-2bba55e797d4,район Арбат,55.7555199,37.5905952,1917.0,29,20,5.0,0.25
3aa396cc-0d16-4a31-a678-fe3994a19c66,район Бибирево,55.8927708,37.6195175,1978.0,756,381,52.0,0.13648293963254593
3ab60674-6a62-4184-9c00-96856788d3e6,район Кунцево,55.7343496,37.41810635617854,1966.0,132,82,25.0,0.3048780487804878
3abff6e1-b75e-4770-bf70-d3e9c2495edc,поселение Сосенское,55.5748524,37.47711095828929,2015.0,47,135,118.0,0.8740740740740741
3ad2f2a0-26f0-4fb8-9d56-4ba526994aea,район Левобережный,55.86175725,37.47311214898931,1973.0,224,111,14.0,0.12612612612612611
3aee7723-1265-446d-bc1c-0948c4a4b274,район Щукино,55.7928854,37.48580129993415,1950.0,47,24,1.0,0.041666666666666664
3aefe044-9c4b-4e32-9f89-2aae45334197,Таганский район,55.741796949999994,37.648074905785904,1938.0,152,64,11.0,0.171875
3af62146-aefd-480a-8195-8655850bfeac,район Измайлово,55.7997901,37.7879328,2008.0,153,78,18.0,0.23076923076923078
3afcfd40-8e36-4ea7-be07-36b0081643f2,район Лианозово,55.894367,37.582130899999996,1978.0,243,131,8.0,0.061068702290076333
3afe9593-d806-4dd9-82c1-93e87221e5f0,район Кунцево,55.7429205,37.40032885196187,1998.0,441,233,69.0,0.296137339055794
3b019998-2cfa-4bc0-a49f-c8395a6bc04c,Даниловский район,55.711476149999996,37.660798374928746,1924.0,54,30,6.0,0.2
3b0940d7-44a6-4992-b602-f3962945c30a,район Северное Тушино,55.851155,37.411426282724,1968.0,298,178,21.0,0.11797752808988764
3b0bf42d-bb7a-4da3-a635-7469585fc4b4,район Свиблово,55.85908215,37.6463223914553,2008.0,598,261,4.0,0.01532567049808429
3b14893f-e327-4d9c-b5d4-b3c52370fe82,район Москворечье-Сабурово,55.63974535,37.66265308273389,1989.0,389,220,1.0,0.004545454545454545
3b1bbd76-eadf-43b1-bbae-4bab25e908c2,район Царицыно,55.6238696,37.670916237195726,1965.0,121,72,4.0,0.05555555555555555
3b26530e-4fd0-47ce-9301-8ca661e6e78c,Таганский район,55.7387207,37.64843192610866,1962.0,53,32,5.0,0.15625
3b27364c-f14c-48f8-9b01-a9d473595fb3,район Москворечье-Сабурово,55.64332335,37.654847696293984,2008.0,812,552,206.0,0.37318840579710144
3b2fd7be-e844-4672-9336-ca1e4bd0b317,район Проспект Вернадского,55.6856107,37.48940098066996,1998.0,263,100,3.0,0.03
3b337b41-b193-4f6a-8136-d14a03a211dd,район Южное Тушино,55.84846605,37.42596645327586,1968.0,181,80,3.0,0.0375
3b364d14-0f92-415b-a24c-697be02e4479,район Митино,55.84086835,37.37964230387357,2007.0,703,347,88.0,0.25360230547550433
3b3c059c-ad78-485a-92e2-3ada4c6e75aa,район Нагатинский Затон,55.67930440000001,37.67827275524728,2007.0,154,112,51.0,0.45535714285714285
3b5895ed-5e23-4112-8577-8a8223137afb,Ярославский район,55.876919799999996,37.727172404353944,1980.0,257,129,16.0,0.12403100775193798
3b58b819-e6da-4871-a192-c199472f6ef3,район Кузьминки,55.702933099999996,37.761333193049964,2006.0,663,327,14.0,0.04281345565749235
3b6659b4-933f-4b3c-961b-ccfc00130327,район Новогиреево,55.7506884,37.80026069557823,1952.0,137,73,17.0,0.2328767123287671
3b68bc14-01a9-441a-afb0-29987e214986,район Очаково-Матвеевское,55.712823900000004,37.485365138549,1971.0,410,191,2.0,0.010471204188481676
3b691a15-ef08-4b70-ba4b-3edd83f9b04c,Даниловский район,55.71106415,37.61431115496845,1972.0,95,58,9.0,0.15517241379310345
3b7bc315-2077-4505-b806-66105e0f962e,район Арбат,55.7494235,37.59317671704882,2006.0,21,17,11.0,0.6470588235294118
3b7d98bd-f13d-4bad-83a4-91a866ecc9b4,район Марьина Роща,55.7974837,37.61103857612069,1967.0,118,72,3.0,0.041666666666666664
3b8be539-8b9c-4d0b-bf25-b315900209c7,Таганский район,55.737963199999996,37.6772933972287,1968.0,160,84,6.0,0.07142857142857142
3b95331f-2fc7-4e4c-9794-9fc82d16bb53,Хорошёвский район,55.7815104,37.51727527197986,1958.0,104,58,17.0,0.29310344827586204
3b97c933-7b9e-441f-bcd5-10da1c4ec468,Басманный район,55.7584394,37.656844899999996,1960.0,94,42,4.0,0.09523809523809523
3b9c5537-f2be-42df-afc9-42ba70ef3a3b,Пресненский район,55.75738685,37.55210807526859,1929.0,184,99,20.0,0.20202020202020202
3ba6c1c2-111f-4eef-a15d-7f38df1d783d,район Северное Измайлово,55.806315999999995,37.77912393021725,2006.0,598,266,14.0,0.05263157894736842
3ba8e287-5ad7-4efd-9c66-1c2e27090d13,Рязанский район,55.7207952,37.7828422,1960.0,115,60,6.0,0.1
3bb184ed-afe6-42ca-b8b9-0d36706dccdc,Тверской район,55.76317865,37.61510845380746,1917.0,15,8,3.0,0.375
3bb1f354-e864-4fd4-8c89-504a42c73f07,поселение Роговское,55.47626195,37.303977058117816,1973.0,41,18,2.0,0.1111111111111111
3bb514c9-e64a-4dbe-a779-5e4c55ab9ff4,Бабушкинский район,55.86267515,37.66192442391028,1979.0,251,448,319.0,0.7120535714285714
3bb786c9-70d1-48bb-ba38-31b5e738c828,район Беговой,55.78090985,37.56037767452557,1993.0,129,91,32.0,0.3516483516483517
3bc43e4a-2e59-42c0-8c19-b3cd9681162a,Алтуфьевский район,55.8812535,37.58529166617019,1968.0,146,81,5.0,0.06172839506172839
3bcd01ac-4564-478b-97b8-3b81c3b79c4c,район Коптево,55.834911950000006,37.52682015,1988.0,212,110,1.0,0.00909090909090909
3bd641f9-7732-47b0-8c62-cc4b04ba1e67,поселение Московский,55.5917359,37.37837744781732,2012.0,324,182,50.0,0.27472527472527475
3bd6e6cc-d9d0-46a4-a7c9-386a1e41f9cd,поселение Новофедоровское,55.44433785,36.95091635,1970.0,83,36,1.0,0.027777777777777776
3beac7e1-4d6e-4669-b586-f30c1c7c1e0a,район Нагатинский Затон,55.68329055,37.67463995,1965.0,388,194,7.0,0.03608247422680412
3bf35893-ce72-4ca1-8fc6-2b75bd0c6633,район Митино,55.8272852,37.34866438296983,1999.0,573,257,1.0,0.0038910505836575876
3c00c882-401e-43dd-b73c-5303801df274,район Зюзино,55.643757949999994,37.59938796640625,1964.0,102,72,28.0,0.3888888888888889
3c02aca3-f350-4d6e-9288-8ed91a110fb8,Тимирязевский район,55.8238999,37.56849534482038,1967.0,124,96,36.0,0.375
3c02c689-91e4-40da-bbf8-acc661cff4d2,район Южное Тушино,55.8455132,37.425703865726895,1966.0,135,72,6.0,0.08333333333333333
3c02d126-76ea-46b0-9d81-ba52d75ec77c,Головинский район,55.85007865,37.478629128648656,1984.0,149,76,6.0,0.07894736842105263
3c0573be-5584-468c-829e-b18d1aa8f832,район Коптево,55.8263328,37.5253122,1977.0,176,98,5.0,0.05102040816326531
3c0a1abf-0355-4b68-8648-63619a35f154,район Черёмушки,55.674267349999994,37.55425147038682,1963.0,94,71,24.0,0.3380281690140845
3c23e5c9-3e45-4f0a-a86d-cc15f49c4509,район Хамовники,55.745534449999994,37.58715143318559,1985.0,120,65,21.0,0.3230769230769231
3c2890a2-2e45-46f9-9063-bdd46dc42bef,район Нагатинский Затон,55.68035515,37.670829762745086,1964.0,116,66,7.0,0.10606060606060606
3c3937f8-f486-4a0e-b15e-5b0f356f6c03,район Строгино,55.80609235,37.42166254159848,1985.0,483,223,6.0,0.026905829596412557
3c43669f-4a9d-4b3c-bb8d-a4d6f4ae1d69,Академический район,55.6868854,37.564937660867194,1978.0,135,127,64.0,0.5039370078740157
3c43ad9b-0219-43b8-b7a7-6a0940221108,район Царицыно,55.62279985,37.65620399381399,1995.0,241,132,31.0,0.23484848484848486
3c4461ab-f819-4cc6-9a6c-16d60437d15e,район Якиманка,55.72334,37.607977502644005,1963.0,121,72,14.0,0.19444444444444445
3c449062-ba1c-459e-a7e3-66c1bea58bc4,район Кунцево,55.741947249999996,37.41706654273641,2009.0,422,281,130.0,0.4626334519572954
3c450947-f489-4805-b4bb-d4cc874d6523,Пресненский район,55.761679650000005,37.572954093975596,1962.0,134,68,6.0,0.08823529411764706
3c4ca18e-56c8-4cab-a25a-7e7da15ea362,район Раменки,55.7041577,37.5090475,1963.0,288,162,12.0,0.07407407407407407
3c549341-2b01-4a32-b275-3edb0504b134,Тверской район,55.774057850000005,37.58782880394493,1948.0,104,47,12.0,0.2553191489361702
3c5cdfae-23cc-4b8d-b1f5-63e16fdd0efe,район Москворечье-Сабурово,55.645920700000005,37.65553006411517,1968.0,121,72,7.0,0.09722222222222222
3c5eaf15-d3d6-460a-9b27-f9cecb15367e,район Северное Измайлово,55.81121095,37.827054,1966.0,351,179,22.0,0.12290502793296089
3c60f830-9104-4283-bd6e-40e0d985e660,район Измайлово,55.7909047,37.7941474,1973.0,283,165,10.0,0.06060606060606061
3c62c0dd-d66d-46cb-8db0-08c721a7a949,Нагорный район,55.6552139,37.61463451382456,1987.0,303,140,11.0,0.07857142857142857
3c644476-e942-4f77-a27e-2aaa55661aee,район Лефортово,55.75720835,37.680002374382205,1900.0,72,32,2.0,0.0625
3c6ca229-c84a-4737-94bc-ade5c80f7e6f,Донской район,55.7105455,37.5858991,1940.0,736,342,35.0,0.1023391812865497
3c6ef894-f33f-4fde-b398-ab1be0d1f21a,Донской район,55.694668300000004,37.6023359541429,2006.0,344,192,53.0,0.2760416666666667
3c77a2e8-bc77-450e-a613-4964b5dc2ca5,район Хамовники,55.7428544,37.588406409714736,1914.0,27,12,3.0,0.25
3c7d0523-eef2-4ae7-991c-5f0a329f8112,район Измайлово,55.79391205,37.76999438996586,2014.0,188,129,52.0,0.40310077519379844
3c828993-2ebe-4b49-bdeb-3a3884454aca,район Хорошёво-Мнёвники,55.76912005,37.47087669102665,2015.0,177,161,79.0,0.4906832298136646
3c88e7d9-a886-4743-a28e-f11a5fc7a859,Басманный район,55.765400299999996,37.673548198119654,1962.0,246,119,3.0,0.025210084033613446
3c96f712-7505-4fad-bafe-ee3c33ddbfbf,поселение Московский,55.60512165,37.36642874999999,2015.0,311,324,173.0,0.5339506172839507
3c992092-1179-4c45-bb6d-bd7081c00edb,поселение Московский,55.882153599999995,37.7004907,2010.0,500,253,65.0,0.25691699604743085
3c9d80af-6e66-4b6f-ad3d-a2dfe7229da3,район Новогиреево,55.7442563,37.79930175,2014.0,351,208,74.0,0.3557692307692308
3c9e8cb3-eb9a-46c4-af1f-bd7597f33a89,район Черёмушки,55.664514499999996,37.549881169215254,1974.0,191,135,35.0,0.25925925925925924
3ca86125-0851-4a0c-a5bf-1b3b009aa20f,Нагорный район,55.6534632,37.6120895,1983.0,106,45,6.0,0.13333333333333333
3cafd147-5b49-41bb-90c6-68b083810687,район Царицыно,55.6235644,37.65895454990833,1968.0,147,84,13.0,0.15476190476190477
3cc3f933-2f2c-4b20-a25b-020b1f9a8f0a,район Северное Медведково,55.8867433,37.65134903900679,1966.0,130,70,3.0,0.04285714285714286
3cd27c49-1eda-4bec-8445-9650582435dc,район Перово,55.74849885,37.781191758734074,1962.0,150,70,5.0,0.07142857142857142
3cd90839-6765-46ca-ab2f-180ee56cc0d9,район Кунцево,55.733143850000005,37.42533661243134,1970.0,247,137,8.0,0.058394160583941604
3ce41abd-2f4c-47dc-8c4a-90595185f759,район Марьино,55.6496475,37.746045725,1998.0,273,154,25.0,0.16233766233766234
3ce6f254-1830-453e-9b31-d2a6bad4d8d9,район Северное Измайлово,55.807097549999995,37.80912210900516,1966.0,129,96,41.0,0.4270833333333333
3ced57da-3be5-4987-bdb4-2d0b96deb820,Ломоносовский район,55.6775787,37.52454836895297,1959.0,289,128,19.0,0.1484375
3cef0ace-6960-4b2f-bd58-38800fb9981d,район Аэропорт,55.802032249999996,37.5425083529007,1956.0,197,93,14.0,0.15053763440860216
3cf25b30-e7e7-4e77-9c74-ee1d382d42cb,район Кунцево,55.7363113,37.40862912937031,1976.0,164,96,18.0,0.1875
3cfb00de-faf5-45dc-abc2-140c2e6038cb,район Измайлово,55.792386,37.795217097849346,1964.0,120,60,3.0,0.05
3d08368e-8e63-4f8e-8380-c207063282fb,Алексеевский район,55.8105703,37.638315592701865,1955.0,610,292,54.0,0.18493150684931506
3d0bf85a-9c32-4c66-bb6a-712c79ec577f,район Косино-Ухтомский,55.7088597,37.8898298,2006.0,703,296,13.0,0.04391891891891892
3d11bed0-c396-48d2-bc09-740b71a70946,Савёловский район,55.793976900000004,37.56956317146354,1964.0,210,140,38.0,0.2714285714285714
3d1fa259-6d54-4cba-ab8f-ec674fbae39d,Пресненский район,55.7622,37.59477736794952,1938.0,44,18,3.0,0.16666666666666666
3d2251c9-f03c-484e-ab82-12cdd8f3b545,Красносельский район,55.7771569,37.659926186877534,1961.0,473,188,1.0,0.005319148936170213
3d32c01b-a3b2-4f1c-95f9-5bb6d6fd99d6,район Измайлово,55.79212605,37.78384566252804,1966.0,97,72,25.0,0.3472222222222222
3d39ba98-0771-4fee-ad41-d278f6506eb3,район Зюзино,55.642344550000004,37.59591846450871,1989.0,523,258,41.0,0.15891472868217055
3d3ed4c8-4962-45ae-a251-97b02ba269ae,район Текстильщики,55.694767049999996,37.74333162255896,1970.0,186,85,2.0,0.023529411764705882
3d4bc02a-2517-4b9e-8284-16dad3d57fe0,район Зюзино,55.66235455,37.58981865,1966.0,164,84,13.0,0.15476190476190477
3d4cc9d8-af05-4704-9098-78bc233d515f,район Замоскворечье,55.7370036,37.63088551505584,1962.0,113,69,15.0,0.21739130434782608
3d4cebfb-9568-4db7-b69c-9b25eeae88c0,Тверской район,55.780966,37.59340652165872,1913.0,46,28,12.0,0.42857142857142855
3d5fa879-df06-4f2c-a55d-9951847d7e7f,Лосиноостровский район,55.8748978,37.69774527091604,1999.0,232,108,6.0,0.05555555555555555
3d63422c-038f-4709-aab4-c5957d58ef7e,район Сокол,55.79420325,37.51036374036394,1952.0,171,77,16.0,0.2077922077922078
3d728916-f3bc-46d8-bfac-cfd4295bbc43,район Измайлово,55.7933204,37.8055787,1964.0,203,96,12.0,0.125
3d7579f6-e91c-4bfb-842a-5edbbbeede2b,район Хамовники,55.730738349999996,37.58375924762518,1965.0,102,46,1.0,0.021739130434782608
3d79661b-79a9-461b-850a-c02bb343cee8,район Проспект Вернадского,55.6752052,37.51243047754648,1966.0,327,197,49.0,0.24873096446700507
3d7d9613-a343-4b4f-bd8b-d635adc0fb9a,Алексеевский район,55.822111899999996,37.66306458415805,1981.0,187,90,2.0,0.022222222222222223
3d83b513-10de-4a85-a1c5-e2eae10d405b,район Сокол,55.7943987,37.51254695,1949.0,91,49,7.0,0.14285714285714285
3d83f207-c338-45d1-b16e-53ec693e4874,Тимирязевский район,55.81092435,37.5756347,1965.0,240,126,7.0,0.05555555555555555
3d843cdb-298d-4b43-8bee-dbdc40e70072,район Филёвский Парк,55.7452146,37.50675894716088,1973.0,164,97,14.0,0.14432989690721648
3d892476-6213-40a3-841a-b73a388a1eca,район Чертаново Южное,55.5933758,37.603002950000004,1973.0,1435,1042,413.0,0.3963531669865643
3d970829-f2b7-4e13-838f-93016d3c424b,район Северное Бутово,55.57783815,37.5768436378483,1992.0,474,208,7.0,0.03365384615384615
3d9ef4cf-7cd7-4302-937e-0af486a37562,район Выхино-Жулебино,55.702319,37.81048715,1968.0,458,211,4.0,0.018957345971563982
3da1f702-5b43-43fb-8826-c2ae76c5e54b,район Проспект Вернадского,55.6763323,37.510384663083855,1966.0,340,200,46.0,0.23
3da7319b-a689-4efb-94fd-a7bcbaa087ff,Тверской район,55.77410605,37.588589693326526,1908.0,11,6,3.0,0.5
3daac3a3-bd84-4d74-9e0e-ed199fc81578,район Аэропорт,55.79867385,37.54298756866458,1964.0,163,80,8.0,0.1
3dab32c5-e89a-4cf1-9264-21a0818ce32a,район Щукино,55.7962913,37.4599076,1965.0,97,72,24.0,0.3333333333333333
3db5dae7-8ee3-4723-8c0d-7ef521999ffe,район Сокол,55.7956246,37.51145301996314,1952.0,206,78,4.0,0.05128205128205128
3dc29b63-1476-4daf-9e12-660b8f2bdf77,Тимирязевский район,55.82195485,37.57241335043361,1962.0,112,64,3.0,0.046875
3dc634d9-e708-43f8-8b4a-c2c3c3241b34,район Замоскворечье,55.73279825,37.635171238883885,1962.0,95,71,24.0,0.3380281690140845
3dc7c15f-75f3-48cb-a4d2-ee4e9562f972,район Тропарёво-Никулино,55.656096149999996,37.49180817331144,1968.0,288,143,27.0,0.1888111888111888
3dc81a0c-5cfa-4946-89c9-c2f2a9641d37,район Сокол,55.8029931,37.4971644,1960.0,318,131,3.5,0.030534351145038167
3dcedebd-c890-4c30-8f5e-85240d52e49f,район Косино-Ухтомский,55.71187115,37.897232226043464,2005.0,544,218,2.0,0.009174311926605505
3dd16ce4-e50c-49d7-bf2d-11d6303bf818,район Текстильщики,55.70997475,37.735416014795454,1960.0,167,68,1.0,0.014705882352941176
3de012be-86f8-43d7-92d0-40a715779835,Хорошёвский район,55.7993848,37.526338100000004,1975.0,115,69,20.0,0.2898550724637681
3de29fdc-cc8f-4651-9e36-c8695092f88f,район Ясенево,55.5992966,37.527018066671324,2012.0,51,220,201.0,0.9136363636363637
3de658d4-cf94-4750-ac2a-1d3c1311e8af,район Хамовники,55.74584435,37.58795470978793,1985.0,51,28,10.0,0.35714285714285715
3dea245f-3e2b-40c9-b861-c253386e08ae,район Перово,55.756544500000004,37.77876465,1966.0,121,72,13.0,0.18055555555555555
3dee6459-0857-41bc-8532-67d33171fe49,район Северное Бутово,55.56616425,37.578652180618924,2002.0,681,331,57.0,0.17220543806646527
3df598d1-3ac7-48bd-8742-bcc8d5a05601,район Чертаново Центральное,55.614140250000005,37.594322600000005,1970.0,552,283,37.0,0.13074204946996468
3df78312-66cb-4524-89a2-1a3d690efddc,район Дорогомилово,55.74281085,37.55015889114917,1973.0,104,62,7.0,0.11290322580645161
3df8ce9c-c637-4118-afbf-b3530364ea38,район Северный,55.9125616,37.5477478,2007.0,301,147,20.0,0.1360544217687075
3df92c77-7347-41f6-8578-61ca19bfb48c,район Коньково,55.63665295,37.53845019927721,2001.0,206,143,36.0,0.2517482517482518
3dfc4fa3-b4f1-497e-a231-4f21b0a9e019,район Северное Бутово,55.5751913,37.58645047791239,1992.0,966,730,284.0,0.38904109589041097
3dfe01ac-4b97-4ce0-9e76-e4de27463f90,Таганский район,55.74613585,37.642370217665416,1952.0,455,246,96.0,0.3902439024390244
3e0becad-6a15-4234-aaeb-4f81e9b8bff0,район Марьино,55.6586198,37.772221699999996,2001.0,671,285,21.0,0.07368421052631578
3e0fba6d-0c11-4e82-bd94-94db68920046,район Хамовники,55.72191675,37.57786460625,1952.0,188,68,9.0,0.1323529411764706
3e10a9b7-cdaf-41a5-8668-ad7206cc7954,район Хамовники,55.74018864999999,37.58165665,1934.0,77,29,2.0,0.06896551724137931
3e15671a-38ae-4496-8a37-c0205d4fdfb5,район Новогиреево,55.744830050000004,37.793296522164894,1978.0,163,94,10.0,0.10638297872340426
3e1a0226-f02c-4076-af68-d72efd6a192c,район Выхино-Жулебино,55.70955085,37.80673281405028,1995.0,102,65,4.0,0.06153846153846154
3e2c267f-9c42-46d8-97e4-2269eaca93f5,Пресненский район,55.7630843,37.5886505,0.0,18,12,5.0,0.4166666666666667
3e2d5b75-3c65-4c87-92f0-eea8c91f8679,район Кунцево,55.73614455,37.40462405485302,2003.0,407,192,38.0,0.19791666666666666
3e2dd712-5443-42e6-b01a-6379f6abe9ec,район Хамовники,55.73798725,37.59281592493474,1999.0,52,25,6.0,0.24
3e347a84-b2b4-44fd-9502-6cf78cba0599,район Беговой,55.7790026,37.57160532860597,1974.0,222,111,1.0,0.009009009009009009
3e355dee-b4c0-4186-8cb6-9c9a6a3d2a92,район Нагатинский Затон,55.677772000000004,37.6848344517092,1967.0,293,178,47.0,0.2640449438202247
3e3a2c77-b583-4b40-934c-803a6addfffe,район Хамовники,55.7417857,37.5793960080455,1960.0,88,40,3.0,0.075
3e3b73f1-fccd-4fbc-bdca-79d3a2203e64,Рязанский район,55.714359,37.78979589508336,1970.0,496,226,23.0,0.10176991150442478
3e47aa1b-bae8-4290-9ca7-66d837ef2c4b,Южнопортовый район,55.72114525,37.66488805,1962.0,108,72,6.0,0.08333333333333333
3e53237e-762e-463f-98a8-cd2d4a87b846,городской округ Щербинка,55.7241216,37.571539,1962.0,103,47,5.0,0.10638297872340426
3e5e716c-330a-4c6c-8d25-d6b3a77a9a89,Нагорный район,55.64835805,37.60912606298462,2003.0,785,400,88.0,0.22
3e604bfd-2e37-425f-af85-44c57fa941e3,район Хамовники,55.721649850000006,37.58271249912745,1958.0,856,414,24.0,0.057971014492753624
3e72f30c-f78b-40f5-9545-50d3db758a08,район Северное Медведково,55.8903508,37.666636075940055,1996.0,92,69,25.0,0.36231884057971014
3e85d637-0948-4e96-8bc9-f59cdb09dba5,район Арбат,55.7489176,37.598027469256664,1890.0,45,20,3.0,0.15
3e85edbf-b344-487f-a66b-70e8f2bfdf6a,район Щукино,55.7989297,37.46395499286848,1961.0,115,60,2.0,0.03333333333333333
3ea28740-aea2-4034-9677-9bf725b4b54a,район Кунцево,55.7362538,37.42838891670924,2007.0,436,239,60.0,0.2510460251046025
3ea87f17-3dac-4a99-b593-3dd75773b51e,район Щукино,55.7901836,37.496006034981235,2002.0,1003,554,52.0,0.09386281588447654
3eac04da-43d9-42af-8451-4f13c04b4e80,район Северное Тушино,55.853270699999996,37.439834113076984,2000.0,113,63,16.0,0.25396825396825395
3eadca14-c6e1-4eeb-a72a-211601a6c997,Тверской район,55.76966175,37.60210967500001,1935.0,127,67,25.0,0.373134328358209
3eb19e65-e294-46a2-9646-e3f932bebd14,район Лефортово,55.772037,37.713134449336046,1957.0,364,214,47.0,0.21962616822429906
3eb8601f-c732-4a39-89dc-571a77bd7292,район Гольяново,55.814391,37.818531286981326,1981.0,202,108,8.0,0.07407407407407407
3ebbc3ff-9482-40bc-9ef2-4b04df4f139b,район Беговой,55.78317035,37.57231579709554,1953.0,269,140,46.0,0.32857142857142857
3ebc244e-f53f-4711-8305-77328335a02f,район Зюзино,55.64950185,37.573302227510865,1997.0,313,135,11.0,0.08148148148148149
3ebe8ecb-39da-4462-bf9d-814fbdf443d4,Мещанский район,55.786761,37.63312862988633,1917.0,69,40,6.0,0.15
3ec4dc6a-e0cc-4319-b7d9-1c2dec4797ac,район Нагатинский Затон,55.6782701,37.68795352501496,1969.0,134,76,8.0,0.10526315789473684
3ecd726a-78cf-49b0-a3cb-601fc464998f,район Лефортово,55.764724400000006,37.70418757872801,2007.0,107,89,50.0,0.5617977528089888
3ecf4340-bed7-4994-b306-6644e35b58a9,район Коптево,55.82435905,37.52145711704698,2001.0,581,330,65.0,0.19696969696969696
3ed75ba7-28c9-4584-a7c3-dad2ca1f2907,район Нагатино-Садовники,55.68056675,37.65165331510352,1976.0,167,91,7.0,0.07692307692307693
3ee68906-f6ec-4b66-b60d-1c2bf9a6bae3,район Замоскворечье,55.7292942,37.62843760762554,1940.0,154,74,14.0,0.1891891891891892
3ee83fde-d0e1-4ed3-8c25-4676079462c6,Красносельский район,55.77375775,37.6410569942329,1986.0,142,67,9.0,0.13432835820895522
3ee9a6b3-ea38-42d0-af1f-b3e07681cd47,район Новогиреево,55.74647055,37.82392976618008,1969.0,150,80,14.0,0.175
3efbf367-f5db-4590-bfd3-19c005f17227,Донской район,55.6952644,37.61257718566954,1972.0,208,98,6.0,0.061224489795918366
3f017667-060a-479a-930c-d14afe76d768,Басманный район,55.757367349999996,37.64503308817799,1930.0,80,44,11.0,0.25
3f080b77-8b6e-4235-a8a4-b82fbdcdd8ed,район Ховрино,55.85872555,37.4946035,1974.0,155,94,32.0,0.3404255319148936
3f166b4a-8abb-4a1c-a2b1-31ecd359b376,район Люблино,55.68498115,37.74098336644832,1989.0,1047,434,16.0,0.03686635944700461
3f232ada-8fd0-470e-aa20-79771057e92a,район Хамовники,55.7310168,37.58456623303631,1968.0,32,26,9.0,0.34615384615384615
3f2787c0-37d3-4104-ad49-c08efd899d20,Тимирязевский район,55.82900545,37.56666087064346,1994.0,274,132,8.0,0.06060606060606061
3f3dfce3-71ea-45d6-a00a-68bbd267132e,поселение Московский,55.43053045,37.385232058639616,1988.0,448,572,388.0,0.6783216783216783
3f495185-5707-4268-a112-cc686afe9ea6,Тверской район,55.7741016,37.61710712393058,1963.0,95,70,27.0,0.38571428571428573
3f55415a-ddba-4287-9179-e59cacec1b24,район Измайлово,55.79498255,37.79891789128213,1964.0,105,67,7.0,0.1044776119402985
3f567d22-67a2-4ae7-82ba-866b5e89c0c5,район Восточное Дегунино,55.856082349999994,37.569066255021326,1972.0,146,91,25.0,0.27472527472527475
3f70b754-af3f-4bee-9b8f-5bac6b196b90,Дмитровский район,55.88425345,37.53625325079767,2002.0,275,145,23.0,0.15862068965517243
3f78267c-5cda-4b79-9426-efc1d891a8a3,Даниловский район,55.7122037,37.61146061850312,1960.0,72,62,7.0,0.11290322580645161
3f9219df-3f4a-42de-8165-32ff1c4d14d3,район Чертаново Центральное,55.6174127,37.605760899726846,1980.0,274,127,7.0,0.05511811023622047
3f940940-f998-43a2-9c19-e12b106f188e,Рязанский район,55.72959,37.767520399999995,1974.0,205,108,2.0,0.018518518518518517
3f963b4b-da26-4b46-ae40-7f0ec5fabad6,Басманный район,55.7549633,37.653978,1965.0,44,36,16.0,0.4444444444444444
3fa00b43-8a14-4933-ae58-20b334e44cad,район Хамовники,55.734374200000005,37.565046161299215,1947.0,151,54,3.0,0.05555555555555555
3fab027b-a9a4-4cb7-b243-f3a967b47197,Ярославский район,55.8705722,37.7077314,1972.0,564,215,14.0,0.06511627906976744
3fac19a9-c2dd-4412-97db-acb348dead91,Донской район,55.717820849999995,37.59458444969907,1940.0,180,64,4.0,0.0625
3fae1a02-f05c-4ac2-8302-215cf666952b,район Дорогомилово,55.7417498,37.549656414345094,1929.0,59,25,4.0,0.16
3fb23450-b662-4074-b9fa-53a677ab7d0d,район Царицыно,55.6356252,37.65263421544985,1965.0,119,72,5.0,0.06944444444444445
3fb4c622-6a1a-4b57-ab03-8128052f66f3,район Бибирево,55.8979431,37.62646256783498,1977.0,188,96,10.0,0.10416666666666667
3fc02499-43cc-4ae8-9aad-891f82318e41,Рязанский район,55.71763985,37.77940084946319,1965.0,143,84,14.0,0.16666666666666666
3fc710bf-3bbe-491b-bab9-7d93c360ac6d,Рязанский район,55.711223,37.794395699999995,1978.0,469,221,10.0,0.04524886877828054
3fd27175-8571-463d-8eef-277bf0c85151,район Кунцево,55.7379314,37.4206779,1966.0,141,84,25.0,0.2976190476190476
3fe63065-2f0c-4c76-a002-9847062e42aa,район Москворечье-Сабурово,55.6441339,37.66947113755955,1962.0,182,80,4.0,0.05
3fec6fb9-59ef-4f23-9381-efb7dd8d79d9,район Марьино,55.661415250000005,37.74900086660388,1999.0,440,203,15.0,0.07389162561576355
401ca5d7-e492-4a3d-85b6-48b50d56a436,район Отрадное,55.87813305,37.61367496314102,2011.0,872,424,33.0,0.07783018867924528
401e5c38-4321-485b-aee5-d2c70e2cde03,район Северное Тушино,55.8595038,37.41905900978723,2004.0,568,320,55.0,0.171875
40287516-f595-45f4-a2d8-b19f45060b5d,Хорошёвский район,55.777368800000005,37.512815623264245,1968.0,167,83,6.0,0.07228915662650602
40292585-9bf5-430d-b70a-682f185e362d,район Арбат,55.7515322,37.57584689740787,1939.0,341,158,56.0,0.35443037974683544
402dcb0f-8c2b-46da-8874-6611bc5b7e31,Ярославский район,55.87873925,37.719344145694905,1966.0,144,68,2.0,0.029411764705882353
40401976-98f0-4498-be8b-aeff1b652006,район Метрогородок,55.826325100000005,37.76069518932803,1964.0,115,68,10.0,0.14705882352941177
40414cb7-bee1-479b-a7ae-4387a0ff765e,поселение Сосенское,55.55165325,37.499194363373164,2016.0,48,48,28.0,0.5833333333333334
4066b2eb-8b6d-4001-8ddb-84ea9b42c34e,район Царицыно,55.63477145,37.658753405837565,1970.0,227,112,3.0,0.026785714285714284
40713553-16fe-4d9f-b5b1-3dcfce63c2a5,район Филёвский Парк,55.7439969,37.49588953454211,1963.0,186,111,16.0,0.14414414414414414
40769418-ce55-4ca7-815b-ceeed960a9ab,район Проспект Вернадского,55.6713333,37.5136583,2002.0,347,172,41.0,0.23837209302325582
4079415d-efe7-4fcd-a22b-d2f07fa24c6e,Хорошёвский район,55.79750615,37.5344667871138,1966.0,200,120,31.0,0.25833333333333336
409ce9a9-4e7d-420e-9e23-37fc59e650a1,Пресненский район,55.761294449999994,37.58560306877705,1944.0,180,78,2.0,0.02564102564102564
409d2e29-8096-4550-92dd-435469dd5dae,Савёловский район,55.795324300000004,37.5715226155268,1978.0,102,64,13.0,0.203125
40a5118b-bdf9-48d9-a609-3440a1be9138,район Перово,55.74092095,37.76957500534237,1972.0,145,80,3.0,0.0375
40afa56f-3e8d-435e-bbbf-f48f73b5fa6e,Басманный район,55.7657141,37.64292162037209,1960.0,78,64,28.0,0.4375
40b63dcb-9e1b-4852-a50c-d1e318ccc40c,район Тропарёво-Никулино,55.66623615,37.4936639,1968.0,539,286,78.0,0.2727272727272727
40cc2489-ffaa-4d2a-87d7-fc7db7b9e2e9,район Сокольники,55.79659805,37.69534878652441,1928.0,112,40,1.0,0.025
40dbaf7c-f0d2-40c6-82ee-e56aba94a267,район Северное Измайлово,55.80401175,37.76040434297491,1970.0,159,98,16.0,0.16326530612244897
40dd4b0a-cb81-453e-a75e-6423f3f4a256,Тимирязевский район,55.8124896,37.5691061,1961.0,605,263,11.0,0.04182509505703422
40ddf8e4-bbcf-43bf-8c9f-00321e28cf5e,район Кунцево,55.731466749999996,37.4251953,1954.0,210,96,1.0,0.010416666666666666
40df291c-285a-4428-9b13-6a6eca8ec6db,район Филёвский Парк,55.746844749999994,37.50820038107363,1964.0,158,99,22.0,0.2222222222222222
40e58396-bd09-44d9-bf6b-0bd07f2dfc0d,Академический район,55.687932599999996,37.584031087458484,2008.0,502,244,26.0,0.10655737704918032
40ea6929-255c-40a3-83fd-ef754fdbb0e1,район Северное Тушино,55.851597600000005,37.40821191203099,1968.0,255,164,30.0,0.18292682926829268
40ecab6c-c369-40a8-8614-08040587d28f,район Ново-Переделкино,55.6387481,37.3613031490859,1988.0,334,166,30.0,0.18072289156626506
40ee8984-53d4-40c4-9655-1ec266321d4e,Академический район,55.683481650000004,37.58031024811998,1997.0,547,281,62.5,0.2206405693950178
40ef7154-7841-4854-b15d-8c9ab9d4bac1,район Измайлово,55.7962772,37.792646875185966,1950.0,75,37,2.0,0.05405405405405406
40fe5d48-3180-40f9-8226-e2ffa1e69aa3,район Хамовники,55.746401,37.60796675389382,1917.0,20,11,5.0,0.45454545454545453
4107156f-9766-4646-ab37-ddd32bcab72e,Басманный район,55.76216675,37.64479155771683,1917.0,19,10,2.0,0.2
41099ae7-7a97-4ab8-b57d-41952de8d50e,район Хамовники,55.74060695,37.60615333295259,1930.0,35,38,26.0,0.6842105263157895
414ecd82-f9b0-4d71-8a18-58fd5f69d8e5,район Перово,55.75061465,37.77753486284956,1956.0,174,77,3.0,0.03896103896103896
4150f4ef-4321-4bf0-8547-05ab169e7abf,район Хорошёво-Мнёвники,55.76996525,37.4829449283972,1962.0,121,68,1.0,0.014705882352941176
41522404-288d-4f34-b106-5218e4e85a44,район Аэропорт,55.8055503,37.51800278894825,1958.0,88,63,11.0,0.1746031746031746
41533689-02eb-49e5-bbae-d773bc5ffb8d,район Марфино,55.82908205,37.59611657127016,1962.0,115,72,20.0,0.2777777777777778
41548445-3e58-4d1a-ba82-b694c1c79757,Даниловский район,55.71356395,37.611190443456984,1928.0,110,58,20.0,0.3448275862068966
4163e8a7-9b1b-4f8a-a2f5-3cb77be7ce4a,район Левобережный,55.86991295,37.46301167956626,2007.0,195,149,59.0,0.3959731543624161
416f5cef-70f9-49a0-9b55-609b3be7fc85,Ломоносовский район,55.5416914,37.2041884,1974.0,204,113,13.0,0.11504424778761062
417432da-c526-4158-aa01-fb083797ac5e,район Аэропорт,55.8065966,37.513835729399915,1959.0,90,64,12.0,0.1875
419b6054-85b2-4d6f-9e08-8b7410197917,район Метрогородок,55.82397745,37.75610979448238,1964.0,106,68,7.0,0.10294117647058823
419f053f-5ae4-4c85-ae12-f8c19d17640f,район Нагатинский Затон,55.6814354,37.69578128510783,2016.0,300,216,76.0,0.35185185185185186
41ada0f8-3098-4dab-ba63-c3b89cadfcd9,район Зябликово,55.616317699999996,37.75693510092443,1996.0,491,204,18.0,0.08823529411764706
41ae42aa-94ec-4f9f-bd27-9f4f534dd387,район Коптево,55.8198995,37.52781166624982,1962.0,159,80,11.0,0.1375
41b0d52d-ee1b-4f6b-bf5c-dac7c3c474d6,район Вешняки,55.72319005,37.8340755248628,1973.0,189,98,20.0,0.20408163265306123
41d1bfb7-a17d-4ee1-bfa5-85fc11cf6ae0,Гагаринский район,55.6931637,37.56279933035391,1959.0,241,160,44.0,0.275
41fa0395-fe5c-4fce-8da8-5d348817fa2e,поселение Сосенское,55.5428934,37.4917742,2015.0,141,104,38.0,0.36538461538461536
41fc4933-6ae2-4e95-ad0a-b264daea6f95,район Южное Медведково,55.86751625,37.6392056,2010.0,277,142,48.0,0.3380281690140845
420c085c-ad49-466f-b905-876551032c57,район Филёвский Парк,55.74201,37.48793154916572,1962.0,160,80,14.0,0.175
42143923-d0f6-4f94-b0f5-0add7703fe7d,Алексеевский район,55.80675115,37.63895200625514,1966.0,237,158,29.0,0.18354430379746836
421a6124-f4ae-4c1e-995e-e2f3b2952acb,район Восточное Измайлово,55.789327400000005,37.81905315,1936.0,119,70,6.0,0.08571428571428572
421f3cff-f87d-4aca-835e-fda1d3d080fc,район Бибирево,55.8924449,37.59423807504099,1974.0,498,215,11.0,0.05116279069767442
422ee6ef-b122-4fb3-96f0-2328031e7914,район Марфино,55.82970365,37.596296468425805,1975.0,207,112,21.0,0.1875
4234037e-2175-4924-b5e5-e8a730b57e4e,район Некрасовка,55.69884835,37.91569838999287,2011.0,417,196,26.5,0.1326530612244898
4247c240-e62f-4667-be9b-dfaf9169ada2,район Фили-Давыдково,55.7249626,37.466435056280034,2013.0,77,569,538.0,0.945518453427065
4248435d-2bd9-427d-8a36-0a499b8ec067,Гагаринский район,55.69579005,37.551494951896274,1957.0,1206,522,30.0,0.05747126436781609
42495c7f-0687-4724-9c77-31d9f26f54e1,район Хамовники,55.739533449999996,37.578633367177915,1956.0,122,50,7.0,0.14
42513cca-0b9a-4ba1-9d13-b156253c419d,Южнопортовый район,55.7136749,37.6726273,2012.0,1436,956,460.0,0.4811715481171548
425951db-2fb9-4545-9d09-69913cfc6556,район Хамовники,55.73117645,37.58535150953555,1968.0,71,40,12.0,0.3
425c189f-68ba-4fbd-bd62-f2a88539ab21,район Нагатинский Затон,55.67678505,37.674449100000004,1965.0,170,84,1.0,0.011904761904761904
425d6bf0-77cc-45ea-83e4-17b711a9fb75,район Замоскворечье,55.72361435,37.62993182932517,1970.0,266,143,8.0,0.055944055944055944
426002fe-88de-4808-baaa-eb88d4006f1f,Красносельский район,55.7797227,37.66869674277224,2005.0,128,61,12.0,0.19672131147540983
4271d220-5871-4c84-8150-53d8c883f28e,Красносельский район,55.7699632,37.640778650042336,1920.0,35,19,7.0,0.3684210526315789
427b0d21-b264-4b09-8f04-e148fa25bac1,Таганский район,55.73966995000001,37.64787262461822,1940.0,341,145,35.0,0.2413793103448276
4288532c-e7a3-4274-b84d-018bdf6a676e,Хорошёвский район,55.8000721,37.52560496064709,1954.0,366,158,34.0,0.21518987341772153
429529c0-5b1c-49ab-b4d1-69278fc7af55,район Хамовники,55.723635849999994,37.587079592349404,1940.0,200,77,7.0,0.09090909090909091
42971e4c-8605-47a9-8445-b0c8411c0dc6,район Нагатинский Затон,55.68656575,37.677071646015136,2006.0,457,319,114.0,0.3573667711598746
429a0774-f4c5-48c6-97cb-6abdb6701651,Войковский район,55.819471899999996,37.51431027899244,1973.0,649,287,39.0,0.13588850174216027
42a25df6-fb10-4a7d-a734-90f20cf49f03,Нагорный район,55.65260335,37.615397960347174,1974.0,115,60,19.0,0.31666666666666665
42a7708e-5c09-4d4e-890a-e5b5d1165b9f,Донской район,55.6917288,37.619312045103214,1962.0,308,144,14.0,0.09722222222222222
42abb979-3272-4738-8810-7dd27c945702,Нижегородский район,55.7331383,37.70819382381317,1982.0,223,116,6.0,0.05172413793103448
42b33269-11a8-46b1-aff2-d3bf2bdbf739,район Черёмушки,55.667236349999996,37.55577954591757,1987.0,1252,604,111.0,0.1837748344370861
42b74f1c-ef3a-42c5-9adf-7c4bdc6e980a,Тверской район,55.7729739,37.59682202210194,1917.0,52,19,1.0,0.05263157894736842
42c52d7b-50e5-406e-9618-64118f291f8f,район Хамовники,55.7443102,37.58872551265432,1890.0,27,13,2.0,0.15384615384615385
42ce3593-4d4b-44ec-902e-602755f9a838,Басманный район,55.77114135,37.703921462681535,1968.0,318,166,10.0,0.060240963855421686
42d99399-0c30-40c4-8f6b-765be21c4b45,район Соколиная Гора,55.77929415,37.7271681,1970.0,192,100,14.0,0.14
42e4f31e-9161-48a4-ab01-254178775669,район Сокол,55.7975054,37.51589220276519,1951.0,149,63,9.0,0.14285714285714285
42fbc711-f674-469e-af01-d0176c7dd9b8,Головинский район,55.85211055,37.510500717909224,1968.0,176,111,19.0,0.17117117117117117
4302c52d-d244-41c2-8788-d905d7cac557,район Северное Медведково,55.891304000000005,37.655189551404916,1968.0,151,96,19.0,0.19791666666666666
4302ed00-a4e2-4b7f-99bd-0cb7f09066c4,район Перово,55.75797955,37.75870626204684,1962.0,134,72,1.0,0.013888888888888888
431296b3-4bb5-4bbd-ba87-6af76c7ef4f5,Тверской район,55.77446335,37.589075715016634,1958.0,201,84,3.0,0.03571428571428571
433cd890-a0f2-436c-9b5b-5a9c095d0e2c,район Раменки,55.6987659,37.49033749243638,1970.0,354,143,1.0,0.006993006993006993
43470fa4-4319-4b32-a8b3-b9dc4f9da132,район Аэропорт,55.802714800000004,37.54496956740588,1951.0,171,80,8.0,0.1
4347e8f5-da0c-4927-be13-851bed1adbc3,район Хамовники,55.74389655,37.57818590332717,1957.0,80,49,15.0,0.30612244897959184
434c1f0d-04bf-4e78-86c2-b9d62cdbd801,район Хамовники,55.72433515,37.577328330528005,1961.0,259,139,31.0,0.22302158273381295
434e10a9-18f2-4200-8a71-10831600c43f,район Соколиная Гора,55.776311449999994,37.72547483053245,1966.0,100,72,19.0,0.2638888888888889
434e11b5-ee72-4a97-bc45-10a4f65e9a20,район Строгино,55.8010107,37.402286189663116,1980.0,174,95,6.0,0.06315789473684211
43503455-9e4b-4445-a239-4caf373cc6aa,Нагорный район,55.6459627,37.60880515343629,2001.0,492,255,45.0,0.17647058823529413
4352bee8-e207-4dcd-9dec-ed9f4db98f96,район Вешняки,55.7410271,37.82116758761241,1972.0,169,98,29.0,0.29591836734693877
435495e9-9c44-41ed-95ae-2733e7726006,район Гольяново,55.827191150000004,37.8097709906786,2007.0,222,170,67.0,0.3941176470588235
436ce3a4-ee0d-43cb-b633-4a604ebb4add,район Беговой,55.7767175,37.5549577,1956.0,260,121,21.0,0.17355371900826447
4370af74-6222-43eb-885a-a58256e53da4,район Коньково,55.65132975,37.52968543125212,2015.0,817,405,29.0,0.07160493827160494
437473d7-b20c-4201-9230-7d6d3db0295b,Академический район,55.68390345,37.562032039074126,1958.0,109,45,1.0,0.022222222222222223
43752543-75f9-4b12-9610-f53b0c616b42,район Ховрино,55.87061655,37.4780895351963,2014.0,881,377,8.0,0.021220159151193633
437b5f20-2491-44b9-a1f7-2beed00370dc,район Чертаново Северное,55.6239022,37.61422616738382,1989.0,1024,464,8.0,0.017241379310344827
437f93ad-320f-46cd-8d1f-61512c555945,район Ховрино,55.86234335,37.49087348330552,1999.0,415,211,46.0,0.21800947867298578
4384ad6d-e844-4555-b24b-7bb72664281f,Рязанский район,55.71660265,37.77524165118422,2005.0,1168,584,80.0,0.136986301369863
43850523-c99b-440f-a1cc-c5fbcc687036,Головинский район,55.8463874,37.47728320574005,1975.0,180,92,17.0,0.18478260869565216
438554b1-7122-4743-8d4f-2cd175e12215,район Кузьминки,55.70293855,37.76268185887096,1965.0,155,96,16.0,0.16666666666666666
4393b277-74cb-4fac-81c9-56d1b531a413,район Беговой,55.7832149,37.558706352748686,1952.0,363,170,32.0,0.18823529411764706
439bb4ce-ebf4-47fb-8be9-b490bbc79912,район Свиблово,55.851205050000004,37.63253625,1966.0,143,84,14.0,0.16666666666666666
43a1c208-85cd-49c5-bd6a-29ba16c88402,район Преображенское,55.79875785,37.71971318626933,1959.0,88,40,2.0,0.05
43a68933-7a5c-4a03-b4ed-a1bca3ff718f,Головинский район,55.8498237,37.483643934440394,1968.0,268,144,30.0,0.20833333333333334
43b514ec-8e9a-4163-9e82-7d3dd76f16d4,район Фили-Давыдково,55.73070145,37.468091639168875,2004.0,220,184,83.0,0.45108695652173914
43b7cd4c-3b56-4438-9185-e23929b49d38,район Очаково-Матвеевское,55.6774641,37.4441644,2005.0,371,327,194.0,0.5932721712538226
43c36b70-a43b-4c17-b398-7e7159607173,Нагорный район,55.6571396,37.6202426139444,1961.0,89,61,18.0,0.29508196721311475
43c42695-6c68-47e2-ac56-4a9fa8e71933,район Гольяново,55.8110415,37.78053854851775,2011.0,200,109,31.0,0.28440366972477066
43d5a474-4a7d-4f81-97fa-54ca286083e8,район Марьина Роща,55.789528250000004,37.61394600298626,1990.0,177,75,1.0,0.013333333333333334
43e234b5-d0f0-4f4e-a3d9-379081d2807a,район Измайлово,55.80168625,37.784741,1960.0,133,60,4.0,0.06666666666666667
43e28f00-8aa3-4081-a0e8-eaf3154c298b,район Арбат,55.74864885,37.59148258097124,1913.0,65,26,2.0,0.07692307692307693
43f53240-d2f7-4c2b-91be-5513ebbae0d3,район Печатники,55.6789904,37.717289699955685,1990.0,265,126,18.0,0.14285714285714285
43fe5b49-5843-47a0-be91-e83875bbced5,район Коньково,55.65311285,37.5252311,2009.0,718,300,24.0,0.08
44015b4b-cf69-424c-86f8-a4d34ebe6b61,район Щукино,55.7983604,37.48572628373414,1955.0,234,108,15.0,0.1388888888888889
4402eeca-6c11-474b-8824-0fcdeb1e64b4,район Измайлово,55.800314150000005,37.78931700150626,1957.0,94,46,10.0,0.21739130434782608
44056215-1ac1-4d05-9e4c-19a4d8af6f99,район Преображенское,55.7955764,37.72673751470589,1965.0,116,60,4.0,0.06666666666666667
440e18de-58bf-4c7d-819c-46bc0a464f72,район Южное Тушино,55.839670850000005,37.41588271839403,1974.0,181,98,18.0,0.1836734693877551
44111096-dc84-4a39-a851-f9be67c3976d,Тверской район,55.7698912,37.5978448,1913.0,92,39,11.0,0.28205128205128205
441b85a8-9068-46bd-9f0d-769bec66926a,Академический район,55.688470800000005,37.58524172371554,2007.0,547,262,41.0,0.15648854961832062
4421cf89-172f-4a9a-b391-788292b0f601,район Северное Измайлово,55.80609005,37.791385674521976,1967.0,154,82,6.0,0.07317073170731707
442befa5-6b47-4e26-a801-4e3cdf31196c,район Раменки,55.69790735,37.51259191285054,2006.0,385,218,46.0,0.21100917431192662
443addee-df68-4e15-8d6c-ea28bf17ccfa,район Куркино,55.88907665,37.39593325561323,2001.0,18,88,83.0,0.9431818181818182
444ea497-a12f-48ed-aa87-1eee2c5c227f,"поселение ""Мосрентген""",55.61206845,37.46983058348361,1999.0,211,82,17.0,0.2073170731707317
44514f89-0cf2-4050-a999-b1dd682c433f,район Хорошёво-Мнёвники,55.77932585,37.48342569393844,1972.0,222,143,31.0,0.21678321678321677
4456601a-6053-4870-bee8-4685677ced87,Красносельский район,55.7832813,37.67058479839288,1926.0,67,36,12.0,0.3333333333333333
4458b32f-db21-47ef-bfd6-1f5cc01c4dc6,район Марьино,55.6664503,37.755765457490654,2000.0,1338,688,57.0,0.08284883720930232
445c99e6-5ce4-4ca1-adeb-9641f070aebb,район Кузьминки,55.709042,37.76231248619423,2009.0,214,144,63.0,0.4375
44759ce6-a055-4e25-b71e-447e80494651,Войковский район,55.8383678,37.5041321,2011.0,405,243,83.0,0.34156378600823045
447e6171-30cb-4040-be1a-adfc81504af2,район Тропарёво-Никулино,55.65921615,37.474758019617255,2000.0,1095,517,62.0,0.11992263056092843
4484d41f-e6f1-4f43-9333-9d931a44aeed,район Текстильщики,55.7188162,37.73975575,1969.0,165,84,10.0,0.11904761904761904
448db113-80a3-4c45-9275-51c4db023f1f,Савёловский район,55.805679600000005,37.57341446283992,1973.0,146,80,3.0,0.0375
449d3818-93e3-403d-93ef-1fc05f33baca,район Замоскворечье,55.7302519,37.64381669235097,1938.0,216,100,12.0,0.12
449dfefb-ba51-4367-8d02-422c6475a0f6,район Царицыно,55.618831099999994,37.66043856201412,1995.0,373,202,40.0,0.19801980198019803
44a054cf-59d5-45f8-bd28-90e2c952b18d,район Выхино-Жулебино,55.69703615,37.79917930663265,2003.0,367,194,39.0,0.20103092783505155
44a2fb70-0d1d-4226-aa62-509498e12afa,район Соколиная Гора,55.787793449999995,37.73778018223629,1959.0,98,60,15.0,0.25
44a3ad7f-e835-4a9b-bf85-a7ea23822289,Басманный район,55.75405015,37.639292251794174,1914.0,396,195,41.0,0.21025641025641026
44aad581-a43a-41f8-9b1f-cd9e419e28dd,район Измайлово,55.80036165,37.78441832483319,1960.0,80,40,6.0,0.15
44b949ea-1dcb-45ae-8ff2-e59d2d440a0a,район Марьино,55.6566908,37.764837289656434,1998.0,596,273,36.0,0.13186813186813187
44c92de7-a664-4341-bd46-d1f8cab6615f,Даниловский район,55.7164961,37.61004635420962,1967.0,78,72,19.0,0.2638888888888889
44cd717b-f6e3-4147-83c7-49c84e8ed12a,район Покровское-Стрешнево,55.8233793,37.45036616125158,1960.0,99,57,5.0,0.08771929824561403
44d25228-e228-4746-a2a4-bcf283a9fa53,городской округ Троицк,55.4879303,37.30583842599401,1984.0,364,191,43.0,0.225130890052356
44d75891-f341-4b97-9c71-857375667cef,Тверской район,55.769709899999995,37.60343365438859,1896.0,33,32,20.0,0.625
44e31b7d-527b-4fa6-9aab-a49087b37e47,район Москворечье-Сабурово,55.6388759,37.668839046226836,1997.0,880,407,33.0,0.08108108108108109
44e6dee4-325c-4caf-b535-01c9ca41a831,Даниловский район,55.711552049999995,37.64033835523819,1963.0,113,72,8.0,0.1111111111111111
44ec0f65-ca97-43ae-8e3f-d0d24de8ed1c,район Ростокино,55.8295241,37.66791465,1959.0,157,77,1.0,0.012987012987012988
4500371c-c0fd-4e2c-a059-83b7ede88342,район Орехово-Борисово Северное,55.62578405,37.718301473914686,1985.0,467,223,8.0,0.03587443946188341
450d3d59-09bc-4e54-8f06-04243a082bb7,район Отрадное,55.87513905,37.590253522775974,2009.0,670,315,21.0,0.06666666666666667
450faa9e-2c7b-4756-a222-8ad90fb80fa9,Пресненский район,55.75610735,37.569983497899486,1940.0,623,243,54.0,0.2222222222222222
4512157c-2aa0-4060-8cd9-2c73b4e8bf0b,район Щукино,55.7921707,37.490323845630144,1974.0,176,97,3.0,0.030927835051546393
45289a56-1428-4dcc-acaf-460c4d12d35a,район Хамовники,55.71609755,37.576697798528926,1956.0,463,168,13.0,0.07738095238095238
452f10af-2fa0-427d-be0c-7651906af458,район Марьино,55.660827850000004,37.750583248358126,1999.0,668,288,2.0,0.006944444444444444
452f2b4f-6bc7-4e73-a7b3-3a284fa4a07a,Гагаринский район,55.6994987,37.55271972137906,1965.0,212,104,16.0,0.15384615384615385
455a0007-422a-4839-9458-28ab5da4dc97,район Котловка,55.67992425,37.60137431320776,1969.0,78,40,3.0,0.075
45714e1e-d407-4d1a-878a-9828cd0715a1,Савёловский район,55.806768899999994,37.57593045462645,1961.0,120,72,4.0,0.05555555555555555
45733cc3-6f9c-438b-80c6-51c9bd350a27,район Зюзино,55.65073605,37.5925093934386,1964.0,133,90,14.0,0.15555555555555556
4575cd7a-95a7-4dee-ba7d-a85de5ecbd3c,поселение Московский,55.8597666,37.6653206,2009.0,379,256,104.0,0.40625
4576edd9-428a-4b80-bff7-b9cf5d39be22,Молжаниновский район,55.948690299999996,37.347505870159935,2012.0,1272,561,29.0,0.05169340463458111
45826c86-0c4a-488c-a7f5-edb567e3601f,район Марьино,55.6615131,37.74709125439526,2001.0,500,301,80.0,0.26578073089701
458d9ca2-64ed-4264-ad2d-d24e708d01ad,район Некрасовка,55.7055769,37.944919,2013.0,541,194,6.0,0.030927835051546393
4597401b-72f4-4517-a728-0ee6dae55dd9,район Свиблово,55.85033625,37.65200176653406,2000.0,489,261,44.0,0.1685823754789272
45982908-808e-4940-aea2-5b7a680c9c85,район Измайлово,55.783987550000006,37.7158546,1962.0,80,40,3.0,0.075
45a316bd-5c00-4af9-8e64-41090dafddb5,район Покровское-Стрешнево,55.81620525,37.46138535700068,1967.0,196,110,15.0,0.13636363636363635
45a49e09-271b-4ecc-bb11-b6b3e0008b88,район Коптево,55.83082505,37.524772150000004,1966.0,109,68,13.0,0.19117647058823528
45b12fa2-a19f-4a58-bd31-7972e4a4bbe9,район Чертаново Южное,55.594916850000004,37.596884912246026,2011.0,202,136,53.0,0.3897058823529412
45ba856e-2fd1-42f9-9106-7ce3b4430a73,район Кунцево,55.74573015,37.39696270029093,1972.0,166,98,14.0,0.14285714285714285
45bb411f-d33d-43f7-860b-efd1c68a161c,Тверской район,55.775755399999994,37.59074819009093,1820.0,209,119,33.0,0.2773109243697479
45c2fccd-c34a-4448-82fe-63b47d4be9f1,район Кунцево,55.749949900000004,37.40739613145161,1973.0,179,98,7.0,0.07142857142857142
45c52821-3b3c-4b98-8534-750a23400f7e,район Ростокино,55.83481395,37.66331161598557,1968.0,126,66,8.0,0.12121212121212122
45df296e-86e0-4ae7-887d-d719fd144d28,район Чертаново Южное,55.59102905,37.61027045,2006.0,337,156,15.0,0.09615384615384616
45e7e430-6800-410d-b17d-e4787b0a113e,район Нагатинский Затон,55.6880244,37.688434881315786,1970.0,156,84,7.0,0.08333333333333333
45e96336-af26-4595-97d1-f7feea8cc7bd,район Измайлово,55.793687,37.8052648,1967.0,261,129,1.0,0.007751937984496124
45ef6843-a111-4656-a302-d1c0a97ec70a,Тверской район,55.77253945,37.589106810514664,1955.0,139,61,17.0,0.2786885245901639
45fbb41c-192f-4be9-9684-c48749f405ff,район Южное Медведково,55.878742349999996,37.62474275738814,2008.0,547,330,112.0,0.3393939393939394
461d3495-3f0a-4c21-90a2-373e503b5ec9,Таганский район,55.73010025,37.673276482723494,1964.0,116,70,12.0,0.17142857142857143
461d3e58-3006-4900-8ab0-4ec08134b4f3,район Куркино,55.89290545,37.38743830215222,2003.0,47,96,81.0,0.84375
461eeff1-1d35-4016-9076-6c67e8658a53,район Выхино-Жулебино,55.68926425,37.85721770798082,1995.0,355,142,4.0,0.028169014084507043
4627b245-a785-4953-89a7-48ab4e30183d,район Марфино,55.8276322,37.59891245450936,2010.0,175,128,50.0,0.390625
46283dee-0050-41e0-808e-52d1257b9d59,район Южное Медведково,55.87483915,37.63462633991425,2017.0,196,100,22.0,0.22
46284c5f-6bd1-4172-9516-0f554493d415,городской округ Троицк,55.4711264,37.29395434999999,1978.0,340,142,10.0,0.07042253521126761
462ad37f-e3d4-4800-aa98-b6d3a8fd2066,район Южное Тушино,55.8427184,37.427469850972045,1965.0,128,72,9.0,0.125
462f34ca-3ed8-49ec-a206-d8b9a15d4482,Ломоносовский район,55.67748545,37.5373180539666,2009.0,263,180,73.0,0.40555555555555556
46374fd1-c952-4491-9c29-0c907f1cca6d,Басманный район,55.7685209,37.67412011276416,1928.0,216,105,24.0,0.22857142857142856
463d4f74-78d5-4beb-9be9-0c1f8908f685,район Хамовники,55.723795499999994,37.57917466319483,1959.0,278,112,6.0,0.05357142857142857
4644883e-100b-4840-b948-13d01f684fc2,район Южное Бутово,55.55068405,37.56145090350426,2001.0,438,194,6.0,0.030927835051546393
464aa88e-75d0-48a9-a961-6a0987f65963,район Ростокино,55.8298465,37.662523827483355,1975.0,158,98,28.0,0.2857142857142857
464d9227-1dad-471c-9d31-99b3df09313f,поселение Московский,55.604386250000005,37.36992862923074,2015.0,187,197,110.0,0.5583756345177665
464e4b18-7389-4e2b-9a8e-f7824db10ba9,район Гольяново,55.81283285,37.80603425161351,1980.0,191,111,31.0,0.27927927927927926
464f7633-9c80-4b0c-8946-4e87f5e96e21,район Ново-Переделкино,55.643823,37.34525123446585,1991.0,434,222,42.0,0.1891891891891892
46578332-0b7b-44f8-9ab6-62af1ec0ef6c,Ломоносовский район,55.680737199999996,37.51649891636559,2015.0,571,347,104.0,0.29971181556195964
4657fa64-9fc9-4e61-a4c2-605b48ec6a19,район Кунцево,55.75053265,37.40524117303191,1974.0,167,98,13.0,0.1326530612244898
46828398-16ad-441b-8235-641aeed91fc0,район Левобережный,55.87387,37.463232371098556,1976.0,196,126,42.0,0.3333333333333333
46866350-a370-4568-bc6f-4be00e31ae2b,Рязанский район,55.717198999999994,37.796010752652236,1958.0,95,48,2.0,0.041666666666666664
4694bc49-1c1c-4fb5-abab-e904b51464a8,район Котловка,55.6761045,37.605476383785984,1968.0,140,84,26.0,0.30952380952380953
46958aae-b399-4648-b675-5800e6141c05,район Выхино-Жулебино,55.716227,37.81069975,1969.0,155,84,7.0,0.08333333333333333
46afe78c-d81c-4862-b59f-b655ef7a2b23,район Текстильщики,55.69459655,37.74121875819188,1996.0,187,78,4.0,0.05128205128205128
46b06c3e-b0c6-4073-ba18-581617c9884b,Савёловский район,55.7940746,37.5685856,1966.0,303,164,21.0,0.12804878048780488
46b2a93e-2e8d-42ee-ad53-960064e46273,район Зюзино,55.66253055,37.60868761940443,1975.0,213,108,11.0,0.10185185185185185
46c1333c-f13e-4006-9acf-2c0062123028,район Лефортово,55.77222955,37.70892314876416,1966.0,92,67,28.0,0.417910447761194
46ee47c6-26e8-4493-9348-0182b6304c9a,район Очаково-Матвеевское,55.679290300000005,37.44727979976985,2007.0,214,136,49.0,0.3602941176470588
46ee57f1-51f7-4829-b235-877a76b6ef6c,Пресненский район,55.761586,37.574012612146035,1963.0,96,68,27.0,0.39705882352941174
46f796aa-dcc1-445e-8926-87038760445e,Ломоносовский район,55.678086050000005,37.52530945297839,1959.0,236,110,14.0,0.12727272727272726
47002744-423a-463e-90d6-96e8f5e81be7,район Замоскворечье,55.733881800000006,37.63769329081313,1959.0,236,103,12.0,0.11650485436893204
4701923d-201d-4838-9d92-8e6df236802f,поселение Сосенское,55.5478825,37.49484332308508,2015.0,72,71,38.0,0.5352112676056338
47038118-dbdc-4c7e-83b0-528667301a9d,район Лефортово,55.7653105,37.70534209463087,1988.0,578,271,4.0,0.014760147601476014
470575d4-e4d3-4431-8901-338d777fe999,район Ростокино,55.832552899999996,37.659000374717124,1968.0,221,112,16.0,0.14285714285714285
4712c205-ff6c-44ca-9e01-e55bbe69983b,район Новогиреево,55.74785665,37.793846599999995,1968.0,147,84,14.0,0.16666666666666666
47192232-e232-41a1-bb1b-3e50373d4ec1,район Царицыно,55.624733449999994,37.65806287677394,1969.0,167,84,3.0,0.03571428571428571
471b186b-6fcd-496c-82ef-0608ce87ea2d,Савёловский район,55.7947786,37.58106597029766,1965.0,154,80,17.0,0.2125
472cebad-5f88-4196-928f-127fabe566fa,район Метрогородок,55.8265701,37.76113632088351,1964.0,119,72,12.0,0.16666666666666666
47404e12-d71d-4911-8718-15a9eb8d10b4,район Дорогомилово,55.74056295,37.51472229681515,1967.0,159,84,6.0,0.07142857142857142
4744171d-101a-460e-ba23-b6afdcb04fd9,городской округ Троицк,55.50988335,37.434081,2010.0,236,151,43.0,0.2847682119205298
4744683b-3d7b-466e-8b53-4aaf4808562f,район Южное Медведково,55.877400800000004,37.626142372545296,2007.0,475,197,12.0,0.06091370558375635
4751eeda-75b6-41ac-8921-9e212c5d8aca,район Западное Дегунино,55.878244300000006,37.50951794999999,2013.0,222,128,32.0,0.25
47560e4b-21f6-4018-aef7-4a3c82cce7f2,поселение Московский,55.576326800000004,37.396038649999994,2010.0,365,189,60.0,0.31746031746031744
475b6383-ea96-4c06-8080-c0163f0f999b,Таганский район,55.73769805,37.68236654691994,1966.0,161,84,6.0,0.07142857142857142
47614b95-cc4a-4009-bc85-8c3173e5e58b,поселение Московский,55.86085385,37.6672562,2010.0,440,286,151.0,0.527972027972028
4765cf8c-0ed3-4afa-926e-0a11f4f12cf1,Останкинский район,55.8027751,37.6301708,1965.0,126,71,1.0,0.014084507042253521
4771f956-2378-40f0-809b-7925dcf007bb,Тверской район,55.763410449999995,37.608463808528704,1917.0,18,8,2.0,0.25
4777efc8-59a2-4b1d-ae5f-94f12c879acf,район Черёмушки,55.6589574,37.5861539,1964.0,398,288,116.0,0.4027777777777778
477c1ced-066a-479f-9ad9-f345a8692448,Войковский район,55.832109349999996,37.48459951428456,2007.0,286,158,55.0,0.34810126582278483
478f9ab6-c70e-431e-bd38-4c902cf2dbd6,Алексеевский район,55.8082093,37.641764225857344,1965.0,124,96,28.0,0.2916666666666667
47b8b729-273f-4e9c-8c85-134eceb0da67,Останкинский район,55.8100802,37.63053040327273,1963.0,79,69,26.0,0.37681159420289856
47c9316b-0deb-4b1a-a823-13351b042c06,Таганский район,55.739924,37.67473812516622,1958.0,158,67,6.0,0.08955223880597014
47d8e967-dda2-4f5d-bbb0-b7b328dd93ab,район Фили-Давыдково,55.7322348,37.46845841316835,2010.0,362,216,82.0,0.37962962962962965
47df8994-14f0-48e7-a628-401284aaf897,район Дорогомилово,55.748675,37.55875351590745,1956.0,246,111,11.0,0.0990990990990991
47e147b6-c320-4b2f-bc4b-86320c7fb457,район Ростокино,55.830930699999996,37.6467363351071,1960.0,205,128,46.0,0.359375
47e93065-aa91-4544-9a5d-8cfc9505f644,Мещанский район,55.7667618,37.62862123548387,1917.0,74,36,10.0,0.2777777777777778
47efe109-1bc1-407f-b483-71f0e54b2b92,район Измайлово,55.791364599999994,37.77393189284007,1956.0,60,28,5.0,0.17857142857142858
47f3c86e-6df2-4507-a37e-1c5a5c6bcf0e,Гагаринский район,55.698900550000005,37.55306424999999,1965.0,249,107,13.0,0.12149532710280374
47fe5556-e5d9-4115-9940-dedd63715764,район Бирюлёво Восточное,55.6006187,37.65692233388846,1972.0,194,98,26.0,0.2653061224489796
480c7b4c-8ece-4517-b7c1-0bba4c2d1edc,район Беговой,55.7828956,37.56519482030852,1958.0,476,232,3.0,0.01293103448275862
480f16a1-54a8-4b26-8157-c3cefdda858c,район Бибирево,55.894815449999996,37.61227800295732,1979.0,196,126,26.0,0.20634920634920634
4814afeb-e80b-4bad-9274-f8c5cc842802,район Сокольники,55.7877835,37.6772541092072,1972.0,462,233,29.0,0.12446351931330472
481f5551-05fb-488e-af05-99b9cb043431,городской округ Троицк,55.4769,37.30490304991673,1968.0,103,72,25.0,0.3472222222222222
481f61e0-72c1-4716-a8ba-036dff825e2a,район Зюзино,55.65386345,37.60207455,1960.0,118,63,11.0,0.1746031746031746
4837aec8-3bbe-40d9-93b3-133555690f0d,район Измайлово,55.7933182,37.78958734832456,1954.0,152,65,3.0,0.046153846153846156
483bcf4a-2ed9-4509-ae09-aeafd9e5c10b,Тимирязевский район,55.8127585,37.563275344084666,1966.0,130,72,14.0,0.19444444444444445
48421ca5-b565-4d04-9eb0-2c1b242b78e7,Басманный район,55.764463649999996,37.65113639712129,1913.0,18,12,5.0,0.4166666666666667
48466638-e436-4b55-9a71-0ab61ecf443c,район Кунцево,55.73809985,37.42851562007142,1963.0,106,72,22.0,0.3055555555555556
4846aaa1-b8c0-4934-9b5e-f9b3328ec610,район Беговой,55.7822024,37.566428471855446,1960.0,110,60,2.0,0.03333333333333333
484cc542-b396-4583-b1ff-8a195d285074,поселение Сосенское,55.549135199999995,37.49934379907873,2016.0,87,47,10.0,0.2127659574468085
484f6f69-fa72-4786-899f-2f3e8218ed73,Войковский район,55.81764095,37.49682492236102,0.0,165,80,1.0,0.0125
4854205e-f536-475a-9f87-aa3b371ce92e,район Орехово-Борисово Северное,55.61820435,37.7106314,1998.0,323,136,11.0,0.08088235294117647
485489ef-7234-4d04-ac45-bfcdc4cbf347,район Солнцево,55.6470669,37.408109444206616,1987.0,432,223,11.0,0.04932735426008968
4854ed54-018e-40e1-97db-a3eaabc522c7,район Арбат,55.75334465,37.58637331561688,1900.0,41,25,7.0,0.28
485e6111-8193-4d85-a9ab-b2e01edfc5e9,Хорошёвский район,55.77566295,37.53847494237013,1965.0,110,71,23.0,0.323943661971831
4862f0d4-d875-44fc-8c4f-6a7d48ec1a12,Гагаринский район,55.691112000000004,37.54303664305851,1953.0,1261,606,112.0,0.1848184818481848
4865aca0-96ad-431e-9a03-5c23ed04f81c,район Хамовники,55.732867850000005,37.58552205917336,1964.0,178,105,10.0,0.09523809523809523
4871b5b7-574f-4c6a-8128-c7f9c851d3bc,Хорошёвский район,55.779824250000004,37.52747576555119,1964.0,124,64,13.0,0.203125
4873a51c-1eea-44a1-a5ad-b41189b5081d,район Южное Медведково,55.8764366,37.64410160614294,2005.0,350,165,12.0,0.07272727272727272
4875a585-0dea-4483-b2b9-75d9b206dd6e,район Чертаново Северное,55.62982255,37.60923657130516,1969.0,158,98,30.0,0.30612244897959184
4875b482-56f0-415b-9235-c63cc6daad9e,район Ростокино,55.83828485,37.632328527693105,1970.0,210,112,21.0,0.1875
4877595d-eae8-4a09-ab80-12ca001e20e4,район Ростокино,55.836623599999996,37.66317934999999,1950.0,53,38,15.0,0.39473684210526316
4877bb87-d657-49f4-9ad8-61728bf28248,Мещанский район,55.76815755,37.62965696380006,1917.0,20,11,4.0,0.36363636363636365
48868a67-f79b-465b-ae1d-279b2a79fc5f,Молжаниновский район,55.946150849999995,37.34543341304483,2013.0,860,355,43.0,0.12112676056338029
4887d6c8-b1f5-4afd-8e73-b0e8f266de23,район Гольяново,55.82175105,37.79391813984391,1968.0,145,84,13.0,0.15476190476190477
488936ff-0ef5-4021-987c-7d79eb6641d9,Тверской район,55.7725114,37.61214485331752,1917.0,104,43,9.0,0.20930232558139536
488c16dc-279d-4357-b1c4-8855e526d08a,район Марьина Роща,55.7906139,37.60355082120149,2007.0,247,128,35.0,0.2734375
488e9598-4ac5-45b2-9a37-13e7111b3303,район Коптево,55.8446585,37.5498142559949,1968.0,169,84,10.0,0.11904761904761904
4892531f-4659-41a3-9d46-273dbea7a20f,район Хорошёво-Мнёвники,55.7845132,37.45813637633056,2000.0,221,117,20.0,0.17094017094017094
48bf6f50-ad67-44f1-9448-3cde5aa20eec,Тимирязевский район,55.8091902,37.561212268909344,1966.0,158,84,6.0,0.07142857142857142
48c03ab6-928d-4fda-93be-84474f95c2af,район Очаково-Матвеевское,55.7091913,37.48718015100289,1969.0,205,98,8.0,0.08163265306122448
48c0ea4e-6569-46c2-9355-e3453cf97df0,Пресненский район,55.7720336,37.58160859624505,1963.0,87,69,28.5,0.4057971014492754
48c267ef-87c0-42be-81f8-3900a773d62f,Басманный район,55.75983635,37.65138677934783,1910.0,68,36,10.0,0.2777777777777778
48c35612-40cf-41dc-94ac-3828fe4b2376,район Тропарёво-Никулино,55.6612134,37.46878354644718,1982.0,526,254,15.0,0.05905511811023622
48c3e1a0-f479-4a27-8d4e-c5b0c24f74a1,район Филёвский Парк,55.74260995,37.4897323,1963.0,149,80,22.0,0.275
48c4a856-49d1-4477-9696-10c54ea68ef7,Рязанский район,55.7098852,37.784250241744175,2019.0,200,150,67.0,0.44666666666666666
48c95aec-2d86-497a-9a43-4cce91501796,Красносельский район,55.774911849999995,37.66674792104277,1984.0,95,40,4.0,0.1
48ed9980-b137-48ef-b530-ace861d92228,район Левобережный,55.857882000000004,37.46907837351004,1965.0,254,112,2.0,0.017857142857142856
48f7a2da-98f1-453f-a185-15d9df51d9f3,район Измайлово,55.790913149999994,37.80629674506035,2011.0,133,1120,1060.0,0.9464285714285714
48fa8477-7777-40b8-a83d-1f3ac1e910ef,Войковский район,55.8180777,37.493978197817725,1970.0,221,144,31.0,0.2152777777777778
4901c6ab-c298-4abf-ae00-ebd534970abc,Тверской район,55.7747479,37.59816723217037,1917.0,82,37,7.0,0.1891891891891892
49112e50-1afc-459a-8811-9bf973ac1d1a,поселение Сосенское,55.575177499999995,37.47675241469741,2015.0,48,135,116.0,0.8592592592592593
49144d3e-7d14-4b21-952b-45d38e7b9b99,район Левобережный,55.85793765,37.478733564242866,1965.0,121,84,34.0,0.40476190476190477
491be9f2-9275-4e0d-8a5d-067cf48bf55b,район Марфино,55.82918655,37.59850111759073,1962.0,150,72,1.0,0.013888888888888888
49234d51-6bf3-4f14-ae83-f38f08cc6dd6,район Щукино,55.80282345,37.469045225886525,1959.0,90,41,1.0,0.024390243902439025
49276827-84ce-4a4a-9087-5edf604bb0d6,Тимирязевский район,55.812535100000005,37.55676107319495,1967.0,138,92,19.0,0.20652173913043478
4934fc65-b0fd-469b-8c85-fc8a922fa3c4,район Лефортово,55.758662099999995,37.71168465236288,1958.0,280,113,5.0,0.04424778761061947
49417864-3e6e-4ed5-8983-cde66935f21d,Тверской район,55.77249345,37.59251875422261,1943.0,77,36,12.0,0.3333333333333333
4942f6be-6155-4a59-bea5-c6d9c8afd94f,район Гольяново,55.8145287,37.80570987559547,1967.0,144,84,16.0,0.19047619047619047
4946b7a8-0389-4601-a745-3a340db38baa,поселение Первомайское,55.4696348,37.29958424190521,2010.0,37,54,40.0,0.7407407407407407
494c7b56-f37d-49f6-8844-5273389a7564,район Кунцево,55.7861949,37.356764049999995,1960.0,99,47,7.0,0.14893617021276595
494f0306-1bf5-463c-9525-91e32e892343,район Митино,55.844323599999996,37.34910389634341,1998.0,479,198,17.0,0.08585858585858586
495651ed-aa42-4d50-ad31-a7625467cccf,район Выхино-Жулебино,55.6963975,37.84994673683666,1995.0,177,87,17.0,0.19540229885057472
49570ff0-602b-4b82-875c-f052c861b7a1,Таганский район,55.7386671,37.6519314,1969.0,101,71,19.0,0.2676056338028169
495b64af-e113-4648-9507-3448f84a0aa5,поселение Сосенское,55.54170125,37.49787921089002,2015.0,150,96,34.0,0.3541666666666667
4962ea38-466f-4be2-952d-7fcee14c623b,Хорошёвский район,55.781755149999995,37.52129599172072,1966.0,153,96,28.0,0.2916666666666667
496576f8-9b9d-4f6d-84a9-27f7ff08b615,Тверской район,55.5428694,37.2030491,1991.0,208,90,15.0,0.16666666666666666
49751415-22c2-457c-8342-d22222a6c6d7,район Аэропорт,55.8055063,37.5499485,1968.0,385,188,26.0,0.13829787234042554
49792ed7-7547-40e5-a5f0-5a2767cc7ba9,Ломоносовский район,55.6740791,37.53064661627804,1966.0,383,215,20.0,0.09302325581395349
4985598b-2228-40be-bc26-2e1b075fca9e,район Филёвский Парк,55.73709765,37.48768996683211,1959.0,155,80,2.0,0.025
49996733-b855-4a02-bb9b-3d7b61f256e5,Бутырский район,55.82440845000001,37.57940057754329,1967.0,154,92,22.0,0.2391304347826087
499a748f-56db-4a27-b3d7-6c870015ee4f,район Кузьминки,55.710637399999996,37.76776190499507,1965.0,88,68,20.0,0.29411764705882354
499b197e-f42c-4127-b83f-4591dfd55478,район Отрадное,55.8680175,37.58888373488372,1996.0,506,248,31.0,0.125
499d31c0-5456-4bb2-bb35-eaf45df9f659,район Черёмушки,55.65308815,37.56555825,1963.0,120,71,3.0,0.04225352112676056
49ab6721-9bbf-4476-9d3e-071558bde391,район Свиблово,55.84852945,37.64730877354327,1967.0,148,84,13.0,0.15476190476190477
49b26140-e972-4572-b018-f8cc398174cd,поселение Филимонковское,55.5319217,37.2378563,2011.0,22,14,6.0,0.42857142857142855
49b286ef-d00d-4635-a7b3-b7931a4cd574,Академический район,55.683753800000005,37.57716973661027,1997.0,237,131,36.0,0.2748091603053435
49c33aed-3bed-46d2-996c-c5dcb0d1c0e6,Академический район,55.6790891,37.5648595,1960.0,280,146,8.0,0.0547945205479452
49c348a2-dd1b-4631-aed1-48600e7f1437,район Соколиная Гора,55.77807465,37.72723765205485,1995.0,168,75,5.0,0.06666666666666667
49c7fdd8-b064-414f-a43e-73f208b37d05,район Черёмушки,55.669886500000004,37.57143380000001,1995.0,266,135,13.0,0.0962962962962963
49d6cb7e-5809-4ebf-9d44-0d3127a25824,Пресненский район,55.759879299999994,37.594376809065935,1969.0,88,46,12.0,0.2608695652173913
49d9c3fa-d99d-4d42-9305-d2a0db1f7181,район Ростокино,55.82915855,37.660980198068444,1966.0,129,71,13.0,0.18309859154929578
49de8294-1263-43b5-93d7-fef630dc6277,район Арбат,55.753016099999996,37.59158244971698,1967.0,255,170,45.0,0.2647058823529412
49df7fbb-9135-46e9-9591-b97e04eddb61,Тимирязевский район,55.80991385,37.5701441427411,1963.0,295,148,9.0,0.060810810810810814
49e065b0-2177-4761-b249-9724e024876a,район Раменки,55.7034279,37.51685429869269,2008.0,532,267,16.0,0.0599250936329588
49e7f303-6523-4c89-a901-359490195851,Рязанский район,55.7262358,37.766121380899506,1973.0,164,84,2.0,0.023809523809523808
49f0bac2-2b78-4b98-81ec-78d242ef76cd,поселение Филимонковское,55.5519052,37.330319022526695,2014.0,54,24,1.0,0.041666666666666664
49f84c58-e613-4f36-800d-c49680faf956,Тверской район,55.7785354,37.58922983265408,1967.0,264,156,41.0,0.26282051282051283
4a0d9f73-8652-4dae-aab9-89ecadbba5f8,район Сокол,55.793978949999996,37.50997819163642,1952.0,108,46,8.0,0.17391304347826086
4a0f2f87-bb15-4bbd-b09b-021e4fa12402,район Хамовники,55.72146015,37.57826674187996,1960.0,288,124,20.0,0.16129032258064516
4a21755b-1a6d-43d7-bc8d-a7a39b461cdf,район Марфино,55.83090835,37.58661818573517,1963.0,124,72,17.0,0.2361111111111111
4a2f16fe-9944-4ce0-ac49-ad175d3583f8,район Измайлово,55.789081100000004,37.78154903720565,1950.0,91,38,3.0,0.07894736842105263
4a3cbfa1-a234-4780-8374-48b0d6079950,поселение Краснопахорское,55.43493315,37.32529950084367,2015.0,11,12,8.0,0.6666666666666666
4a5ce784-54fd-4867-b670-b8e18803094d,Нагорный район,55.653769600000004,37.6158165248973,1971.0,105,68,19.0,0.27941176470588236
4a5ec4d4-dfd3-4fa8-ae72-047a6ec17153,Гагаринский район,55.6942519,37.5548307,1957.0,1179,484,33.0,0.06818181818181818
4a5eeb3e-5ff1-46cf-b496-19c1854d4a4a,район Западное Дегунино,55.87367405,37.52177313711857,1967.0,143,80,14.0,0.175
4a75957d-9daf-4880-b550-c034353d0f85,район Печатники,55.6827114,37.72806537964921,1969.0,162,83,13.0,0.1566265060240964
4a7cb48a-f279-4844-9668-e45e7950b920,район Кунцево,55.785399600000005,37.36102604999999,1970.0,191,80,4.0,0.05
4a7db00f-fc22-4dee-8cd0-0f9957332d4c,район Проспект Вернадского,55.671755399999995,37.50130987884212,2014.0,363,174,14.0,0.08045977011494253
4a822162-2cee-4668-8497-fc2656bd0bb7,район Щукино,55.8097457,37.450329659102124,1999.0,255,121,14.0,0.11570247933884298
4a86df4c-d138-4957-a743-918049449d26,район Южное Тушино,55.8482297,37.421918763461534,1980.0,515,264,36.0,0.13636363636363635
4a89ed12-9d45-4adb-96bc-b8bf685ca987,Донской район,55.70260195,37.59433251553932,1957.0,11,16,12.0,0.75
4a8d8716-72d7-4c28-81e7-ef9cedc19ed9,Тверской район,55.7726673,37.60180350687443,1958.0,221,89,6.0,0.06741573033707865
4a9f6508-090d-40e6-80e3-820dc03a4517,Басманный район,55.75595975,37.65090050049341,1915.0,156,71,10.0,0.14084507042253522
4aa63932-ea4e-44be-b6d2-2cb4b8e06f4e,район Новогиреево,55.7543211,37.80762918106044,1962.0,94,60,8.0,0.13333333333333333
4ab58ad7-a908-45a5-87e5-26e215b4a9f8,район Коньково,55.64126755,37.53290291200098,1971.0,935,384,38.0,0.09895833333333333
4abba282-31d5-4d05-b5a2-9b7a0a7dd1b6,район Южное Бутово,55.5377129,37.52845461798253,2004.0,54,28,8.0,0.2857142857142857
4abc0ada-a6ab-46e6-a8a2-c7b25de45d6d,Тверской район,55.7690689,37.61741656564459,1875.0,12,6,2.0,0.3333333333333333
4ac2a938-4d63-4200-8390-bff423c98500,район Замоскворечье,55.73001135,37.63035086193625,1997.0,115,70,19.0,0.2714285714285714
4aca2398-ebb3-42b5-b411-788ccb204734,Даниловский район,55.714425950000006,37.6102572304554,1928.0,134,60,4.0,0.06666666666666667
4ad2015a-007c-491a-88dc-5c364f8473f1,район Южное Бутово,55.53641495,37.53016102666279,1998.0,191,75,7.0,0.09333333333333334
4ad9036b-e156-44f2-bc59-fde356d5f426,Академический район,55.681684399999995,37.57554712809318,1998.0,308,165,42.0,0.2545454545454545
4afb6cf7-8955-41f1-9f39-9c3a4f1dcfcb,район Хамовники,55.7228444,37.5736496,1958.0,406,179,22.0,0.12290502793296089
4afcbc2d-6547-4a0c-918a-8a9b11bc8264,Тверской район,55.77294115,37.589737615613345,1943.0,78,56,30.0,0.5357142857142857
4b041a36-d5c0-4152-869d-c315be9b4059,район Измайлово,55.799870049999996,37.77294885,1971.0,133,63,5.0,0.07936507936507936
4b0489b1-f731-4e90-b9c6-b652567648c2,Нагорный район,55.654983200000004,37.6153934,1967.0,147,96,28.0,0.2916666666666667
4b04ec89-915f-46f1-a0da-259d369fc491,район Сокол,55.798638749999995,37.51682269851452,1950.0,131,53,3.0,0.05660377358490566
4b0e736a-e8b3-4dcb-8c4a-e657fc69d59a,район Ховрино,55.855885650000005,37.49795862559861,1973.0,195,144,66.0,0.4583333333333333
4b0fff19-fabe-4984-81ec-1878c7fa6dce,район Чертаново Центральное,55.6179882,37.60599529906808,1980.0,181,127,37.0,0.29133858267716534
4b149b06-fd4f-403d-a6d6-dd523e54541d,Красносельский район,55.77879825,37.64581704882867,1928.0,199,70,3.0,0.04285714285714286
4b16556b-4d06-4985-a42e-fe71c5ddac21,район Сокол,55.799123249999994,37.50184957548669,1951.0,187,77,13.0,0.16883116883116883
4b226b78-3fc4-4843-92ad-54e1d80273db,район Зюзино,55.66088295,37.594840268258814,2010.0,474,319,105.0,0.329153605015674
4b37575f-e27c-4756-af71-d60dde174d0e,Рязанский район,55.713703100000004,37.77981648896797,1967.0,158,84,6.0,0.07142857142857142
4b3a042f-072e-4ee7-ad8b-d7531f1647d6,район Аэропорт,55.80227175,37.544955059801694,1956.0,165,80,11.0,0.1375
4b3a477d-2e1a-45d3-a7e9-653fb65b05f3,район Марьино,55.660481250000004,37.74760986582264,1999.0,945,463,55.0,0.11879049676025918
4b3ac544-fa8d-4ef6-8a2b-5241ac7b9d33,район Черёмушки,55.66304415,37.5536852875,1996.0,282,128,12.0,0.09375
4b3cdbb4-4d81-43d7-96ac-017fc3126ffb,район Печатники,55.6534023,37.7015106,1951.0,11,4,1.0,0.25
4b42eb77-ea5f-4e54-b3a6-0b34d970e375,Академический район,55.685867900000005,37.564748276997236,1959.0,86,40,1.0,0.025
4b43737a-9daa-4d11-8dee-28906a75053c,Ломоносовский район,55.6807084,37.548040860474345,1985.0,1,259,202.0,0.7799227799227799
4b4e5e6f-1fb5-4588-bc84-499e4cc4df84,район Проспект Вернадского,55.6702566,37.51046709243687,1963.0,98,72,24.0,0.3333333333333333
4b56fc70-cacc-4c43-b2a5-dbd47f6c8fd7,район Тропарёво-Никулино,55.6595382,37.4858806,1970.0,177,108,35.0,0.32407407407407407
4b60d8b5-700f-4259-96a0-24815b01af60,район Нагатинский Затон,55.68269495,37.67652522347086,1965.0,374,188,15.0,0.0797872340425532
4b6b642b-83c7-4f90-83d2-dbfe9c74fd99,район Северный,55.9385391,37.5512809,1949.0,20,16,8.0,0.5
4b705023-5098-43af-a819-7f3661fe2a6a,Савёловский район,55.80640855,37.57446838538526,1965.0,115,72,6.0,0.08333333333333333
4b77d799-a39e-4491-8b07-4a14fa8f4648,район Северное Измайлово,55.8074729,37.8174316734375,2003.0,748,377,44.0,0.11671087533156499
4b787c04-0ebb-4703-b2ed-d2156c3b9a0b,Алексеевский район,55.807945149999995,37.64072463708821,1965.0,105,82,18.0,0.21951219512195122
4b8ea6d1-ffa8-46af-a22f-a52e9c60fb6d,район Арбат,55.7505697,37.577400993217765,1960.0,533,319,64.0,0.2006269592476489
4b956e31-a79a-4f7e-b701-9193d9a2b16e,Ярославский район,55.8636573,37.6908687,1974.0,246,112,4.0,0.03571428571428571
4b9980ea-2183-446d-9601-20c451862ad0,район Бибирево,55.8925344,37.615084737312486,1986.0,222,111,13.0,0.11711711711711711
4bb864b0-dc3f-4c68-b42f-098f9152780c,район Зюзино,55.65241785,37.58772765677071,1966.0,162,80,8.0,0.1
4bbe5cf8-bac3-447b-bc59-7d96d0170614,Нагорный район,55.6527411,37.60985721626784,2003.0,332,191,59.0,0.3089005235602094
4bc9293a-af7b-4bcd-b174-85260491c403,район Сокол,55.8102831,37.49163205559803,1962.0,127,69,11.0,0.15942028985507245
4bceb026-ee70-4ce5-92f1-1fca9945f39c,Мещанский район,55.7835249,37.63386159501884,1953.0,293,133,9.0,0.06766917293233082
4bcf7494-6cde-47cd-9ce8-41361435d92d,район Якиманка,55.721281250000004,37.60901035668355,1959.0,108,60,2.0,0.03333333333333333
4bcfe5ba-ffe6-46dc-923f-e221201f43a0,район Нагатинский Затон,55.6800591,37.67579321158071,1967.0,323,178,13.0,0.07303370786516854
4bd9dbbf-c413-47d3-b9ae-3f2539fde502,район Хамовники,55.744321049999996,37.59319315137888,1907.0,22,15,8.0,0.5333333333333333
4bd9e155-6981-429e-83a6-2d258c819d88,район Соколиная Гора,55.7803449,37.73300613185681,1970.0,328,178,29.0,0.16292134831460675
4bdc22ea-825c-4a69-bf78-f22b9995031a,Тверской район,55.788620050000006,37.59916935000002,1975.0,107,54,12.0,0.2222222222222222
4be968eb-3a17-4422-8225-8d4fe3f342a2,район Митино,55.8415181,37.380076875920096,2008.0,647,354,108.0,0.3050847457627119
4bf32ed3-eafc-4210-a1fc-c36208805db0,Головинский район,55.847173,37.49550062138364,1968.0,160,84,5.0,0.05952380952380952
4c02c385-f7df-4610-94e5-f0a8cf6f2a39,Ярославский район,55.87123095,37.70611466724644,1972.0,551,212,16.0,0.07547169811320754
4c05dda0-9082-46b7-b4e0-8b6cc3ef9029,район Дорогомилово,55.7987765,37.4004309,1940.0,160,57,2.0,0.03508771929824561
4c0cc812-e927-4f7b-a9ae-cc3d4dd14b96,район Бибирево,55.89428345,37.59746125,1974.0,621,287,4.0,0.013937282229965157
4c15d33d-3f4a-48c7-a822-d62cc49c7e7e,Пресненский район,55.761783199999996,37.54617045278759,0.0,111,61,6.0,0.09836065573770492
4c177247-0dc4-47ac-a27d-08d76d4cc971,район Новогиреево,55.7440744,37.788272,1980.0,141,70,7.0,0.1
4c1ceeec-253c-4753-b9ed-d7e6f1de7da9,Таганский район,55.748360500000004,37.66283438350861,1959.0,104,45,2.0,0.044444444444444446
4c22ba54-905c-4de1-b0aa-6548cfe92f3b,район Кунцево,55.73765075,37.41988877596404,1974.0,205,113,27.0,0.23893805309734514
4c32dabe-4d86-4ef5-a5b5-613696cf3a57,район Черёмушки,55.65897935,37.509741685012244,2007.0,165,168,96.0,0.5714285714285714
4c354c53-6c27-4f08-b136-06e29f7bfff3,район Северное Бутово,55.56598205,37.57714938393853,2002.0,530,255,58.0,0.22745098039215686
4c37f617-fa75-4ab0-9ccc-7717b7c0f773,район Котловка,55.6855446,37.596770008218755,1965.0,131,84,30.0,0.35714285714285715
4c3b4c9b-f850-4a81-8993-382dd793aea5,район Северное Измайлово,55.803556,37.80774315732842,1963.0,91,72,28.0,0.3888888888888889
4c41cada-4a66-480d-a9c9-436508abdddd,район Кунцево,55.7361458,37.422935549991195,1969.0,152,84,18.0,0.21428571428571427
4c44b5aa-adc4-4e4b-a129-5fba41952bdf,Тимирязевский район,55.833281099999994,37.5686673,1974.0,163,98,15.0,0.15306122448979592
4c4b0abf-96fc-43d4-b134-d5cd93e94a6c,поселение Десеновское,55.5017802,37.3327909,1962.0,65,36,6.0,0.16666666666666666
4c4bf1e7-e7fd-40e3-a458-3677479450b4,Пресненский район,55.75635265,37.598491643967165,1971.0,192,84,13.0,0.15476190476190477
4c4e040a-0a45-4019-a9da-af3d71ffb174,район Сокольники,55.797866049999996,37.69521406198383,1930.0,376,185,30.0,0.16216216216216217
4c4e46bc-e9be-4242-b7b8-e7f39008be35,Ломоносовский район,55.67714455,37.53362838119395,2007.0,351,170,23.0,0.13529411764705881
4c53967e-e335-412b-a21b-7002759aa45b,Академический район,55.690616899999995,37.57322739468268,1959.0,137,60,2.0,0.03333333333333333
4c5d8c88-4771-4c93-b817-ca80806a6b64,Даниловский район,55.7205433,37.62455353061858,1961.0,111,71,8.0,0.11267605633802817
4c791f47-8270-4fad-8f1f-3e56c80e77b1,район Тропарёво-Никулино,55.661212500000005,37.49359805,1972.0,127,79,34.0,0.43037974683544306
4c7cda31-8ef0-41f4-bbf4-82e33ffb4642,район Северное Медведково,55.88244855,37.6415154,2005.0,209,104,12.0,0.11538461538461539
4c853c49-8e72-497f-a7c4-fd8a6f97e818,район Зюзино,55.650074700000005,37.58220892971353,1963.0,140,71,8.0,0.11267605633802817
4c8f2c6c-5b34-48af-9010-a79c437981e7,район Раменки,55.69408745,37.53309986454729,2010.0,630,329,47.5,0.1458966565349544
4c9c99f8-6bd6-4f7e-833b-a49225cc280a,район Черёмушки,55.66495915,37.55291216228824,1998.0,834,460,125.0,0.2717391304347826
4ca0aa6b-ca9a-4b71-8e32-f04dc20e3945,район Филёвский Парк,55.7458644,37.49657200691949,1966.0,207,128,29.0,0.2265625
4cbacd05-e201-4601-aef0-745b80368c8a,район Хорошёво-Мнёвники,55.7739095,37.47038876973684,2010.0,264,129,23.0,0.17829457364341086
4cc0f71a-4f75-4cc7-9023-21793a1c8d37,поселение Сосенское,55.5428934,37.4917742,2015.0,60,66,40.0,0.6060606060606061
4cca21e5-92fd-4a25-8644-85889a3e8763,Хорошёвский район,55.7975219,37.5197922,2006.0,62,936,907.0,0.969017094017094
4cd77ae5-7abd-4f1b-9dc4-de2bf3dabdc4,район Лефортово,55.75136205,37.678125553346455,1995.0,190,95,9.0,0.09473684210526316
4cd9a60b-bd36-4513-a050-33a1ac9f0ea3,район Якиманка,55.7353913,37.61556993897133,1933.0,69,30,6.0,0.2
4cf70a87-9da2-47cd-800d-b951f0f4414f,район Сокол,55.80267115,37.51443763486024,1968.0,125,88,32.0,0.36363636363636365
4cfb5596-36c6-4fcb-a0ab-8d6ee50f3e29,Ломоносовский район,55.67289735,37.52764436902754,1964.0,111,72,10.0,0.1388888888888889
4cff0f9f-2e9b-4b1e-a2e8-0b9150c6e114,поселение Филимонковское,55.5513031,37.326794752814244,2013.0,37,26,10.0,0.38461538461538464
4d01ff57-ce5f-4615-a811-f91a208ee9bf,район Марьина Роща,55.791363000000004,37.601101885644255,1929.0,128,49,1.0,0.02040816326530612
4d1a91c0-0b6a-4097-8b1e-5ce13e17b7e1,район Хамовники,55.726677499999994,37.56585215596057,1973.0,120,98,42.0,0.42857142857142855
4d1c5285-def6-4955-8481-807175d68f4a,район Очаково-Матвеевское,55.69733125,37.45896823966903,1969.0,170,83,3.0,0.03614457831325301
4d20ee18-a06c-4f2b-a62e-88d4e69fc25a,район Раменки,55.722955299999995,37.52603658315718,1966.0,167,80,7.0,0.0875
4d28bfdb-f20d-47d8-96fe-6df6be99e92c,Красносельский район,55.7686142,37.635120211135614,1913.0,72,35,7.0,0.2
4d2d5898-ca5c-4b7f-981c-ef42723a9dcd,район Беговой,55.78356945,37.57798870259731,1959.0,176,99,29.0,0.29292929292929293
4d2e0ebc-e938-4468-b682-d1c83bb75b91,Даниловский район,55.7162406,37.663725549999995,1962.0,108,72,20.0,0.2777777777777778
4d382b0b-2883-4a1b-9760-190aa7e6cc03,Войковский район,55.8161343,37.49641775345805,1983.0,158,95,27.0,0.28421052631578947
4d435a93-6f2c-4d6e-b889-5d4be30c4e3f,район Бибирево,55.898685400000005,37.6057236,1981.0,277,127,5.0,0.03937007874015748
4d44b69c-cdaa-42e2-9176-5a8b0d20a70b,район Ховрино,55.86125245,37.495028420914714,1970.0,175,98,8.0,0.08163265306122448
4d6133d2-1c3c-40e4-a168-9a518a70b52c,район Аэропорт,55.80868805,37.53164455277223,1962.0,143,80,7.0,0.0875
4d68cdb5-2897-4879-b496-f7ed64f95ddd,район Орехово-Борисово Северное,55.61286375,37.70215666243968,1998.0,299,127,7.0,0.05511811023622047
4d870845-f704-4632-9781-8219910a3d9c,район Метрогородок,55.8288862,37.763783642180776,1964.0,123,68,9.0,0.1323529411764706
4d970d4d-4ed6-41c4-a001-8e1699d9f33e,район Коньково,55.6440275,37.541575131190015,1974.0,337,214,69.0,0.32242990654205606
4d9ccd91-242b-4410-978a-61c8a2bdc252,Нагорный район,55.65617435,37.60965338157004,1966.0,99,72,28.0,0.3888888888888889
4da7e52c-0815-47b6-b177-3f702d66271a,район Кунцево,55.78315675,37.35869830000001,1967.0,180,80,4.0,0.05
4daa054a-de09-4d91-957a-d270c5e2f6a6,район Измайлово,55.79021355,37.78800759495798,2012.0,301,208,96.0,0.46153846153846156
4db71f3d-7aa1-4a8a-853c-0c96eebf33f7,Пресненский район,55.758999700000004,37.60748817125932,1905.0,69,41,16.0,0.3902439024390244
4dbe044f-48e6-419f-b4e7-3a72532a1a68,Савёловский район,55.79635475,37.567651315094636,1962.0,128,60,3.0,0.05
4dc3221a-53b2-4de4-b149-326dc4db907e,район Кунцево,55.73919005,37.42918287525668,2009.0,219,148,30.0,0.20270270270270271
4dc6714f-5442-4e7b-827a-3dedebe25c32,район Орехово-Борисово Северное,55.61345765,37.70281463458666,1974.0,281,191,47.0,0.24607329842931938
4dca8ef0-e164-4207-8075-abe583d57cf8,Нагорный район,55.642460400000004,37.615884130636815,1962.0,95,70,27.0,0.38571428571428573
4dce05ae-31f7-4559-aceb-fae160933f0b,район Щукино,55.7921173,37.4878097,1970.0,163,80,5.0,0.0625
4dce7fdd-a396-4ce8-a783-53d62b3b4c45,район Хамовники,55.7400284,37.59464941846733,1969.0,86,55,18.0,0.32727272727272727
4dcfcd35-9d3e-4b14-990a-09a1d6c520b2,Таганский район,55.7482002,37.66168982523017,1958.0,27,13,1.0,0.07692307692307693
4dda3953-ec9b-4f80-8828-f1cfdaeb957e,район Зябликово,55.6163196,37.74248328788538,1997.0,441,203,23.0,0.11330049261083744
4de2f922-4f08-41ec-82c4-7d298c042fb9,Красносельский район,55.783614549999996,37.67036390605948,2005.0,137,83,21.0,0.25301204819277107
4df2460a-7963-4ffe-8897-b015260add54,район Якиманка,55.7282695,37.6117405,1985.0,541,320,112.0,0.35
4e00b6f1-a93a-4974-b74b-666b32b85cb6,Пресненский район,55.76537865,37.564862899999994,1967.0,170,103,26.0,0.2524271844660194
4e1da5e7-a8cf-4f51-9b3e-a15d88632172,Южнопортовый район,55.7261212,37.670025032332504,1999.0,267,117,22.0,0.18803418803418803
4e1ec129-7b28-4b30-94d7-0f7bdcddd99c,Пресненский район,55.7609261,37.538637115190454,1958.0,137,54,2.0,0.037037037037037035
4e281411-8699-4dfd-b33c-69170bcb31a8,Пресненский район,55.76398035,37.599718866621416,0.0,32,13,3.0,0.23076923076923078
4e3d9b7c-b287-4bec-a75e-4610ed5bbf91,Пресненский район,55.76887145,37.5869358,1960.0,196,117,26.0,0.2222222222222222
4e3dbed1-8b2c-4290-b645-ea93530c29b0,Войковский район,55.833055200000004,37.50146818303965,1971.0,181,91,8.0,0.08791208791208792
4e3e85f5-1848-4ba6-9c9d-2a0d6bd56197,Ломоносовский район,55.6839881,37.53815347046505,1958.0,669,280,16.0,0.05714285714285714
4e401d9a-c257-4a60-a119-4cc4373e77ed,Алексеевский район,55.81581505,37.63957864559464,1934.0,125,43,3.0,0.06976744186046512
4e4471e5-c3d6-4067-9ee4-f7598005de0e,Басманный район,55.77265235,37.6840993862142,1974.0,367,211,44.0,0.20853080568720378
4e4942d1-a17d-43c9-af5c-cc8b9355b44c,район Ховрино,55.8648723,37.50142238326891,1968.0,139,84,13.0,0.15476190476190477
4e54e5ac-126f-4d58-915a-d1d51d105bbd,Войковский район,55.8198359,37.4950878,1955.0,585,255,57.0,0.2235294117647059
4e65a4a8-3f88-4342-a9c4-38cc566a78f6,район Кузьминки,55.70663235,37.7506398,1962.0,117,72,14.0,0.19444444444444445
4e6aa6c1-7c8f-4d49-9838-dcfe46be3f4d,район Царицыно,55.6345423,37.66078103649635,1972.0,184,114,36.0,0.3157894736842105
4e814d00-d0a8-4753-8651-87ad10c3013e,поселение Сосенское,55.56592365,37.47935716513107,2013.0,331,248,79.0,0.3185483870967742
4e851223-c940-4b82-bd4a-862878524ca7,Пресненский район,55.7575331,37.57506019153438,1938.0,112,56,6.0,0.10714285714285714
4e932468-620d-4157-8063-ecc11d71aef4,Пресненский район,55.76452265,37.58213396435811,1972.0,136,89,26.0,0.29213483146067415
4eb35e50-991a-4b76-8c95-c74c9635ac2f,район Богородское,55.81753345,37.709530417145146,1966.0,100,68,20.0,0.29411764705882354
4ebdfcf3-de57-414e-ad06-bb03956797c5,район Западное Дегунино,55.87786945,37.50591930813941,2014.0,462,192,16.0,0.08333333333333333
4ebe3468-9f3b-4b2c-8418-969c08985f17,район Зюзино,55.643310400000004,37.59615900868056,1963.0,117,72,20.0,0.2777777777777778
4ebfaffe-19e4-404e-b417-5f28c8e0a7e7,Нижегородский район,55.7294155,37.75298775499377,1962.0,96,52,11.0,0.21153846153846154
4ec2b964-69de-442c-9dc6-bd8ec2dd2af2,Пресненский район,55.76881755,37.58791655,1957.0,44,25,8.0,0.32
4ec3857b-85dd-4cbb-949b-ab688c9c4341,район Соколиная Гора,55.774498050000005,37.733973549999995,1959.0,192,80,3.0,0.0375
4ec9b5c2-bf24-4571-82bf-a290b542b2d9,район Бибирево,55.88566525,37.604460793523316,1988.0,529,256,38.0,0.1484375
4ed4e3bb-5ca6-4e11-9373-195ac89f12f3,район Ховрино,55.866494849999995,37.49557790995194,2003.0,164,125,73.0,0.584
4ede5a74-ef4a-4f5c-85b8-dd9034923a4b,район Кузьминки,55.70704635,37.761741069094356,2008.0,220,128,29.0,0.2265625
4eef4045-3048-4526-967a-c25c00bccb9f,район Филёвский Парк,55.7385473,37.500841553191506,2013.0,328,178,8.0,0.0449438202247191
4eef8857-e2bc-460a-9c8f-404fac4f7e9d,Обручевский район,55.6680298,37.54664932551468,1977.0,182,98,2.0,0.02040816326530612
4ef27d52-5b55-4a8a-a5e4-57441ff3b003,район Печатники,55.670934599999995,37.72339121249053,1971.0,346,177,27.0,0.15254237288135594
4f05fe17-5c5a-4ccf-8ff1-b5afff57bb92,Бабушкинский район,55.86085385,37.6672562,1960.0,134,60,1.0,0.016666666666666666
4f1c25e5-0ff2-40fb-99ca-9927d32e6160,район Сокол,55.80846135,37.5055743956063,1967.0,168,90,19.0,0.2111111111111111
4f1f9240-4dcf-445a-8be2-6860c55adaa7,район Кунцево,55.737685299999995,37.42787987298851,1963.0,132,72,7.0,0.09722222222222222
4f21ea82-3c60-4eb9-b3d7-004a1333f710,район Сокол,55.8060862,37.5063963,1958.0,274,113,13.0,0.11504424778761062
4f22318c-43a4-4040-872d-6d0b88bbe000,район Раменки,55.70276795,37.50657227881247,2010.0,714,419,166.0,0.39618138424821003
4f2f1b15-c690-42b1-96e6-0ccbe22ee359,район Измайлово,55.7914552,37.7859266,1965.0,115,67,16.0,0.23880597014925373
4f39b771-bd92-4203-99b7-58b048dd05bf,поселение Сосенское,55.5428934,37.4917742,2015.0,85,86,47.0,0.5465116279069767
4f3e6aa3-cf36-4923-a997-ff85cd47b328,район Филёвский Парк,55.76611255,37.48080962004609,1982.0,251,127,1.0,0.007874015748031496
4f65e34c-2d3b-47eb-850e-f27ada597ae2,район Царицыно,55.6319425,37.663219923056175,1971.0,230,120,14.0,0.11666666666666667
4f68fedb-350e-439a-9d9a-e5afc94c92e9,Пресненский район,55.7648091,37.59096130211259,0.0,29,12,1.0,0.08333333333333333
4f6fc4f2-e9a4-4111-9988-628e2fd4732b,Алексеевский район,55.82470875,37.6518992,1971.0,173,112,20.0,0.17857142857142858
4f75cc20-38c9-465c-96c9-3323852c3dd0,район Коньково,55.64278095,37.53591351793605,1970.0,362,143,6.0,0.04195804195804196
4f7b98c5-9c33-40a4-be39-52c7b1adb879,район Очаково-Матвеевское,55.508215,37.2200714,2011.0,171,128,59.0,0.4609375
4f8a5cf2-6d15-4c2c-9dcb-271cdf158517,Хорошёвский район,55.77699045,37.54913211245473,1951.0,74,35,5.0,0.14285714285714285
4f8c2a64-8c65-4bfd-980b-f49f3d6b5d86,Гагаринский район,55.6900871,37.55527253816901,1975.0,192,112,12.0,0.10714285714285714
4f8ccb0c-bb8a-4d68-a0ef-fa502523378f,район Хамовники,55.74730305,37.59668740501203,1971.0,84,36,9.0,0.25
4f9e2c1e-88e2-4740-8fca-fc5b9918917d,район Филёвский Парк,55.74004895,37.49262384183691,1988.0,437,202,35.0,0.17326732673267325
4fa413e8-2ddd-48c5-bfe0-eeee612be83c,Ломоносовский район,55.673266600000005,37.536472796632275,1977.0,190,84,9.0,0.10714285714285714
4fa86166-3902-4b4c-969e-7461be6aa2b6,Тверской район,55.7571201,37.6148004,1912.0,27,11,2.0,0.18181818181818182
4fab402b-da10-4d08-b1af-93ab525579ba,район Богородское,55.81800385,37.701970129352645,1958.0,350,272,117.0,0.43014705882352944
4faba85c-c11c-45cd-8911-a22ab4eba4b7,район Кунцево,55.73142565,37.4429167666741,1971.0,482,225,21.0,0.09333333333333334
4fb5284a-84a4-47b4-8282-235a0a6aa385,район Щукино,55.793284650000004,37.49697674219577,1951.0,164,77,11.0,0.14285714285714285
4fbb3095-88d6-439f-a37d-6e92808a78d8,Нижегородский район,55.737717950000004,37.706713135275,1975.0,115,64,14.0,0.21875
4fc407a9-24ec-4d55-b13d-a6269022f478,Тверской район,55.787103599999995,37.60056744190294,1997.0,69,42,12.0,0.2857142857142857
4fd6fb3e-cbad-4497-9506-5acb2f389ece,Нагорный район,55.64853765,37.6105632292624,1965.0,99,72,28.0,0.3888888888888889
4fedf18f-4edd-4da2-bdb8-13f676a528c4,Тверской район,55.7839864,37.59602998705192,1962.0,374,196,19.0,0.09693877551020408
4ffdeee6-8a9b-4a11-9fed-f2b54418f23d,район Некрасовка,55.699753650000005,37.92077671903802,2013.0,960,384,5.0,0.013020833333333334
5007752e-920a-4ee1-950a-6fc5bbc9783d,Гагаринский район,55.5416914,37.2041884,1953.0,147,67,10.0,0.14925373134328357
500bc647-280e-4d57-af67-1e1fcc0984fe,район Перово,55.7578951,37.782364650538256,1967.0,108,68,14.0,0.20588235294117646
500f0337-fe57-426b-a029-e6ad7779744d,район Чертаново Южное,55.5969222,37.599903295071464,2014.0,783,911,499.0,0.5477497255762898
50166f72-237e-4867-8e7a-8bb6c73f4d79,поселение Кокошкино,55.63650415,37.258966213170204,1965.0,134,63,3.0,0.047619047619047616
501f1472-5434-4158-9255-44bc7e52aea5,район Нагатинский Затон,55.686335,37.6846801,1964.0,354,181,5.0,0.027624309392265192
5021d258-3f3e-4042-ac6c-31e4cbc1e230,Савёловский район,55.79312835,37.57549789454971,1974.0,162,111,44.0,0.3963963963963964
5026dea8-ebc2-49ea-a32f-4a95ec41c600,район Аэропорт,55.8036839,37.53837194382352,1963.0,157,108,24.0,0.2222222222222222
5031e431-5e02-4792-81e0-3d17be2dbe53,район Новогиреево,55.7456181,37.808871549986335,1981.0,233,126,8.0,0.06349206349206349
50320698-c2a8-4fab-b24e-b70c5925f070,район Зюзино,55.6587507,37.601610300000004,1963.0,147,72,4.0,0.05555555555555555
503830ee-fda5-4677-afe2-0b1950937c06,район Кузьминки,55.7098419,37.77123581651913,1964.0,124,72,10.0,0.1388888888888889
504320b7-7d76-4a4e-90a1-fe2ee0c9bbca,Бабушкинский район,55.87870995,37.67904056060455,1936.0,79,40,7.0,0.175
5049fbc2-ca18-43ce-a49c-e19b6a1e6d3b,район Кунцево,55.742328,37.42462045656469,1998.0,235,99,4.0,0.04040404040404041
504dc08f-0e8a-4333-a6c3-7e6dca0d50cc,район Соколиная Гора,55.76380455,37.736386450395685,1974.0,180,109,19.0,0.1743119266055046
505113e0-177d-47d9-9ba1-f44979f28d30,Басманный район,55.7631608,37.64554141172346,1998.0,19,9,3.0,0.3333333333333333
5054ae87-9247-4463-bbcd-121957056cd9,Савёловский район,55.79492755,37.569395282336956,1963.0,256,128,10.0,0.078125
50612ce6-5c0d-4b46-8476-fc83e8755af1,Ярославский район,55.869656,37.71439585,1980.0,410,188,6.0,0.031914893617021274
5081ff40-6335-4ad6-91d9-42ce983638e1,район Кузьминки,55.70380485,37.77195649128424,2009.0,332,138,4.0,0.028985507246376812
5087b6f2-ca23-439e-9310-5a7f9bf7fbd9,район Арбат,55.74874455,37.58507346817641,1971.0,186,125,46.0,0.368
509d57b7-401f-4659-89f2-2074047c7ef6,район Восточное Измайлово,55.789216550000006,37.80975427530805,1967.0,157,80,3.0,0.0375
50a68647-590a-4224-ab22-12c50569625b,район Новогиреево,55.7498155,37.823210890556254,1968.0,140,72,10.0,0.1388888888888889
50b3025f-5e05-4ebe-a1b0-8925af22947a,район Гольяново,55.81464245,37.813177548167204,1968.0,122,81,24.0,0.2962962962962963
50bf66ed-41ef-4622-a07c-18a9500cca44,район Чертаново Центральное,55.61252575,37.57745924988091,2010.0,233,144,56.0,0.3888888888888889
50c340af-e58b-408d-a5e8-dfd80571b7d8,район Хамовники,55.7423872,37.578054353723545,1979.0,287,133,14.0,0.10526315789473684
50cbb6a3-6844-4850-ba6d-6822b26bf07e,Тверской район,55.788798400000005,37.59839152263536,1961.0,117,60,6.0,0.1
50d3a2b2-066d-4d57-802c-985e0fdc9d8f,район Замоскворечье,55.73149945,37.641041820751035,1925.0,157,88,24.0,0.2727272727272727
50ec0ecf-7d18-4796-aea0-c2dd31cf6d99,Хорошёвский район,55.7782758,37.51381853523166,1958.0,152,69,10.0,0.14492753623188406
50ec9926-36b0-44f2-b17a-687c5592ac27,Тверской район,55.77761725,37.607999736032525,1917.0,26,14,3.0,0.21428571428571427
50ed78ea-7d92-43ad-9d40-2e57a0fcca75,район Щукино,55.7929109,37.4951507,1952.0,145,50,3.0,0.06
50fa6d6d-3c9c-4f8c-99fa-3a415f157fae,Бутырский район,55.8198639,37.576587,1966.0,127,92,28.0,0.30434782608695654
510d3cf6-5c9f-4a02-8436-4e55f2ca8cb9,район Марьина Роща,55.7893766,37.61467787693757,1926.0,108,54,12.0,0.2222222222222222
5115432f-06c7-4113-b037-ffeecbc499ed,Академический район,55.6836525,37.579785099999995,1998.0,224,127,38.0,0.2992125984251969
5118539d-8927-49ae-8454-e6e73bbad954,Красносельский район,55.76721765,37.634937747089964,1880.0,26,20,10.0,0.5
511d3f0e-09be-4b78-82b4-75f9bdc05cd6,район Хамовники,55.7207619,37.58288613126233,1958.0,342,176,22.0,0.125
51324ff9-9ee9-4b26-b430-ece8440a1592,район Замоскворечье,55.7311447,37.629793223478345,1966.0,160,84,3.0,0.03571428571428571
513931f9-91e4-44dc-876a-d42fd73265ab,район Чертаново Южное,55.593187900000004,37.611487441203316,2009.0,784,384,47.0,0.12239583333333333
5139970d-e562-4653-93b0-ae4121af781a,район Хамовники,55.7371972,37.58555973160096,1976.0,97,59,16.0,0.2711864406779661
514bcb7d-b7b9-48f0-9314-72b7d837cc7b,Таганский район,55.7481528,37.67607628845997,1891.0,26,12,2.0,0.16666666666666666
515186cd-4efb-437a-a505-bd150db949e7,район Восточный,55.817419,37.8675719,1951.0,46,18,1.0,0.05555555555555555
5152375f-8ea0-4be6-ac6e-e2a72736904e,Тимирязевский район,55.81303055,37.563289632366036,1966.0,125,72,18.0,0.25
515871ae-9b93-442b-986c-d2bd8255b0f2,район Орехово-Борисово Южное,55.603879649999996,37.70774385021167,2000.0,301,135,14.0,0.1037037037037037
51615938-eb87-4cc9-8604-398d4a9303e4,район Перово,55.75513775,37.77747255,1966.0,115,72,16.0,0.2222222222222222
516e71fc-5a74-4769-a30d-35f03ccbc1be,район Хамовники,55.7450493,37.59494945535198,1914.0,106,42,3.0,0.07142857142857142
51a081db-b32e-4f50-91c0-3b61d500149e,район Москворечье-Сабурово,55.64481035,37.65536581971881,1967.0,105,72,17.0,0.2361111111111111
51a8b009-7ff1-4e70-b77f-05fff16f9c3c,район Коньково,55.64478545,37.53603579880735,1968.0,350,143,3.0,0.02097902097902098
51ae4f57-c2c2-4555-b268-b67b213ee1c6,район Котловка,55.677137099999996,37.60507575516495,1980.0,228,112,10.0,0.08928571428571429
51b7e977-f4df-46a7-ac5e-7312e624418c,район Измайлово,55.802090899999996,37.789956256781366,1960.0,302,155,24.0,0.15483870967741936
51bb74bc-9211-4901-8192-0333e1b95c10,район Зюзино,55.65885985,37.57879102576449,1965.0,145,84,23.0,0.27380952380952384
51bf8d80-e53a-43f9-9b9d-8cb31f4beaf1,Войковский район,55.8367649,37.487098373960904,1967.0,177,81,3.0,0.037037037037037035
51bfa9fb-4f60-49bc-96f5-199f3b9c32ee,район Южное Бутово,55.5335794,37.51431865,2000.0,145,70,4.0,0.05714285714285714
51d66745-9a04-4bc1-91f2-484c0973f5ff,район Арбат,55.75325495,37.596520989450426,1967.0,284,177,38.0,0.21468926553672316
51d6e40b-3640-4168-8e8e-8db27a19a7e5,Тверской район,55.7681739,37.59795935902269,1902.0,110,43,5.0,0.11627906976744186
51d6f2d2-e96a-44cd-b845-754776052314,район Гольяново,55.81801515,37.82178861031952,1968.0,155,80,2.0,0.025
51e9c2cf-e088-4fc2-9802-cd5798813083,район Марьина Роща,55.78996145,37.61463330844283,1926.0,114,47,4.0,0.0851063829787234
51eb3253-da16-40fb-9990-2102fc60660f,район Беговой,55.77659865,37.557886182631385,1974.0,186,110,11.0,0.1
51f3a29a-7061-46aa-86bc-f2e95c67bc01,Алексеевский район,55.8190064,37.65375435,1967.0,121,96,52.0,0.5416666666666666
51fc1962-63fa-4d59-a48d-820c031f7550,Рязанский район,55.72378715,37.78319999588839,1959.0,156,67,9.0,0.13432835820895522
51ffd09f-5bc2-48ed-b093-15be6be22a42,район Коптево,55.8249471,37.528558897356056,1993.0,260,132,13.0,0.09848484848484848
5204fae6-371a-4238-a3da-afd6c8b8a75d,район Беговой,55.786373049999995,37.57357168985688,1957.0,138,68,4.0,0.058823529411764705
520952a8-7a65-40aa-82d3-b3c5ce8980df,городской округ Троицк,55.5937194,37.45282244447297,1973.0,321,143,1.0,0.006993006993006993
520ba74d-d51d-43f9-b1c3-a3439782f77c,район Южное Тушино,55.83692225,37.4623881124613,1960.0,119,56,8.0,0.14285714285714285
5221f3b0-0199-4988-8163-9cbb3ccfaf8b,район Беговой,55.77734955,37.572766779326926,1959.0,116,60,10.0,0.16666666666666666
5225905f-e3f9-41fa-b697-89f8d6c77050,Академический район,55.6906531,37.590185532298506,1959.0,163,80,9.0,0.1125
52273cfe-c001-4c6f-abc7-efdcda80a1e7,район Щукино,55.797576,37.4950845,2011.0,13,179,175.0,0.9776536312849162
522936eb-2515-4cc3-841b-2919c9f6f33a,район Сокол,55.8007657,37.514680766612514,1950.0,149,71,3.0,0.04225352112676056
522cc852-6198-4190-9405-510e16aded7c,городской округ Щербинка,55.505048900000006,37.556426594795276,2008.0,32,305,293.0,0.9606557377049181
523cd1f8-f957-4715-a4ae-ca45e57c6884,район Раменки,55.71605245,37.5245330184016,1973.0,109,48,6.0,0.125
5241b264-c157-404f-af68-da3e088a62bf,район Гольяново,55.82240935,37.78590895062399,1974.0,242,108,6.0,0.05555555555555555
5243bf0a-694b-4fa9-8c2a-12b5f02f4131,Таганский район,55.7521438,37.653443692908894,1964.0,153,96,13.0,0.13541666666666666
524e645d-6cf1-45b0-a9a7-ff1d638df49a,район Кунцево,55.7346803,37.4084716,2002.0,194,111,26.0,0.23423423423423423
52508078-39ef-4fe9-9095-079098e5d657,район Чертаново Южное,55.596383349999996,37.60504338419871,1976.0,331,191,7.0,0.03664921465968586
52575594-3ed5-4440-be88-44fcda36e731,Мещанский район,55.77896145,37.6280345,1967.0,150,84,20.0,0.23809523809523808
526d440f-bb16-4a5d-a6b2-04038ae7406d,поселение Филимонковское,55.54841885,37.32784466346453,2011.0,33,17,3.0,0.17647058823529413
526d47d9-b1dd-4044-aa46-81bf36d6d76a,район Зюзино,55.646292450000004,37.60213801443504,2006.0,361,256,110.0,0.4296875
5273c607-0ec6-403c-b0fa-7db6d46bdfe5,Бескудниковский район,55.8588291,37.564524466437696,2001.0,508,244,40.0,0.16393442622950818
527774a2-7efd-4eed-abb0-7945c890d776,Пресненский район,55.75817585,37.51957398446624,1964.0,109,72,16.0,0.2222222222222222
5277b625-5e56-48c5-b0e0-02d1a3bdef36,район Раменки,55.70986495,37.50387115,1972.0,396,187,7.0,0.0374331550802139
52809135-a012-4c30-94c9-726646b6798f,Войковский район,55.83117645,37.48554733548565,1973.0,213,132,34.0,0.25757575757575757
529632d8-2f01-4ba5-934e-4436b677b5bb,район Некрасовка,55.702259749999996,37.9284031676021,2013.0,801,320,5.0,0.015625
5296cbbb-8fb7-4b83-9191-257cbbc8486d,Рязанский район,55.7207498,37.7914311727459,1968.0,145,96,23.0,0.23958333333333334
52a6ece0-b80b-4c25-81ef-c74644755a72,район Новогиреево,55.744496749999996,37.7918071029219,1977.0,190,95,11.0,0.11578947368421053
52ad8360-82f7-47c8-bb60-94fb0a9af2b9,район Нагатино-Садовники,55.679988300000005,37.655418246571685,2002.0,491,270,78.0,0.28888888888888886
52b2eaf0-948a-405d-a141-ffcdb68f3c2d,Басманный район,55.75374415,37.64214847299755,1875.0,47,25,7.0,0.28
52bb3898-d903-4858-80c1-d7149be6095a,поселение Филимонковское,55.5319217,37.2378563,2011.0,26,17,6.0,0.35294117647058826
52bd79b7-5dbf-4f3a-9642-dad2cb22a244,район Филёвский Парк,55.73996695,37.49610041030144,2001.0,358,194,47.0,0.2422680412371134
52ca3075-bab8-45cc-809d-50ade2af5493,Тверской район,55.77816325,37.590035466338314,1967.0,118,55,9.0,0.16363636363636364
52e25542-4000-4107-bc0b-2f44503dfa17,Даниловский район,55.71362085,37.62188231270984,1961.0,424,214,13.0,0.06074766355140187
52f1ea51-9496-45ac-8633-a31910b46144,Мещанский район,55.77887405,37.63820517242716,1972.0,177,109,13.0,0.11926605504587157
52f4a34a-641a-4c1c-8aa5-3e393446204d,Тверской район,55.7866712,37.59915714302865,1934.0,83,45,15.0,0.3333333333333333
52f843c8-9507-4a63-83e9-703f33a7d725,район Преображенское,55.803565649999996,37.72072739899703,1965.0,211,119,7.0,0.058823529411764705
53064a83-b5fc-4d2c-9ce6-e34b53955e96,район Соколиная Гора,55.7841013,37.73117833687999,1976.0,112,66,12.0,0.18181818181818182
53096b69-d7b7-4455-bf82-52cfabd8bb72,район Северное Медведково,55.8728627,37.6363141,1998.0,369,272,129.0,0.4742647058823529
532328ff-76a0-4b66-abb1-82c875b9024f,Останкинский район,55.8081457,37.63217449187211,1962.0,123,72,3.0,0.041666666666666664
532b0c7d-eaf5-4266-914a-4e283e506e48,район Лефортово,55.758228450000004,37.68436248452835,1977.0,229,111,10.0,0.09009009009009009
532f120a-4dc2-46c7-b195-b40bd2cbccfb,район Некрасовка,55.70596895,37.91510742212455,2011.0,35,256,241.0,0.94140625
533d296d-1ecc-49ea-9156-dcfa8e38e4d8,Басманный район,55.766234749999995,37.668013444662556,1981.0,210,108,7.0,0.06481481481481481
533ee6c1-16f7-4ee4-b001-8eccded2ad27,поселение Сосенское,55.5649393,37.477331,2016.0,696,361,83.0,0.2299168975069252
534353a8-6d8d-4d3d-94c2-a0f8c5f04583,Пресненский район,55.7572251,37.590172342067305,1934.0,137,62,7.0,0.11290322580645161
5349839a-dee6-4612-b8f2-272113235c7e,район Хорошёво-Мнёвники,55.78575975,37.46174140111421,1965.0,166,96,11.0,0.11458333333333333
534be86e-65b7-4c14-ae66-a983375ef789,район Северное Бутово,55.566772,37.5764519686731,2004.0,190,293,228.0,0.7781569965870307
5354698d-65d1-4bd4-966c-906424c76559,Тимирязевский район,55.810776950000005,37.57850268775525,1932.0,276,153,10.0,0.06535947712418301
535b6485-02f7-4489-b9da-fb31b9c27c02,Басманный район,55.76843605,37.67587278854715,1954.0,36,12,1.0,0.08333333333333333
53604002-50ef-40ba-88da-0b57752ef738,район Очаково-Матвеевское,55.70513855,37.475484449999996,1971.0,320,187,53.0,0.28342245989304815
53699de7-cfd7-4c18-805f-66dfa5af4dfe,Академический район,55.676284,37.57762,1954.0,54,60,27.0,0.45
536bd5c9-ff9c-4fec-a7bb-07f4af180f47,район Северное Бутово,55.565792099999996,37.580435888458,2002.0,555,270,46.0,0.17037037037037037
536d8639-cbbc-456c-9922-bdda122b10b3,район Свиблово,55.86038205,37.640971848264044,1998.0,342,191,48.0,0.2513089005235602
5379bdb9-2a0c-44fa-a02b-ed49fce47d41,район Щукино,55.797361949999996,37.46118699253387,1983.0,187,95,21.0,0.22105263157894736
537e5ec0-aa3d-422e-ab1f-51b4f3a7937d,район Хамовники,55.7290392,37.558605234443846,1962.0,180,113,38.0,0.336283185840708
53850a84-6c89-4be0-8942-23c07d8dc1f6,Бутырский район,55.79443335,37.586518695544555,1969.0,242,126,10.0,0.07936507936507936
5389daf4-7bf4-4762-87a6-671aadfeb65a,Таганский район,55.73697165,37.67574555095217,1905.0,31,12,1.0,0.08333333333333333
538ce983-decf-4a91-b34c-f095ec61ca7a,район Северное Медведково,55.89031265,37.66477239943814,2014.0,294,131,14.0,0.10687022900763359
5399b82a-cd3f-431a-b996-b9af8fc8fb88,Хорошёвский район,55.7872474,37.511333847680405,1955.0,121,56,14.0,0.25
539d0d12-759e-4697-b05c-220b34566121,район Щукино,55.804219849999996,37.45398634822935,1960.0,170,76,1.0,0.013157894736842105
539e60c3-8f33-4705-bc0d-a783bff9db9f,район Лефортово,55.756456650000004,37.71277767886032,1960.0,57,34,6.0,0.17647058823529413
53aac700-15b9-4b13-9b09-a3be1079090d,район Сокольники,55.78446125,37.68643353758769,1966.0,154,84,8.0,0.09523809523809523
53aafea5-10b2-4104-98fa-9698041424af,район Ростокино,55.83765055,37.65838516136311,1963.0,111,71,22.0,0.30985915492957744
53ba2844-5d34-4bb2-b7c3-aa19aba92f25,Хорошёвский район,55.7751047,37.5445036016797,1949.0,61,36,11.5,0.3333333333333333
53bb41a4-82fa-424f-ab13-955e241bc73d,Ярославский район,55.8724842,37.70426245,1972.0,188,98,9.0,0.09183673469387756
53c058b7-ec76-4696-ac54-7e636539b041,Нижегородский район,55.7302512,37.7532233,1958.0,492,229,1.0,0.004366812227074236
53c25fd7-0320-4cea-ac4e-a4cbd0028e9f,Ломоносовский район,55.681712950000005,37.51840789151146,2009.0,655,323,56.0,0.17337461300309598
53c85db1-c98e-4a1a-8cca-a5d8ced76460,городской округ Троицк,55.4810479,37.300143327603365,1998.0,256,138,30.0,0.21739130434782608
53c9fc5e-35ac-4317-ab99-760005af9246,Пресненский район,55.7652923,37.56001921553997,2003.0,301,165,30.0,0.18181818181818182
53ca9014-0d19-4436-a161-6ba854d81a9f,район Сокол,55.805192,37.5107517,1958.0,367,158,28.0,0.17721518987341772
53cdecc6-209b-41d2-992c-b74e3d785b58,Можайский район,55.7134257,37.4020964693475,2012.0,419,217,51.0,0.2350230414746544
53d90568-c154-4df3-880e-3c7a05d41991,район Северное Тушино,55.8613186,37.4434819,2003.0,94,53,13.0,0.24528301886792453
53ef49a2-c0c7-47f4-9e7a-e1f865c9566c,район Северное Измайлово,55.8066765,37.81131445638897,1966.0,129,96,41.0,0.4270833333333333
53f8f372-3386-439e-b3cc-c818ed77421c,район Филёвский Парк,55.762653799999995,37.48005649556603,1998.0,506,249,66.0,0.26506024096385544
54273df7-1ec7-4e34-9c22-9193cb33b7a8,Тверской район,55.77583615,37.59694394144934,1892.0,104,45,4.0,0.08888888888888889
5433af9e-1185-4817-8769-bc97e2693a3f,район Ховрино,55.871534249999996,37.495505978331906,1968.0,138,84,17.0,0.20238095238095238
5433caae-4501-4974-8973-d737f0dacf48,район Чертаново Южное,55.59731985,37.588882328109605,1972.0,199,98,1.0,0.01020408163265306
543ba106-0179-4fb7-9fd7-1a21ab8d97be,район Вешняки,55.72157275,37.81653286870725,1997.0,217,111,21.0,0.1891891891891892
543f0558-f1dd-4a23-8c03-90f692d3b04f,район Северное Медведково,55.89201975,37.65910740634867,2006.0,302,156,21.0,0.1346153846153846
5445fc36-46b9-46ff-b887-9ef2d4ed3afe,район Новогиреево,55.74862445,37.81519004595357,1975.0,186,104,10.0,0.09615384615384616
5447e017-2f4c-4901-a49a-84fd7943dd10,район Хорошёво-Мнёвники,55.7536549,37.4732507,2014.0,292,138,5.0,0.036231884057971016
545b8ced-4dab-4327-bd7b-12da67bcd787,Бескудниковский район,55.87617095,37.542063510233916,1966.0,172,84,9.0,0.10714285714285714
5492b533-1092-4501-9d2a-fc4d01c3a73a,поселение Филимонковское,55.5319217,37.2378563,2011.0,22,14,6.0,0.42857142857142855
54938e69-d05f-4974-aa6b-de87a8f1fe8d,район Лефортово,55.75664865,37.68069752602693,1978.0,214,111,17.0,0.15315315315315314
54974722-b1c9-4425-849b-42d77311aa7b,Нагорный район,55.657244,37.614034645265846,1979.0,344,191,40.0,0.2094240837696335
549bc563-ff3d-466d-a742-e3fa9ca26df8,Тверской район,55.77215965,37.59190242066089,1933.0,27,10,2.0,0.2
54afd627-b91a-4dce-a505-44ebacdd6145,район Щукино,55.7914126,37.49353465104686,1973.0,177,107,17.0,0.1588785046728972
54bb5d3c-7097-4200-ba28-32fa9e03d2a5,район Хамовники,55.740265550000004,37.59079680653563,1912.0,34,16,4.0,0.25
54d01c58-652e-47b8-806f-759fcc62caa6,Басманный район,55.75818275,37.650946013983564,2003.0,13,6,2.0,0.3333333333333333
54d8e455-b2df-4879-b57d-19c0328e0eed,Даниловский район,55.7168926,37.66008585661494,1960.0,204,110,19.0,0.17272727272727273
54e8e0b6-f917-4e4b-91d2-29be62a76b14,район Нагатинский Затон,55.6787317,37.66813855038417,1966.0,380,184,17.0,0.09239130434782608
54f79c7e-3c97-46b9-ae7f-bc8cdb0d39ee,район Измайлово,55.79571745,37.79012085,1953.0,95,40,3.0,0.075
54fcd913-30aa-4894-b079-d59da5105a35,район Марфино,55.8420785,37.57871920867689,1966.0,156,72,2.0,0.027777777777777776
551808bd-43cc-49f4-9bb3-bdd88797d043,район Северное Тушино,55.8537087,37.43335677707964,2006.0,243,144,29.0,0.2013888888888889
5525b933-6062-407b-8114-c9d04ab291ac,Лосиноостровский район,55.8686121,37.681335173870735,2007.0,207,120,47.0,0.39166666666666666
552928c6-94f5-4225-8f7b-9f3de8604de3,Донской район,55.526947449999994,37.5807844167533,1917.0,22,10,3.0,0.3
552e63b0-d3a4-4e56-94bd-7a14a2f56f7c,Басманный район,55.7602202,37.63687381287903,1900.0,108,58,12.0,0.20689655172413793
552fde3a-662c-4a88-897e-72de89deab84,район Чертаново Центральное,55.60868605,37.600959153668214,1971.0,862,360,10.0,0.027777777777777776
5535a57f-bf8a-451a-913b-b3d3f83f1e5d,Обручевский район,55.6449369,37.49498739860823,2004.0,848,350,54.0,0.15428571428571428
55381bd4-feb9-4ad9-8492-ff833f5319f8,Савёловский район,55.7909441,37.569584,1964.0,155,80,13.0,0.1625
55419c75-2507-4431-9a20-a2b97f38268a,район Зюзино,55.663696900000005,37.605648988232446,1973.0,193,107,20.0,0.18691588785046728
55426bb8-25e7-4a12-9171-18f41f1d3898,Хорошёвский район,55.778058200000004,37.51446483950109,1958.0,148,58,1.0,0.017241379310344827
5544240f-ba09-492d-868b-35ad2d6518d6,район Замоскворечье,55.733063349999995,37.62639508928255,1900.0,37,14,2.0,0.14285714285714285
5546739d-6a84-4569-a6ea-0d7efb7ac2da,район Щукино,55.8008361,37.45114203101497,1940.0,120,50,4.0,0.08
55479a03-08e7-45e3-9fea-2b3cedc0048b,Останкинский район,55.81603295,37.62732661614226,2007.0,148,71,23.0,0.323943661971831
554cb237-5a52-440d-bcf1-8e2bd7ccf59f,район Кунцево,55.743560900000006,37.39653057495547,1968.0,111,64,14.0,0.21875
55588414-ab5b-4c80-a4d0-f7130f4347a7,район Текстильщики,55.693754549999994,37.73524444665709,1999.0,593,264,13.0,0.04924242424242424
556008f0-af08-456d-b1f4-b09484b5355d,Войковский район,55.82342745,37.5070432820309,0.0,228,135,52.0,0.3851851851851852
5561a9f1-b2d5-44b9-9819-ca230f3737f0,Головинский район,55.84821435,37.4830289081954,1987.0,213,75,4.0,0.05333333333333334
5566a825-7b92-4b42-8883-20fc8fa06dfc,Пресненский район,55.77259495,37.57645605069744,1890.0,90,48,9.0,0.1875
5567f1a4-5fc7-4788-b099-d947a81c0ac0,Академический район,55.6653663,37.5617519,1961.0,170,78,3.0,0.038461538461538464
5572a339-d518-4c87-85e5-09bc7345c39f,район Отрадное,55.87508205,37.58901855128021,2011.0,273,144,14.0,0.09722222222222222
557dfea0-94bc-49d3-a656-0028c356c310,район Люблино,55.6677054,37.7774854,2003.0,634,263,7.0,0.026615969581749048
5584b6cb-aa53-49ca-9726-8c838259884a,Мещанский район,55.77655785,37.63554125396735,1961.0,207,127,1.0,0.007874015748031496
558d83fd-6d3b-4ceb-bb29-72ad0dda9314,район Бирюлёво Восточное,55.5805542,37.689459370701314,2003.0,362,184,8.0,0.043478260869565216
55915b17-ec37-40b5-bc95-0c11736efa24,район Раменки,55.6977893,37.5049068639566,2001.0,719,296,48.0,0.16216216216216217
55943dcb-ab20-465e-8277-4fb51bfc72f3,Южнопортовый район,55.70733955,37.67375615225259,1971.0,170,80,3.0,0.0375
55945472-5834-4025-8370-4c25cd95df25,район Некрасовка,55.7003653,37.927844683818854,2015.0,379,192,34.0,0.17708333333333334
5599492e-846b-4694-9619-097ba7a25e3b,район Филёвский Парк,55.76393215,37.48993524493095,1982.0,251,127,1.0,0.007874015748031496
559a67aa-a9cd-4d06-add7-c5b00d377fb6,район Беговой,55.7814743,37.56309994759687,1969.0,125,72,2.0,0.027777777777777776
55ac5ee4-0a04-4147-a594-e26acfb9450c,район Богородское,55.8195859,37.70759519271344,1993.0,83,42,10.0,0.23809523809523808
55b84bd9-c7a0-4f47-81fa-bbee171f302a,район Гольяново,55.82572385,37.812417157643814,1971.0,176,98,11.0,0.11224489795918367
55b87303-5bca-4e55-8259-bd1610ab4b60,Мещанский район,55.7680844,37.6318005,1906.0,47,27,9.0,0.3333333333333333
55c37479-16c1-47ab-8975-a5e64d54ba7f,район Новогиреево,55.744322350000004,37.79072149199775,1972.0,126,80,14.0,0.175
55cfc131-e8e9-4083-9a0b-a1578092b4df,район Зюзино,55.6643054,37.59181963185587,1971.0,126,80,28.0,0.35
55d16e27-c0eb-441e-8514-b9c636b01d99,район Аэропорт,55.80756345,37.53851472724436,1958.0,74,36,3.0,0.08333333333333333
55e39595-26b3-462f-9b54-e90ad424c772,район Южное Бутово,55.53664585,37.50684615174727,2011.0,471,230,19.0,0.08260869565217391
55e6ede5-253d-4eb2-9e5c-f267e0958b5f,Басманный район,55.76192425,37.6484849,1917.0,13,5,1.0,0.2
55e8ba42-8774-49be-9d4e-6de79e92f674,Лосиноостровский район,55.8864701,37.708124517096024,1983.0,1689,1190,392.0,0.32941176470588235
55eb7b2d-8793-47a9-9d62-49ca78920412,район Очаково-Матвеевское,55.7047972,37.465337349999984,1972.0,321,139,9.0,0.06474820143884892
55f49bd2-2243-4560-90eb-60b9d3d461a1,район Сокол,55.80493615,37.5092843568238,1961.0,312,160,29.0,0.18125
55fb3404-305a-4d39-9b6b-2f5894bd5983,Гагаринский район,55.70426335,37.58271174035857,1960.0,113,60,8.0,0.13333333333333333
55fcdc0d-13bb-4a8f-a1b4-dd5e7f200c8f,район Тёплый Стан,55.6331077,37.51369481705565,1972.0,868,431,35.0,0.08120649651972157
5601ffb2-ef8d-475b-9912-08f435dcb11f,район Измайлово,55.78987855,37.78335425,1962.0,69,40,5.0,0.125
560754ea-6d4d-4830-8e55-65753d92ea81,Ярославский район,55.8550934,37.6853668142616,1971.0,567,214,2.0,0.009345794392523364
5607b741-6e50-4533-81d0-8300e56957d4,Тверской район,55.77335535,37.58985983352858,1943.0,171,102,46.0,0.45098039215686275
56120232-e261-48fd-99e2-e7f2bfc6672a,поселение Московский,55.5057501,37.2207208,2010.0,303,192,79.0,0.4114583333333333
561ab1a2-d5d2-4d7a-be43-4a97d1393a69,район Кунцево,55.7372794,37.416279010765,1974.0,215,111,25.0,0.22522522522522523
56288b5e-56d9-44e7-9dcd-a05ff50eb1bd,район Ростокино,55.838602949999995,37.6616450346401,1964.0,125,72,9.0,0.125
562a9795-5b9a-4d5e-aaa4-6d0be64bb2df,район Северное Медведково,55.8899809,37.65561709896235,1997.0,252,129,22.0,0.17054263565891473
562ce8a8-a20a-4693-9558-2ef07fcf7437,Донской район,55.717312449999994,37.60751595305682,1962.0,117,57,6.0,0.10526315789473684
563b422e-f1a6-48c8-aea6-55b19ce5baa1,район Зюзино,55.65376515,37.581046364969495,1972.0,194,98,18.0,0.1836734693877551
564c174b-c7da-4bf5-bd28-0ee4e849c3c3,район Щукино,55.8010844,37.45498285,1973.0,359,214,26.0,0.12149532710280374
5651b07c-8acc-472b-b66a-be3d2e982659,район Марьино,55.65303585,37.77209891013546,1999.0,258,106,6.0,0.05660377358490566
56541c60-e486-45b0-bf59-15e672481686,Басманный район,55.76056365,37.64254532060838,1931.0,294,125,1.0,0.008
5656c7be-0943-4a16-8ca1-460f6ffeba9a,район Кунцево,55.7455525,37.40908963489933,1965.0,142,96,31.0,0.3229166666666667
565966a5-467b-43b2-a2d7-364041bcd5f2,район Лианозово,55.90438895,37.5817173,1976.0,671,382,62.0,0.16230366492146597
565ace77-e488-4181-a664-111957406f09,район Проспект Вернадского,55.6815693,37.49354154132139,1989.0,107,52,14.0,0.2692307692307692
5668cf38-c4c4-48cd-8ce0-78937c39539d,район Выхино-Жулебино,55.68299675,37.85196797953926,1996.0,500,214,15.0,0.07009345794392523
56754c03-eb89-4794-bd61-c1e5ec1dfa9d,район Кунцево,55.7394272,37.417580999661496,1965.0,125,96,36.0,0.375
5676d230-1f59-43ca-80ba-069b6119f0d1,район Марьина Роща,55.7921797,37.61363184552023,1969.0,161,104,25.0,0.2403846153846154
5678e87a-9138-4f81-802b-f81f8fc5f959,Басманный район,55.77836235,37.6858835,1984.0,80,35,1.0,0.02857142857142857
567ae8d8-3312-49ef-b85b-adc3a691edec,район Сокольники,55.791782999999995,37.694595006211756,1927.0,188,90,5.0,0.05555555555555555
5681bbfc-46cf-4d56-ba47-e24e6796a3c0,район Ростокино,55.8302847,37.64696560716864,1961.0,311,147,17.0,0.11564625850340136
568583d5-d937-419d-9ce0-7f2cba3313c2,район Лианозово,55.8989986,37.582447802863484,1979.0,230,127,4.0,0.031496062992125984
5689a134-6ae2-4bbb-8c80-2ea39512818a,Алексеевский район,55.813789650000004,37.63953898290605,1933.0,41,26,9.0,0.34615384615384615
56939c6a-ebbd-4d13-8c8b-a780c7d05692,Мещанский район,55.7903463,37.6329799,2005.0,225,131,48.0,0.366412213740458
569ab229-9e7e-45cd-a196-f7a114bd12c7,Басманный район,55.767051800000004,37.67457982449202,1994.0,130,66,9.0,0.13636363636363635
569b2c40-0a0c-4921-83f8-3434ecd5460f,район Измайлово,55.7962545,37.78994725208196,1977.0,200,112,19.0,0.16964285714285715
569f011e-ec98-49ab-8313-f32d2604f785,район Щукино,55.80115265,37.469647144449084,1950.0,30,21,12.0,0.5714285714285714
56a7588a-0477-413d-9e30-bb61e22ae511,район Хамовники,55.7446948,37.5835217,1961.0,58,29,6.0,0.20689655172413793
56b75b12-bbea-4316-8202-fb94e2235724,Савёловский район,55.7929116,37.57670045032509,1971.0,137,92,41.0,0.44565217391304346
56be7ac9-02c6-446b-a34b-1ededbb06959,район Нагатино-Садовники,55.67970855,37.65811061113241,2003.0,760,388,84.0,0.21649484536082475
56cdd671-79e6-47c0-8913-a11d660ea551,Ломоносовский район,55.6835412,37.52559098672023,1959.0,299,126,1.0,0.007936507936507936
56cde246-8480-47c3-bd79-97fb282c6447,район Солнцево,55.6526137,37.4077139,2016.0,1307,719,190.0,0.26425591098748263
56d48385-ef86-4c0f-bdbc-45d963e7989e,Головинский район,55.8431681,37.49564784142584,1968.0,148,97,21.0,0.21649484536082475
56dbab27-a14c-40ea-83ab-1d4920b706c3,район Аэропорт,55.8050754,37.526680750265015,1966.0,277,160,27.0,0.16875
56dc2978-7827-4f3e-907d-6d22f94eb497,район Хамовники,55.7416406,37.5766111,1970.0,586,311,14.0,0.04501607717041801
56e3b01b-8b64-4499-947a-40ae577daf97,поселение Сосенское,55.56747165,37.4786934020979,2013.0,113,168,120.0,0.7142857142857143
56f0b0a1-9c73-4243-a7a3-d22ff72468ed,район Измайлово,55.801261999999994,37.79824020395668,1954.0,365,142,2.0,0.014084507042253521
56fc293a-b757-4304-b2b5-b2e1bac28757,поселение Первомайское,55.5073708,37.2182476,1998.0,185,79,1.0,0.012658227848101266
5704f7df-be84-41e0-8e89-086e43ecb641,район Кунцево,55.742898499999995,37.418256617055256,1974.0,189,113,36.0,0.3185840707964602
57174262-b493-4a3d-adb8-021a2301adec,район Коптево,55.83003505,37.518953737729404,1960.0,252,139,33.0,0.23741007194244604
57246172-30ab-4c1a-ae25-0aaf8c3ff83d,Басманный район,55.76519475,37.6401595506263,1910.0,52,33,11.0,0.3333333333333333
5730f172-d15b-4878-be34-692446cce5ca,район Хорошёво-Мнёвники,55.78259545,37.48614600732886,2004.0,535,256,28.0,0.109375
57369130-821e-4b1d-b3c0-2484fc3c4f35,Рязанский район,55.7131406,37.75137135923083,2006.0,351,263,142.0,0.5399239543726235
575b1de9-f80a-4354-9a7a-a15a249a0d63,Басманный район,55.7714124,37.6790174,1902.0,95,59,22.0,0.3728813559322034
575bc9f3-17ed-4cef-92d4-cfefa5b7c7f8,Басманный район,55.7621509,37.63833877649345,1928.0,75,41,11.0,0.2682926829268293
5766793e-ba01-4ccb-98b3-ebf041582a9f,Ломоносовский район,55.6829088,37.52022462453135,1960.0,115,64,9.0,0.140625
57742d8a-4541-4b1c-967f-e7289a8aabde,район Аэропорт,55.8025015,37.54818506292851,1959.0,144,80,13.0,0.1625
577648d0-1545-451e-8085-bf34cb68bd01,район Якиманка,55.73030085,37.61891807358927,1946.0,272,135,29.0,0.21481481481481482
578efa06-d96a-4ebf-bfce-a5be01b55e75,район Аэропорт,55.80652755,37.52945801293879,1964.0,171,84,6.0,0.07142857142857142
57a68589-3e1a-4bc0-897d-5b0928a58993,Мещанский район,55.77021175,37.628325596149715,1968.0,123,84,25.0,0.2976190476190476
57aeed0c-f584-4ae2-8c28-a1dc3109a78b,район Хамовники,55.74512195,37.59070307647286,1967.0,46,35,17.0,0.4857142857142857
57bc8e06-849b-4a30-b8a2-3bda323d255d,район Замоскворечье,55.727670149999994,37.637633247357,1959.0,330,150,13.0,0.08666666666666667
57bddf2a-7121-48a1-a2c9-1b99925b61f2,район Хамовники,55.72579655,37.58242141328404,1961.0,83,63,20.0,0.31746031746031744
57bf518d-c109-4abd-858e-b5e81c46ff90,район Дорогомилово,55.73895145,37.53788553153913,1958.0,377,167,7.0,0.041916167664670656
57c094ad-adea-496f-b99c-02c9db53e1ff,район Щукино,55.79976485,37.493415264080824,1971.0,93,60,11.0,0.18333333333333332
57c290be-45bd-4d00-958d-f27ea34291b3,район Северное Бутово,55.56062135,37.5881629,2005.0,546,368,48.0,0.13043478260869565
57d6a522-e4f2-421d-8c9c-f45d03c1068f,район Нагатинский Затон,55.67726695,37.67219614971812,1967.0,150,84,10.0,0.11904761904761904
57e04e9e-f58a-4f9b-9df6-da7bebfd32a8,Пресненский район,55.7652372,37.590542348233654,0.0,36,15,2.0,0.13333333333333333
57e051f5-eaaf-4ab2-a1a6-19f48e2f1b0d,Бескудниковский район,55.86903325,37.55718061807328,1965.0,120,72,12.0,0.16666666666666666
57f55968-d596-4ea4-b0f5-c9fca38f9c1f,Останкинский район,55.82007485,37.635929839800056,1958.0,238,93,2.0,0.021505376344086023
57fded77-ac10-4405-9258-ce4d2c125486,район Сокольники,55.789569549999996,37.665587617856396,1963.0,92,48,5.0,0.10416666666666667
57fe3662-3550-4acc-bfdc-d4f5e37f6360,Войковский район,55.816320000000005,37.48786335467075,1969.0,173,84,1.0,0.011904761904761904
58106248-0d2e-40ad-8436-294a252d9f7d,поселение Московский,55.58863735,37.37553437661886,2009.0,379,185,46.0,0.24864864864864866
5810940f-c8f9-46bb-bbc2-c94fd3ef413f,Хорошёвский район,55.7982619,37.53326275,1961.0,200,129,39.0,0.3023255813953488
581eddb1-5e77-4f15-9e88-3146cc25719d,район Преображенское,55.80254665,37.715135883603054,1977.0,283,167,25.0,0.1497005988023952
5821edc2-9936-4507-b8f8-930a02e1cd39,район Выхино-Жулебино,55.68819685,37.86322285,1995.0,224,94,3.0,0.031914893617021274
5823fbc4-aa33-4a59-8c01-6420adb536bc,район Чертаново Южное,55.583091249999995,37.59068916832916,2011.0,426,240,73.0,0.30416666666666664
58253d5a-dbcf-4424-8f7b-eaa30e2516e0,Ломоносовский район,55.6827576,37.53636813254273,1957.0,443,181,7.0,0.03867403314917127
5829d727-5b4a-4eb2-9b86-1dc01f72ad19,район Отрадное,55.8644409,37.6267522450579,1980.0,201,127,21.0,0.16535433070866143
58340116-8842-416c-b070-c3ea117f53cd,район Южное Бутово,55.5469914,37.5526542,1996.0,606,260,14.0,0.05384615384615385
5844490b-5d39-4d9f-88f0-3441c7d2cc62,район Богородское,55.81972085,37.699942987991406,1962.0,76,40,6.0,0.15
584ab1ee-0344-4043-863d-175da88f079d,поселение Десеновское,55.500419300000004,37.329604149999994,1975.0,136,75,13.0,0.17333333333333334
584f83ce-2630-4827-81dc-4265477d30ad,Нижегородский район,55.73246675,37.71101076939851,1969.0,157,81,13.0,0.16049382716049382
5850350d-2081-4b75-a929-4bd8d4fd2158,район Хамовники,55.72243075,37.576601327524116,1958.0,270,107,3.0,0.028037383177570093
5866f130-a366-4001-b897-640ccf0e531f,Мещанский район,55.786806150000004,37.629698498306,1969.0,135,80,20.0,0.25
5875d8ab-89b5-4511-8930-0398710e0a01,Таганский район,55.73433435,37.66164140017697,1941.0,91,37,5.0,0.13513513513513514
58782940-55e5-4d28-ab48-212fea985e34,Южнопортовый район,55.7282984,37.66727720094131,1928.0,271,105,1.0,0.009523809523809525
587da220-232b-48d3-b82f-dab209ba6c1f,район Аэропорт,55.8107917,37.51797849743511,1973.0,185,98,15.0,0.15306122448979592
5883f9c9-8e4c-42fd-b598-ec69575e71b7,Пресненский район,55.7595626,37.53847687654887,1969.0,135,60,2.0,0.03333333333333333
58a3f4f9-c2be-4f50-9a26-3cf0b223c43f,район Выхино-Жулебино,55.697657,37.85163338627835,1993.0,337,142,9.0,0.06338028169014084
58a4fcce-1274-4e19-b091-462f458aff7d,Рязанский район,55.725088799999995,37.77847769929025,1956.0,131,66,17.0,0.25757575757575757
58a6e1bc-88ad-44f5-8d84-90ddb6cc9ccf,район Замоскворечье,55.72748335,37.632447955762345,1968.0,96,71,30.0,0.4225352112676056
58b7cabd-0911-471f-9507-3d2a9801b922,Ломоносовский район,55.67236245,37.540401599999996,1965.0,256,144,11.0,0.0763888888888889
58cfea33-4e2a-4719-a219-8e0c6cf2036a,Пресненский район,55.75668735,37.59629571206781,1900.0,16,10,5.0,0.5
58e3174f-6de2-49b8-8d79-b9957bb66018,район Хамовники,55.7242849,37.55964339264288,1967.0,112,72,24.0,0.3333333333333333
58ec57e2-54a0-4bb9-af5c-3b4d295b9b1e,район Левобережный,55.85485435,37.47358432663896,1964.0,294,142,19.0,0.13380281690140844
58ef87c1-49a4-49a0-885d-183be3d931c0,Пресненский район,55.7593346,37.51950465015773,1966.0,131,72,8.0,0.1111111111111111
58f13aa8-9eda-499c-93a1-9bcaf031f4b0,район Коньково,55.6334564,37.539053262224,1972.0,189,98,27.0,0.2755102040816326
58f4bd66-fb03-4ec0-8981-4c626bb5fe88,район Люблино,55.6723055,37.761634598498844,2003.0,1582,751,81.0,0.10785619174434088
590626c1-a0a4-4805-b1a8-a72262b7908d,район Хамовники,55.743968949999996,37.60256154567089,1927.0,27,21,13.0,0.6190476190476191
590dda34-df26-4191-a078-60c193ade3c8,район Коптево,55.83100795,37.51945743846873,1955.0,118,48,3.0,0.0625
59114ac0-1f77-4d76-a98c-694b1218f3f6,район Фили-Давыдково,55.731491649999995,37.45843884327038,2004.0,272,187,70.0,0.37433155080213903
5911b206-521f-4213-af26-fbc0a7d54b21,район Южное Бутово,55.5515219,37.57107816467918,2008.0,129,64,3.0,0.046875
5912f079-728b-4cb0-a5fc-ff8b8990a3bd,район Ховрино,55.877161,37.486179,2006.0,252,128,1.0,0.0078125
591d76da-33b5-4d08-9903-08e774ff9c0f,район Новогиреево,55.7524358,37.81530416073435,1967.0,179,81,1.0,0.012345679012345678
59244c6f-0fbb-402d-8a01-1592578cd089,Таганский район,55.73496075,37.6763365979571,1972.0,334,146,1.0,0.00684931506849315
592622e1-3a16-4bb6-afe8-174e18813c05,район Марьина Роща,55.79792,37.61054855698244,1967.0,95,68,16.0,0.23529411764705882
5927a3eb-afde-4935-8319-d9ff23dba90f,район Хорошёво-Мнёвники,55.78652085,37.488075405737035,1971.0,178,98,8.0,0.08163265306122448
592e8387-c0af-45b1-9ec5-79be0cf65735,район Тёплый Стан,55.62719,37.4810156923166,1973.0,262,178,13.0,0.07303370786516854
59359bb9-c270-463e-b6b1-fe9d702ff46c,Алексеевский район,55.8092974,37.644262338017754,1974.0,184,97,4.0,0.041237113402061855
593a3f95-42e6-4758-8839-003c5835f063,район Левобережный,55.87248905,37.46498663755408,1970.0,204,98,5.0,0.05102040816326531
594ce5f1-eb3d-4465-bb67-283165250af0,район Измайлово,55.79797295,37.78840696683511,1957.0,146,66,13.0,0.19696969696969696
59504bdc-24a1-4a4a-a458-77698fe62b4a,Войковский район,55.8366657,37.48471830914132,1963.0,530,272,17.0,0.0625
59585320-282a-4cd9-9beb-2aebc0c0339a,район Кунцево,55.75161195,37.40504175193819,1979.0,227,127,13.0,0.10236220472440945
5958b4fb-bde3-4ebe-bd3d-5ddde0cb5fbe,район Люблино,55.6675329,37.7565540087963,2002.0,340,143,6.0,0.04195804195804196
5962fc5a-8eda-46ec-a61f-dceffd3980ea,район Хамовники,55.74028605,37.58681734047632,1967.0,623,320,22.0,0.06875
59661beb-64f9-4ae5-b11a-42f2a2f5bbfe,поселение Московский,55.7791724,37.61264443713294,2013.0,452,335,132.0,0.3940298507462687
5979b9f7-9302-4961-813f-b024c60eb342,район Фили-Давыдково,55.732488599999996,37.469890713168354,2010.0,337,215,92.0,0.42790697674418604
59863bfc-d0ff-43fd-86e1-4d062b2c5e2f,район Западное Дегунино,55.87551695,37.52349422590909,2002.0,312,135,10.0,0.07407407407407407
598b1598-c289-45a4-8ebf-3ed6c280d241,Гагаринский район,55.70950285,37.580625321473974,1961.0,927,416,11.0,0.026442307692307692
59941e55-257f-4b89-800f-4d4068a8e416,район Беговой,55.78406615,37.56662180580965,1941.0,192,90,22.0,0.24444444444444444
5995b3e2-3f55-4ba5-b80b-6878364eaf50,Басманный район,55.75391245,37.64516300398708,1954.0,35,20,3.0,0.15
599d03d0-d301-41a0-a51f-cd60bbbf6a8f,Мещанский район,55.78658385,37.6381217547799,1970.0,147,84,22.0,0.2619047619047619
59a09189-3598-4842-a464-97c89b27e74f,район Северное Медведково,55.8790797,37.643039349999995,2009.0,287,158,11.0,0.06962025316455696
59a120a8-612f-46ac-9c62-99db7c0e068b,Бабушкинский район,55.8743661,37.66076234738987,1978.0,238,127,8.0,0.06299212598425197
59a1ecc8-f7b9-4688-ab76-8bd5e615549b,район Филёвский Парк,55.74526735,37.51096415,1962.0,45,27,8.0,0.2962962962962963
59af4fe6-dac0-4416-865c-5f3b0f4f1c39,район Лианозово,55.906988549999994,37.56922708259479,2006.0,62,29,8.0,0.27586206896551724
59b850c2-526f-483b-92a5-aab1fb9a14f2,район Марьино,55.6575026,37.76709053051614,1998.0,1395,585,18.0,0.03076923076923077
59c3871a-4751-463f-9ce9-ac0a2bbc339d,район Кузьминки,55.7061995,37.754941478373844,1962.0,119,71,11.0,0.15492957746478872
59c55de9-ceb5-4382-a16a-1fb068c20882,район Южное Медведково,55.87172545,37.640798772312806,1964.0,130,72,12.0,0.16666666666666666
59d89caa-6ac2-4c24-9962-bb36427dbe09,Красносельский район,55.77189145,37.64220801836761,1959.0,198,98,12.0,0.12244897959183673
59e4fed3-5dd7-40a1-b99c-444f8b240886,район Нагатинский Затон,55.6852262,37.67151746821871,2007.0,218,133,33.0,0.24812030075187969
59e71909-03f2-428e-8397-edeb832f8a3e,район Хамовники,55.71983735,37.57369840874178,1957.0,497,235,34.0,0.14468085106382977
59f8d269-3a24-4d29-bf95-31cbd0eae32d,Нагорный район,55.65287345,37.616249350000004,1976.0,176,96,11.0,0.11458333333333333
5a079f8f-805a-4baf-9d9a-6870b65fe778,район Измайлово,55.7887628,37.781384749019836,1958.0,52,40,16.0,0.4
5a0896de-bb5a-4322-ab55-708573d3de99,Южнопортовый район,55.7025065,37.66989345959368,1968.0,270,141,7.0,0.04964539007092199
5a0c566b-2f51-4cc5-9b0b-f69034069c65,район Сокол,55.79923225,37.517088932584926,1950.0,135,61,4.0,0.06557377049180328
5a209752-a9ba-421c-9471-5c6c588c4f45,район Чертаново Южное,55.60194425,37.60764881829863,1975.0,331,191,22.0,0.11518324607329843
5a20f41e-fe6f-422b-a3f8-239e78c2b68b,район Москворечье-Сабурово,55.63587505,37.723166911377824,2003.0,535,251,53.0,0.21115537848605578
5a435014-0a5d-4fe7-89dc-5e42039dd340,район Марфино,55.82819775,37.60005179826999,1974.0,194,112,23.0,0.20535714285714285
5a5dedf8-cae1-47a3-897e-db8573c5a91b,район Ховрино,55.8628372,37.49754920462583,2003.0,240,126,18.0,0.14285714285714285
5a6cbd9f-3693-478b-bc61-502d809e962e,район Арбат,55.7528595,37.5825758,1950.0,192,81,20.0,0.24691358024691357
5a758ab6-8971-4ece-a8cc-507c197fd9ab,район Филёвский Парк,55.73886375,37.49131330908948,2013.0,222,111,41.0,0.36936936936936937
5a77ff1e-b3b0-4bf3-97a3-351f07709cfc,район Лианозово,55.9054466,37.57864155,2006.0,877,320,23.0,0.071875
5a79b387-e9c7-4346-8f8e-52141116b726,Пресненский район,55.7600732,37.5720174177513,1964.0,69,39,6.0,0.15384615384615385
5a8a881b-8799-42ff-ab0b-d641982a205a,Басманный район,55.76075285,37.65905417557616,1938.0,252,99,6.0,0.06060606060606061
5a8d9d36-779d-472a-bad7-5114d580c323,Бабушкинский район,55.87340415,37.67545578063856,1972.0,411,202,18.0,0.0891089108910891
5a96e445-9293-48d9-a4a6-a8ead57530fe,район Коптево,55.837699799999996,37.537714796618026,1970.0,209,98,2.0,0.02040816326530612
5aa3d4da-a686-4c1d-ae88-318dd9930cf6,район Гольяново,55.8194896,37.8066146,1967.0,148,81,7.0,0.08641975308641975
5aa86f6c-3a3c-417b-826c-de2764e46e1f,район Сокол,55.81138584999999,37.49246587888944,1959.0,318,154,23.0,0.14935064935064934
5aafbcf9-fa22-4030-b792-dc0406bf0737,район Филёвский Парк,55.736587099999994,37.487235671948255,1960.0,139,78,23.0,0.2948717948717949
5ab0446d-59fa-44b6-8048-a1987ff644e6,Дмитровский район,55.8848526,37.53620202480167,2001.0,225,118,16.0,0.13559322033898305
5ab0b50a-9ac1-40f5-aa22-df33c21d977b,район Южное Тушино,55.84817665,37.431527944017866,1999.0,176,71,14.0,0.19718309859154928
5abe6e8c-57a0-4481-9a4c-96d62fe9256b,район Зюзино,55.64869685,37.57437947352514,1965.0,159,84,18.0,0.21428571428571427
5ac5df00-c1fe-46fc-b2ba-f656dbcae95f,Мещанский район,55.7717274,37.62294180098108,1956.0,88,34,3.0,0.08823529411764706
5ad2f0f8-d7de-423a-8172-f20b932b808b,район Хамовники,55.72439505,37.568371855646255,1926.0,122,48,4.0,0.08333333333333333
5ad72e90-b010-4837-9c61-85ab8b1395ec,поселение Филимонковское,55.9988688,37.19745362475962,2013.0,22,18,9.0,0.5
5adb97f3-d96c-4d3d-a96c-08892b6d138d,Савёловский район,55.80160215,37.56007140333908,1968.0,293,178,20.0,0.11235955056179775
5ae2d412-d18e-41d1-a575-32dad9940c8e,Басманный район,55.76356335,37.64565442808967,1955.0,26,27,17.0,0.6296296296296297
5ae4ba5f-e048-4697-9629-0d148424dee6,район Аэропорт,55.80594495,37.523504580433396,1968.0,272,144,12.0,0.08333333333333333
5af6aafd-92a2-4238-a3c3-86dec79d76c4,поселение Филимонковское,55.54965515000001,37.32893521258785,2013.0,37,24,9.0,0.375
5af737a2-1891-4ff4-93bd-dd4be2891e14,Тверской район,55.7755544,37.602411272768464,1917.0,17,8,2.0,0.25
5b014174-1165-4747-9401-bdf4bfee2bc2,район Перово,55.749899049999996,37.78455251890246,1965.0,115,67,8.0,0.11940298507462686
5b0253b9-64e0-4a15-94d5-b8a4c82d9e24,район Новогиреево,55.749836450000004,37.786067033878325,2006.0,504,298,97.0,0.32550335570469796
5b1341ff-3482-4d26-9572-7a40ef9cbced,район Ховрино,55.863801800000005,37.50719927060261,2001.0,304,135,6.0,0.044444444444444446
5b20f204-6fad-4fca-8831-dbed3a9e158c,район Нагатинский Затон,55.6821494,37.68117131311803,1981.0,190,105,5.0,0.047619047619047616
5b2455c3-62e2-4a0f-aae8-38e280ce1732,район Восточное Измайлово,55.8020332,37.810067700000005,1960.0,185,91,12.0,0.13186813186813187
5b248e28-49f8-46f0-bfa2-eeb4b7ab8e06,район Черёмушки,55.65252065,37.56335354738333,2009.0,179,111,38.0,0.34234234234234234
5b2c1e5e-2ad5-4b29-804e-2a51ace715f9,район Черёмушки,55.6754107,37.55209715973082,1963.0,85,72,32.0,0.4444444444444444
5b3116d2-54e7-4ceb-bcf9-8580a7172b24,Даниловский район,55.7230031,37.66291366475373,1996.0,326,167,17.0,0.10179640718562874
5b46bb3e-8179-4867-ac97-aad5453d17e1,район Ховрино,55.86507855,37.494688915147876,1972.0,461,192,21.0,0.109375
5b56226e-0dd7-4e2a-a80d-af0ffd8baf0e,район Хорошёво-Мнёвники,55.77450155,37.49447172448037,1970.0,175,96,14.0,0.14583333333333334
5b6254da-2256-4d66-aede-7a791bd74f95,район Лианозово,55.90226785,37.5663998,2000.0,50,16,1.0,0.0625
5b6e7087-f61a-4a79-ac1a-94fb36f4db82,Таганский район,55.74533735,37.65291354159291,1960.0,33,17,4.0,0.23529411764705882
5b734151-6a12-4d1c-a0df-74e1d84761e1,район Очаково-Матвеевское,55.70341385,37.45995310685932,1969.0,178,95,4.0,0.042105263157894736
5b8464fc-127a-439c-b3c2-996fd8d1e32d,район Соколиная Гора,55.782807,37.72704757630318,1970.0,213,130,26.0,0.2
5b8a818f-3e60-4dab-bbb6-d49cb0ad4c66,район Измайлово,55.79440085,37.77483855123941,1958.0,167,69,1.0,0.014492753623188406
5b922cb6-33bd-43b9-b0ce-f2e39b0e35e5,район Щукино,55.791606099999996,37.50108705120087,1956.0,123,52,7.0,0.1346153846153846
5b9ba07d-9a5f-43db-8bfe-bf20bf3f7a4f,район Беговой,55.78543895,37.574538135880104,1963.0,103,72,22.0,0.3055555555555556
5b9bb40e-b7fc-481b-a50a-293298d5eea9,Пресненский район,55.7573143,37.548594772208,1930.0,181,91,16.0,0.17582417582417584
5ba4de0f-91a3-4112-8208-585cb79f0e9b,район Очаково-Матвеевское,55.70964805,37.47468445,1972.0,309,150,26.0,0.17333333333333334
5baee977-2a0a-4aeb-8130-61f555285eee,район Сокольники,55.79090625,37.65573821236555,1994.0,314,140,12.0,0.08571428571428572
5bbe3918-6a38-4529-84a0-c8c5ddc7aae7,район Хамовники,55.73039405,37.58977016672582,1961.0,138,94,28.0,0.2978723404255319
5bd2ee0b-f189-48e8-8eca-186df8779fb6,район Хамовники,55.73047835,37.59076759662342,1961.0,163,91,10.0,0.10989010989010989
5bda741a-caec-4aa7-958e-8cf778b8f67d,район Марьина Роща,55.79067435,37.6152601737136,1926.0,158,78,17.0,0.21794871794871795
5be31582-5348-4849-9ce1-83f96f3c2ce8,район Кузьминки,55.7111696,37.754687184866256,1965.0,148,96,19.0,0.19791666666666666
5bfbf8c4-6b11-450b-b2fd-793fd1ba9c7c,Красносельский район,55.781720449999995,37.676580815414994,1961.0,52,25,2.0,0.08
5bfd2fd5-9ea5-4598-950a-66439a28060f,район Южное Бутово,55.54543395,37.56192585202952,2002.0,581,265,12.0,0.045283018867924525
5bff4163-b298-4ac0-a8b0-b54b2f6e0a82,район Коньково,55.6334242,37.53294808206695,1970.0,188,98,7.0,0.07142857142857142
5c0197c0-9a49-476b-8177-5513b895bea6,район Перово,55.7576823,37.77759365,1963.0,106,60,14.0,0.23333333333333334
5c06645d-4c74-4b55-8568-35901257df3a,район Новогиреево,55.7484984,37.818527824739014,1968.0,136,82,25.0,0.3048780487804878
5c09fdf7-6c2a-4a1e-8497-3a816aceac6f,Таганский район,55.745194850000004,37.67377329683923,1983.0,238,127,6.0,0.047244094488188976
5c0c8863-9efe-4f59-9b27-0e8040d4eba1,Таганский район,55.74317515,37.687843408272215,2004.0,434,189,13.0,0.06878306878306878
5c136181-9cfd-4caf-bf88-ee45c11cc35a,район Вешняки,55.71806815,37.81954338279918,1972.0,174,98,10.0,0.10204081632653061
5c1b5f1f-b39b-4275-a39c-1ebc78421ae1,Бабушкинский район,55.86713305,37.66734945176768,1969.0,175,84,9.0,0.10714285714285714
5c21c8e3-255b-4ae6-a9ef-547941092ab2,городской округ Троицк,55.8033049,37.76769085895788,1987.0,298,135,6.0,0.044444444444444446
5c27e366-a08a-4077-b816-5f96674d9952,Бутырский район,55.825287450000005,37.57997141459733,1968.0,159,84,5.0,0.05952380952380952
5c29acac-ee82-4184-ba7c-2f49d58d7ab9,Гагаринский район,55.6871781,37.5429932,1956.0,1332,587,79.0,0.13458262350936967
5c35eb9c-53c8-41dc-8676-71d8e60d231a,район Отрадное,55.87253415,37.59059306267089,1994.0,423,182,1.0,0.005494505494505495
5c5a32b2-a8a1-4921-bbcc-bd97e250db4e,район Богородское,55.80790455,37.721583407646946,1958.0,103,60,15.0,0.25
5c5bf377-71cc-4195-a56f-57476114feb1,район Южное Тушино,55.8432387,37.4558752,1977.0,174,88,12.0,0.13636363636363635
5c688553-aaa4-4583-8bc8-cbef8efc1898,Останкинский район,55.81217455,37.63435531545176,1951.0,108,51,3.0,0.058823529411764705
5c6ce9a4-30e2-4370-a1b1-71400e28538a,район Черёмушки,55.6604294,37.50889395,1967.0,120,168,115.0,0.6845238095238095
5c6d454c-240a-4907-bd15-8ae7eec698c0,поселение Рязановское,55.4661758,37.54478819172072,2013.0,217,150,59.0,0.3933333333333333
5c6dd303-5789-4a57-a824-0f18fdf7fc0d,Войковский район,55.82420705,37.51233638129782,1957.0,185,81,3.0,0.037037037037037035
5c6fd3ce-8847-463b-8f55-895c0fea9e5a,Академический район,55.687247150000005,37.592569600000004,1960.0,192,80,1.0,0.0125
5c7248db-771b-4612-b1b8-91a3acd39414,район Некрасовка,55.70060665,37.92230832537075,2013.0,770,320,17.0,0.053125
5c780b46-ce54-463a-8081-a9dba935d3b7,район Хамовники,55.744502,37.59095015642765,1969.0,168,108,27.0,0.25
5c7a3dd1-61a1-4172-a652-d063b3be82d6,район Некрасовка,55.7008571,37.928609616433356,2015.0,336,192,52.0,0.2708333333333333
5c990f5f-ac52-4049-8905-d7a2fa30fa07,район Черёмушки,55.6714915,37.57885373189423,1962.0,122,71,11.0,0.15492957746478872
5ca3e9d1-965a-4a64-b4d3-96bb3f2e5f75,район Проспект Вернадского,55.673070949999996,37.51036525116179,2001.0,357,145,3.0,0.020689655172413793
5cad21a4-32b4-47a8-b755-84f6f4c2be87,Басманный район,55.75600695,37.652661422909276,1915.0,62,32,4.0,0.125
5cb72462-a94c-42df-ad54-d680873ad426,поселение Первомайское,55.790677450000004,37.81457649055157,1959.0,29,16,3.0,0.1875
5cb8f101-067f-4676-9b8a-6093a98e740b,Таганский район,55.7429441,37.66341915188455,1951.0,62,30,6.0,0.2
5cc6a93d-ecef-493e-937d-a206423bc432,район Хамовники,55.731525700000006,37.58636509749226,1966.0,94,49,4.0,0.08163265306122448
5cd42212-f184-4f8f-adbd-57e0f17a4cc4,район Котловка,55.679736950000006,37.60242237146909,1981.0,246,143,8.0,0.055944055944055944
5cd5d212-dee7-47e3-b013-6b4dbeaad195,Таганский район,55.7367943,37.658487191038844,1966.0,111,71,4.0,0.056338028169014086
5cecb284-9f63-410c-b722-6585c0ad4b19,Красносельский район,55.7687262,37.63444081398679,1911.0,24,12,2.0,0.16666666666666666
5cf84d1a-2549-4fee-852a-33eb19b19cbf,район Новогиреево,55.7535137,37.8205736,1970.0,157,98,29.0,0.29591836734693877
5cffe455-5a60-4331-a54f-be22eab30541,район Северное Тушино,55.85952425,37.42863354288168,1967.0,152,110,37.0,0.33636363636363636
5d20cc2e-7dbe-4779-8787-106ee6e23dde,район Богородское,55.814604200000005,37.70519055507734,2008.0,534,294,67.0,0.22789115646258504
5d316564-645c-4fd9-9e02-3c249ea68454,район Люблино,55.66994935,37.768538713190964,1999.0,647,263,20.0,0.07604562737642585
5d379271-3fa8-40df-a148-d2f942c74c7a,Нагорный район,55.6537482,37.616646925205714,1959.0,92,60,15.0,0.25
5d3e7483-c188-4ed2-a026-fb6ad288b8d7,Ярославский район,55.86048415,37.69369999789275,1996.0,601,256,13.0,0.05078125
5d419564-5a4a-4595-aa3d-f8ed94225575,район Текстильщики,55.70060305,37.74282475406682,1960.0,161,77,1.0,0.012987012987012988
5d42ab79-02ca-4645-a4b9-80918b4b904d,район Чертаново Южное,55.5983655,37.58105392097952,1978.0,356,185,22.5,0.11891891891891893
5d45fab1-1393-4bc2-8177-b5c929b2c02d,Даниловский район,55.71785415,37.63246500349621,1966.0,133,72,1.0,0.013888888888888888
5d542f74-ac07-44ec-a58f-1489597ec7c0,район Новогиреево,55.75155585,37.811704469893925,1969.0,128,84,23.0,0.27380952380952384
5d55886e-2ea7-4972-9ab9-46fb1ddfda0f,район Текстильщики,55.6983156,37.744748881295,1975.0,252,137,1.0,0.0072992700729927005
5d579837-bca2-4b59-b064-144c853d37a5,Бабушкинский район,55.860144500000004,37.670812788092746,1969.0,161,84,4.0,0.047619047619047616
5d5faf61-37ed-4fea-8e41-f7a9fbcf76af,Пресненский район,55.7581592,37.5464476,2007.0,35,553,541.0,0.9783001808318263
5d63cc71-1c8a-48d2-a7bf-c83ab2ad698a,район Вешняки,55.721380100000005,37.83449704861509,1973.0,173,98,10.0,0.10204081632653061
5d65d9f0-4557-49e4-8bce-bfa562c9e481,Рязанский район,55.7151432,37.7838834814,1970.0,189,113,22.0,0.19469026548672566
5d7ce700-8074-4dc7-8a2c-af40980da193,Нагорный район,55.6701464,37.607229375038486,1974.0,174,98,11.0,0.11224489795918367
5d7d6a6c-50a0-45de-bdc4-03f6bb441e4c,район Царицыно,55.61799895,37.65851299881432,1977.0,342,204,20.0,0.09803921568627451
5d7fa0c3-9a2b-4d2e-a5dd-8a3ca917143b,район Коптево,55.84513065,37.550031114791025,1971.0,182,108,15.0,0.1388888888888889
5d86c1fc-cfe6-40b4-bc33-01316d71fb32,район Котловка,55.6748061,37.59281913154834,1984.0,240,110,9.0,0.08181818181818182
5d9a76fd-39f7-4aa5-9227-9908e35de5c8,район Арбат,55.754795099999996,37.58709744953897,1914.0,115,58,17.0,0.29310344827586204
5d9b082d-1cbd-44f1-99dd-be3fc8425f28,район Проспект Вернадского,55.6727259,37.500636153952826,1969.0,367,201,22.0,0.10945273631840796
5da203ec-f9be-4cd9-841f-5bf355a6a4de,Алексеевский район,55.8131623,37.6477521,1969.0,111,136,71.0,0.5220588235294118
5db71749-be79-4c7b-8d69-4aeb034265ee,район Марьино,55.654734700000006,37.76535086166041,1998.0,962,384,4.0,0.010416666666666666
5dcb61b7-2323-4282-87e2-a6242c16fcde,район Свиблово,55.8522221,37.63417665,1966.0,158,84,6.0,0.07142857142857142
5dd14497-6888-4dc9-9bc5-db453e609bf6,Обручевский район,55.6453652,37.49764858004995,2004.0,300,138,26.0,0.18840579710144928
5de3da7f-ee75-4449-806c-70b655a6ab3a,район Коптево,55.82442305,37.525614450000006,1997.0,192,143,49.0,0.34265734265734266
5ded513b-b8ea-4fc4-85b2-dd89e6eed63e,район Коньково,55.650317,37.51666915,1971.0,317,143,2.0,0.013986013986013986
5dfdd94a-5ded-492c-a578-b971311d47da,район Дорогомилово,55.7384362,37.5320172,1948.0,409,188,29.0,0.15425531914893617
5e008ab7-8de1-43b1-82c7-5e6ab096b326,район Сокольники,55.797712000000004,37.6923788877017,1965.0,115,72,11.0,0.1527777777777778
5e0654c6-2911-433b-af02-76c6a6253cc3,городской округ Троицк,55.4954219,37.32521138368879,2014.0,23,16,7.0,0.4375
5e06c006-6e91-446d-979c-87b5c8564c8e,район Хорошёво-Мнёвники,55.78450465,37.474394921489726,1963.0,94,64,14.0,0.21875
5e2093ff-9ae3-43fe-a66c-7327d6e200bd,район Левобережный,55.86169795,37.4801479,1963.0,115,69,17.0,0.2463768115942029
5e302da7-94a4-4734-a19d-f691db8c4b1e,район Сокол,55.811975,37.4975366,1954.0,66,34,7.0,0.20588235294117646
5e3a72b2-1b54-4319-8e6b-1ff414b9e248,район Куркино,55.893178649999996,37.395690201141825,2002.0,14,32,28.0,0.875
5e461cba-8248-4901-9557-26c869ae539f,Бескудниковский район,55.87329775,37.55346722065662,1976.0,218,111,4.0,0.036036036036036036
5e4ced6b-c23b-42eb-8e96-3f2364c368fa,район Новогиреево,55.7519363,37.82412865,1967.0,148,84,13.0,0.15476190476190477
5e558d9c-0923-41c4-8192-1028b246f82a,Бабушкинский район,55.87151165,37.67130803408626,1970.0,230,112,3.0,0.026785714285714284
5e597132-3ace-475c-ad9a-b1e4111b69f9,район Якиманка,55.7329466,37.61473040460324,1963.0,121,52,5.0,0.09615384615384616
5e621ffb-91ef-4d85-abfa-724bb646dae1,район Аэропорт,55.7993824,37.536052,1936.0,77,33,1.0,0.030303030303030304
5e632069-bc71-414e-96f7-4af04fa68976,Алексеевский район,55.80958885,37.63815692892105,1962.0,152,99,25.0,0.25252525252525254
5e679fa6-34f5-4250-b99b-ef10c711c579,Мещанский район,55.7761617,37.62910953618729,1904.0,16,7,2.0,0.2857142857142857
5e6f938c-ff98-431c-b7f6-9de30454eb84,район Филёвский Парк,55.745502200000004,37.50013344999999,1964.0,161,80,15.0,0.1875
5e7adff0-a515-4ce7-851a-c800256261bf,Тимирязевский район,55.823614500000005,37.5598927869486,1966.0,157,84,6.0,0.07142857142857142
5e862c4d-c2e8-4c4e-aeeb-5ed2b9c13838,район Сокол,55.7992211,37.50447158430657,1964.0,97,72,26.0,0.3611111111111111
5e8b3873-1598-49e2-bd2d-bd29dd9965b3,Басманный район,55.7781193,37.70613158458682,1950.0,142,51,2.0,0.0392156862745098
5e957db3-4236-4e7c-a08d-b9cf0b186ace,район Арбат,55.75492865,37.590946950468194,1880.0,49,27,5.0,0.18518518518518517
5e965e97-c4f6-4548-9e07-5bed9845e80b,район Беговой,55.77734285,37.57800037644098,1984.0,109,49,2.0,0.04081632653061224
5ea3bae4-ea9a-4911-bcb7-cbad3cb4e52c,район Коньково,55.63955435,37.54402651165472,1968.0,167,98,25.0,0.25510204081632654
5ea7f528-2b62-4e05-bc78-faecdc9b30d2,район Свиблово,55.854421,37.63887654927163,1973.0,228,111,13.0,0.11711711711711711
5eab99c1-8500-4a54-8e97-49150b94a672,район Щукино,55.8027419,37.45405726367234,1966.0,142,94,15.0,0.1595744680851064
5eb08384-167b-4b7b-8034-ed5398d793d2,Таганский район,55.74383465,37.658909976111715,1978.0,128,75,22.0,0.29333333333333333
5eb210fd-f501-45d4-9bb8-aaa47540a92d,район Зюзино,55.6637068,37.5912028,1971.0,131,80,23.0,0.2875
5eb33979-c8fb-4a0f-bf63-afaa42929a13,район Фили-Давыдково,55.7172713,37.45712160418533,1973.0,182,98,1.0,0.01020408163265306
5ebc3360-a2ec-4138-94d9-9c78c772db84,район Лианозово,55.90275055,37.574586766435615,1976.0,508,245,8.0,0.0326530612244898
5ec9f4f8-17b8-4aa9-bee5-deea68b65118,район Черёмушки,55.675485949999995,37.55547731056966,1975.0,384,168,11.0,0.06547619047619048
5ecc15ec-4988-4dea-b421-96a539f0916f,поселение Московский,55.5996688,37.35728657798211,2016.0,70,144,114.0,0.7916666666666666
5ed10f8c-904e-4df0-adec-c1a7b2c0b4c8,район Щукино,55.7998675,37.490717600746606,1957.0,56,30,7.0,0.23333333333333334
5ed73cef-71e5-4ca0-860e-43c192555d80,район Хамовники,55.7375595,37.587056793884244,1910.0,33,14,4.0,0.2857142857142857
5edadc7b-c0df-4920-b7a6-dd4dc9540fd3,район Арбат,55.75143335,37.57733556484905,1900.0,28,21,10.0,0.47619047619047616
5edc9e34-0668-494f-89f2-cae69f84b6f3,район Арбат,55.74732605,37.58689080266875,1910.0,114,44,6.0,0.13636363636363635
5ede76ac-9e8a-4a70-8d12-be4fb54694d9,район Беговой,55.783678800000004,37.56433216434783,1978.0,677,301,44.0,0.1461794019933555
5ee274b0-a74f-478a-beee-c84238e71dd8,район Кузьминки,55.70167985,37.773920826654106,1996.0,191,109,34.0,0.3119266055045872
5ee91a26-ca44-4561-9ed3-66839fbcfca9,Лосиноостровский район,55.8679968,37.681516132608635,1965.0,127,68,2.0,0.029411764705882353
5ef002f7-a5b0-464d-867d-d5e14ef9da34,Южнопортовый район,55.7180777,37.67398351685553,2003.0,176,106,32.0,0.3018867924528302
5ef6c848-05df-457c-8d65-c8851d865aaa,район Перово,55.756118099999995,37.776957500387056,1971.0,109,60,3.0,0.05
5f0a6be9-7286-48c1-b354-ac3a0acd23f4,район Новогиреево,55.7540449,37.81383925,1968.0,156,84,18.0,0.21428571428571427
5f0b6ce9-53c4-4b1f-953b-857d9d47c6f3,Басманный район,55.75909995,37.65319876652914,1955.0,65,24,1.0,0.041666666666666664
5f0c6649-b7f5-4bab-9aec-d2794ecf0156,район Соколиная Гора,55.7785569,37.722507164620936,1968.0,153,79,3.0,0.0379746835443038
5f0ede13-7339-4888-91e9-0a662ba0f7c1,Пресненский район,55.7638634,37.56011534540822,0.0,106,64,13.0,0.203125
5f1f495f-b5b1-48d9-90c1-1bef82b8ddad,район Перово,55.761566200000004,37.79190805987113,1960.0,198,100,6.0,0.06
5f28faca-336f-4279-b71c-176b24d9e005,район Москворечье-Сабурово,55.63904185,37.666838096356464,1991.0,359,222,46.0,0.2072072072072072
5f2bc763-74f0-415a-a6e8-32c49106b7c6,Басманный район,55.758941050000004,37.65240302114393,1917.0,54,29,5.0,0.1724137931034483
5f31a73d-aa77-4ec3-8459-f33547c6b1ec,район Западное Дегунино,55.8800418,37.50882835024124,2014.0,541,288,63.0,0.21875
5f357a30-df4a-4772-a516-281673bffda1,район Филёвский Парк,55.73829385,37.502970168723664,1972.0,311,144,15.0,0.10416666666666667
5f3cce34-5a6e-4d14-8d90-def1e5d64998,Войковский район,55.8379807,37.48655306428411,1956.0,121,65,17.0,0.26153846153846155
5f42d6c8-82dc-4fc0-a510-b5e8e4fcf139,район Арбат,55.7475802,37.5871335,1910.0,249,121,35.0,0.2892561983471074
5f52755d-c68d-4bb6-a2c4-3c32a74d75cb,район Коптево,55.8398181,37.52760019375033,1969.0,232,110,2.0,0.01818181818181818
5f594479-aebd-4e28-97ce-33da9e2034a7,район Выхино-Жулебино,55.71656995,37.800844970413095,1967.0,146,96,28.0,0.2916666666666667
5f619f36-7373-451b-8b51-de9d2fbc6678,район Коньково,55.6460362,37.5191023,2011.0,599,388,146.0,0.37628865979381443
5f749a64-860c-4dfd-b8b8-a521bc513b3d,район Южное Тушино,55.8423358,37.42814068910256,1964.0,132,72,10.0,0.1388888888888889
5f929ef2-4250-43fa-8452-ef6b729b9f09,район Раменки,55.7045418,37.54842976651555,1956.0,16,14,9.0,0.6428571428571429
5f9c4c7e-69b2-4f1a-af45-231eeb2957ad,Даниловский район,55.70040945,37.66066807564815,1969.0,141,78,7.0,0.08974358974358974
5f9c6536-5df0-4bb9-9275-82dd35bc2bd6,Академический район,55.6883116,37.57618028885321,1958.0,117,64,9.0,0.140625
5f9e204e-5028-4d19-ae31-d270974b0a8d,район Ховрино,55.8641332,37.505924406556154,2001.0,351,214,68.0,0.3177570093457944
5fa16943-7c54-48d0-9642-ec898dcd9923,район Ясенево,55.60606095,37.520835774877824,1976.0,241,440,333.0,0.7568181818181818
5fb9f1d1-f805-4391-b1c4-d4b3c7dd3ec9,район Лианозово,55.90181315,37.580865349999996,1979.0,247,126,3.0,0.023809523809523808
5fc05294-f5eb-4baf-813d-8ad3023d376a,район Хамовники,55.73033845,37.583101096856495,1965.0,97,53,5.0,0.09433962264150944
5fc3b5af-f929-44e6-a5f5-d64079531caa,район Арбат,55.749636,37.587562,1929.0,71,37,7.0,0.1891891891891892
5fd240f3-28f8-4cf1-bd60-885ca7512487,Академический район,55.6815481,37.568898,1957.0,732,656,360.0,0.5487804878048781
5fdacecf-d6bd-4bb5-ba26-3e72960e472c,район Черёмушки,55.6747062,37.55299660055685,1963.0,109,71,18.0,0.2535211267605634
5fdb730e-7877-441c-8584-0a3f0f466d1d,Хорошёвский район,55.7990816,37.523003149999994,1974.0,164,98,25.0,0.25510204081632654
5fdf7845-5143-4286-ab07-40576377b408,Хорошёвский район,55.7778955,37.5137154,1955.0,145,54,5.0,0.09259259259259259
5fe00f46-d434-464c-b427-8b27ea18cb6d,район Арбат,55.7573622,37.58508470091987,1928.0,38,19,8.0,0.42105263157894735
5fe17c10-7ed9-4fc7-8b3e-67516b186296,Нагорный район,55.6462759,37.60629977332657,2001.0,678,330,40.5,0.12121212121212122
5fe5db93-7be0-47bb-91cb-d3e870d6265c,район Зюзино,55.6548586,37.57103901558472,1964.0,96,72,31.0,0.4305555555555556
5ff1380a-64fe-42f5-be9c-f463c00802de,район Очаково-Матвеевское,55.6986042,37.45669665,1968.0,168,84,5.0,0.05952380952380952
6002761e-c444-4ca2-94b4-6508118a9966,Бабушкинский район,55.871246,37.672228251588635,1994.0,270,129,8.0,0.06201550387596899
6002d70d-7dc7-4f1c-b23c-21b47f2666f1,Мещанский район,55.77151715,37.62482147217392,1925.0,35,28,13.0,0.4642857142857143
60125642-072b-43a5-9593-69b942efc3df,район Отрадное,55.8568681,37.607782089450296,1968.0,157,84,7.0,0.08333333333333333
6015d697-c2aa-4f22-99d6-1ba02751944f,Таганский район,55.72972875,37.67397569928161,1964.0,105,70,11.0,0.15714285714285714
6022d20e-9fda-4540-9aec-a4ba5efd1654,район Выхино-Жулебино,55.70761385,37.81571625030216,1988.0,71,35,4.0,0.11428571428571428
6024f73c-0eaf-458c-b1be-c033fbfdb0da,Пресненский район,55.7546856,37.598711038500994,1913.0,63,30,6.0,0.2
6026dd78-0d6c-4c13-b3f4-4ea131eb17eb,Донской район,55.717354650000004,37.59640574623357,1940.0,216,91,14.0,0.15384615384615385
6033f8c3-e922-49d4-a54d-758542e6eddf,район Северное Тушино,55.86692945,37.4392472,1975.0,431,206,12.0,0.05825242718446602
6037e5a9-6ee5-4a68-bb30-8f7c1662d1ba,Алексеевский район,55.81655135,37.65729517912409,1966.0,158,84,6.0,0.07142857142857142
604e90c7-792a-4848-babe-cb045244c88e,городской округ Троицк,55.4961797,37.3247123,2013.0,28,12,2.0,0.16666666666666666
605bf946-a4da-49b8-b709-39d957484823,район Орехово-Борисово Северное,55.6131294,37.69945598622611,1974.0,275,189,49.0,0.25925925925925924
605f2832-da4b-4104-b6ab-24273de6c906,Головинский район,55.849516550000004,37.487353604127804,1969.0,217,112,4.0,0.03571428571428571
6073a5f9-cc8e-4715-b857-647c0d56a6d0,поселение Московский,55.8591828,37.662571152871394,2009.0,344,192,63.0,0.328125
6074e279-86b8-4d3a-93c4-85f17a90b18e,район Хамовники,55.7298994,37.57941776307122,1970.0,102,46,7.0,0.15217391304347827
60793db8-1ec2-4a09-bc9a-66075b93f990,район Коньково,55.641087299999995,37.53825669994251,1974.0,376,212,49.5,0.2358490566037736
6082726d-d283-4a30-8fc8-a3de89d5d6c2,район Ивановское,55.76632375,37.8333211,1993.0,223,111,2.0,0.018018018018018018
608c6144-9e2b-4dd6-a202-bd5725e0e99d,район Замоскворечье,55.7398154,37.627296581140484,1935.0,56,29,8.0,0.27586206896551724
60977068-76bd-4021-8ce2-fa95c8acd7b9,район Котловка,55.6672988,37.586656933861406,1969.0,151,96,18.0,0.1875
60a35cf1-3021-4396-a3d2-240399bc0987,район Гольяново,55.813172949999995,37.810869998687465,1970.0,180,112,11.0,0.09821428571428571
60a6c64d-8134-45c6-b7e8-3df12d689697,Пресненский район,55.75952435,37.55464426494753,1928.0,102,48,6.0,0.125
60ade643-e9bf-4f92-b570-b685b4861649,Басманный район,55.770582,37.68002517130938,1905.0,79,57,20.0,0.3508771929824561
60b87cd0-a418-4bbc-9514-e61e14f2b91c,район Восточное Измайлово,55.801968099999996,37.815550464569284,2007.0,210,167,85.0,0.5089820359281437
60bb4736-5310-4018-af47-37d04faab51b,район Кунцево,55.7401296,37.39859167080999,1963.0,236,101,7.0,0.06930693069306931
60d066a4-0084-4145-92f1-8003d633cf63,район Орехово-Борисово Южное,55.602989050000005,37.713086965496956,1975.0,307,191,36.0,0.18848167539267016
60dbfaa8-798c-4c09-8dcd-3bf2acbd051a,район Зюзино,55.65259585,37.604523600857966,1966.0,158,84,18.0,0.21428571428571427
60f189ec-97b8-4196-a437-cbde96dbf7b3,городской округ Щербинка,55.50197635,37.55761852991266,2009.0,356,264,108.0,0.4090909090909091
60f6be25-042e-4e8e-8ec2-89e937b9c29c,Басманный район,55.75793215,37.65064897786998,1966.0,65,41,11.0,0.2682926829268293
60fda707-5d2b-4358-9b4e-e450f2637a80,район Солнцево,55.65146805,37.41154838606191,2007.0,257,127,24.0,0.1889763779527559
6104984e-8b03-422c-9245-f1b985008500,район Раменки,55.70241665,37.51532490455689,2006.0,355,203,36.0,0.17733990147783252
61068d56-d1fb-4802-8573-306dbf57299a,район Вешняки,55.72023415,37.82630794991961,1972.0,398,215,24.0,0.11162790697674418
6109304f-4606-45e0-870e-e62fae8eca44,Красносельский район,55.77041815,37.641303480045195,1847.0,143,58,1.0,0.017241379310344827
610fa750-2c74-4f89-8f69-322dfa03d901,район Северное Измайлово,55.8045546,37.80604015,1962.0,136,95,34.0,0.35789473684210527
61263d2f-921c-49a3-88b7-4e6d8914bd14,район Гольяново,55.82796475,37.81245200320549,1972.0,240,141,19.0,0.1347517730496454
61264faa-a0f8-40b4-abb6-9eedbee50163,Ярославский район,55.8655925,37.6951002,1989.0,110,69,13.0,0.18840579710144928
6126c495-5589-484f-a8fc-481b15dd7a4e,район Арбат,55.7547733,37.59619617486754,1917.0,102,57,21.0,0.3684210526315789
612a63e1-ea56-4436-a2a8-4b2b63873cb7,район Арбат,55.7476693,37.58841663932169,1998.0,16,18,14.0,0.7777777777777778
612fe8e8-e27d-4442-979b-0a7653ca7135,Головинский район,55.8461232,37.478159399999996,1966.0,174,108,16.0,0.14814814814814814
6132d2bb-e431-4a8f-901f-05ca86c35fac,район Вешняки,55.7345778,37.835093596840665,1981.0,202,108,14.0,0.12962962962962962
6148604a-8877-42e8-955f-dea6cc782e8a,район Восточное Измайлово,55.79389215,37.80761522666198,1961.0,121,60,2.0,0.03333333333333333
616bf8eb-9fd7-41f6-9ff9-7b3792d4fc9f,район Кунцево,55.7447106,37.3966192,1973.0,198,96,14.0,0.14583333333333334
617021ad-7b87-4516-b3ed-a91d20b5b775,район Филёвский Парк,55.7480575,37.51452246148635,1955.0,197,70,3.0,0.04285714285714286
61706e65-985b-473d-bd20-0585e69548f0,Таганский район,55.7360365,37.66048235000001,2003.0,59,37,18.0,0.4864864864864865
6171db4e-cccc-437e-8f6c-2c3ade54cf6d,район Лефортово,55.76288475,37.71449995858181,1977.0,329,167,26.0,0.15568862275449102
61777cdf-fae7-488b-b17f-766c840ccd8f,Донской район,55.708957100000006,37.585803480454466,1953.0,579,243,25.0,0.102880658436214
61840c4c-0534-486d-9b26-b35718fee38d,район Новогиреево,55.747440499999996,37.82710245107913,1971.0,184,101,20.0,0.19801980198019803
61923711-8360-42ee-a9de-fcf7a3fdeeb0,Пресненский район,55.7625772,37.57287583792676,1931.0,84,62,28.0,0.45161290322580644
619bb8af-64ae-4ec4-82a8-c0b6576b8ec7,район Щукино,55.4955298,37.2027071,2000.0,288,135,20.0,0.14814814814814814
619cfd5c-cafb-4084-b2b6-76cc0521c26d,район Гольяново,55.829031,37.816079101316376,1989.0,195,109,10.0,0.09174311926605505
61a9715a-09fb-430f-bc5d-773225311acb,Донской район,55.70312765,37.594252117516305,1949.0,13,12,7.0,0.5833333333333334
61af80fc-4bbf-496d-be29-9bc50c31c147,Хорошёвский район,55.77953635,37.525081693216634,1964.0,110,70,21.0,0.3
61bbe540-fe46-4dd4-8505-e1e84085afd0,район Коптево,55.8373235,37.53072322451611,2003.0,292,162,46.0,0.2839506172839506
61c0f331-5de1-4aa3-9b66-3d5eec313d6e,район Беговой,55.7770373,37.5563335406752,1958.0,136,76,19.0,0.25
61c57fcc-1f61-4801-b285-aa02b6eec971,район Царицыно,55.6248675,37.66985198162412,1966.0,116,72,7.0,0.09722222222222222
61c79ac0-753e-4dd1-8039-a73497cec343,район Строгино,55.8127829,37.408589141372325,1979.0,404,359,206.0,0.5738161559888579
61c9313e-2732-4874-aadc-021d84f91a76,район Ростокино,55.8388977,37.63953682473277,1975.0,178,98,25.0,0.25510204081632654
61cb9d54-c1fe-457a-b654-1a767171350c,район Сокол,55.7936676,37.51115352460207,1952.0,123,42,2.0,0.047619047619047616
61dc1fa0-656a-4b70-9aad-37febc7bc243,Бескудниковский район,55.8655995,37.56185272251119,2004.0,460,165,1.0,0.006060606060606061
61dd6156-7938-4ca4-bd23-0cd4a274a011,Южнопортовый район,55.7170318,37.67476808493811,2002.0,219,109,7.0,0.06422018348623854
61ddd328-e641-4f4e-adc1-1492672faedc,район Левобережный,55.86142825,37.475268400000004,1963.0,100,72,30.0,0.4166666666666667
61e48d19-ea23-40ea-8f7e-b17c5ba139b9,район Измайлово,55.7915739,37.79024112878817,1983.0,125,69,10.0,0.14492753623188406
61e4cc0c-59f9-4632-8b9c-3f4dbd32fcf5,район Богородское,55.81959275,37.716009898090434,1969.0,157,80,8.0,0.1
61e7a7eb-f56f-44e1-ae1b-3f23eefe8d88,Басманный район,55.771859449999994,37.68514529783454,1974.0,127,67,9.0,0.13432835820895522
61fe871c-b7ed-4924-a7f0-be7fd2ed9ac7,Нагорный район,55.6485347,37.61176775586221,1964.0,120,72,17.0,0.2361111111111111
62075b85-dbd6-44df-b210-ea846d0eb32f,Хорошёвский район,55.77364135,37.53822304276137,1991.0,28,192,182.0,0.9479166666666666
62125f2b-f653-493e-b45c-8c1a566b802f,район Орехово-Борисово Северное,55.6134155,37.72573523031332,1975.0,295,144,19.0,0.13194444444444445
621475df-59f3-4690-a3d8-cbb3bf7fe724,район Преображенское,55.80286995,37.728689441148404,1970.0,178,97,11.0,0.1134020618556701
621c9231-94d6-478a-a2aa-0268a06fc84f,район Соколиная Гора,55.767273349999996,37.74281160671241,1985.0,73,28,2.0,0.07142857142857142
62284691-6b23-4b10-a207-d73b010c66e6,район Северное Бутово,55.57646075,37.58262378885576,1992.0,298,168,40.0,0.23809523809523808
622e2e82-67d4-4ec9-a6eb-56df86db326f,район Хамовники,55.738714,37.593316,1917.0,68,28,5.0,0.17857142857142858
6240f809-f551-48a4-8547-2f4321ceba46,район Ховрино,55.8641,37.5024,2005.0,282,126,33.0,0.2619047619047619
62411c41-0ef7-42b1-a52f-9f788cfea244,Тверской район,55.786073650000006,37.588345426611035,1934.0,90,45,11.0,0.24444444444444444
624c390b-5d37-421b-80c3-7a54b7764308,район Лефортово,55.755910650000004,37.68008225232259,1976.0,217,110,16.0,0.14545454545454545
626e9efd-dd34-432d-b0c2-a73c76730aa6,Алексеевский район,55.8151071,37.65880082855842,1956.0,641,264,14.0,0.05303030303030303
6288af62-c185-47d9-a828-f30a9fc3cbca,район Люблино,55.67160595,37.76455227239208,2003.0,468,302,85.0,0.2814569536423841
628e1450-9c90-4491-a4e4-72f3996dfec0,поселение Рязановское,55.468504949999996,37.5426695232722,2010.0,297,228,94.0,0.41228070175438597
62a34930-29c0-4599-b693-e5bb084b5884,район Лефортово,55.7625494,37.71759503559766,1965.0,337,160,17.0,0.10625
62b023cc-3911-4093-a38e-07df634868ef,район Очаково-Матвеевское,55.508215,37.2200714,1977.0,543,294,24.0,0.08163265306122448
62b42076-680b-4ca2-9b14-d5c1ccddad08,район Ховрино,55.8658882,37.49441398645039,1973.0,208,107,14.0,0.1308411214953271
62b70ed4-ce6a-42e0-a0a3-4ddd0e31c8e0,район Вешняки,55.7342262,37.8286972,1989.0,105,270,223.0,0.825925925925926
62bc5f35-46a2-4104-925e-322ed9c24881,район Богородское,55.81447925,37.730344608826556,1959.0,107,56,12.0,0.21428571428571427
62c0178c-057a-47be-ae5f-998a840a92c8,район Строгино,55.79792775,37.40357079628504,1980.0,171,95,8.0,0.08421052631578947
62c0d6f6-a64e-467b-bd98-1a1f8c3aeef8,район Восточное Дегунино,55.8596677,37.56734843443084,2000.0,721,336,17.0,0.050595238095238096
62c66a51-96b4-4742-b4e1-40ea59835e9a,Красносельский район,55.784283200000004,37.65741410111563,1973.0,128,54,5.0,0.09259259259259259
62d31208-dcc3-4edd-879c-04fa23fcaf0b,Мещанский район,55.77717625,37.62423738135862,1983.0,145,70,19.0,0.2714285714285714
62e2fa71-7102-4d90-8c05-a9974576306e,поселение Воскресенское,55.525274550000006,37.51147338954159,2015.0,369,198,45.0,0.22727272727272727
62ee5fa3-bba8-41f6-b321-dba79f513f6b,район Восточное Измайлово,55.8003542,37.82885292343063,1967.0,322,168,5.0,0.02976190476190476
63105866-bf80-4351-994a-7660bace9ca0,Рязанский район,55.72689785,37.77177013756385,1969.0,177,110,11.0,0.1
6310e667-f5f0-4595-a35b-69ff5eb07fe7,Ломоносовский район,55.67369995,37.52543349087601,1960.0,908,441,26.0,0.05895691609977324
6311bdbd-8303-4957-b512-3aea0e2938dd,Тверской район,55.780008,37.615793,1959.0,368,172,16.0,0.09302325581395349
63191b93-e4fd-470e-a7e0-7da535c7551f,район Сокол,55.80020775,37.50665117442187,1970.0,192,112,30.0,0.26785714285714285
632cd0b4-36cb-452a-ac62-c797b12103b3,район Лефортово,55.7581785,37.69767047271003,1957.0,150,295,234.0,0.7932203389830509
633dd2b7-fd5d-473f-b1e8-aca1218ec8cb,Красносельский район,55.7824048,37.6646729,1987.0,669,307,50.0,0.16286644951140064
6358fd1f-2454-4cfb-8f49-6614811def4e,Тверской район,55.772370050000006,37.588647199509396,1906.0,46,22,8.0,0.36363636363636365
635be13e-9353-459f-b639-1ab130d451a6,район Южное Бутово,55.53595165,37.5212522,2001.0,57,20,1.0,0.05
636a910b-11e8-4cf6-8cc6-7fbbc4bca89f,район Соколиная Гора,55.764093599999995,37.73728928455892,1973.0,214,112,1.0,0.008928571428571428
636f2f4f-3d65-4293-b774-8872488696da,Тимирязевский район,55.8140844,37.56405,1968.0,495,214,16.0,0.07476635514018691
63748eaa-0839-40d0-9273-43d8eabaf161,Хорошёвский район,55.774303399999994,37.54654126457244,2008.0,351,294,159.0,0.5408163265306123
637edc53-5d05-4e81-8f19-cefa9355d068,район Южное Тушино,55.8397656,37.4392475275325,2008.0,413,270,97.0,0.3592592592592593
6380aee2-d053-47fe-a42c-531d15404775,Академический район,55.68885,37.58098119490809,2012.0,314,135,26.0,0.1925925925925926
63846b0f-e68c-4d88-8bb3-27b885c78db7,район Ховрино,55.8574917,37.50246981820084,2001.0,461,283,89.0,0.31448763250883394
6387bb3a-b9d1-46f8-af22-e0df7773387f,район Сокол,55.8005729,37.504196436547616,1951.0,150,68,17.0,0.25
638c0efd-2d6f-4bd1-a8ce-0f9a72ceb419,район Хорошёво-Мнёвники,55.78263545,37.48451527003744,2005.0,325,189,51.0,0.2698412698412698
638c4b0c-2a4c-418f-8213-5ea1fdaba000,район Некрасовка,55.707015150000004,37.93691579290224,2014.0,558,260,11.0,0.04230769230769231
63901e1e-4fc6-4cdb-9d55-525cd920fc16,район Ивановское,55.76952985,37.83017913342774,1985.0,196,104,7.0,0.0673076923076923
63922a48-89fd-49ef-a364-48080db84032,поселение Филимонковское,55.99905405,37.19996741591696,2013.0,26,17,6.0,0.35294117647058826
6399255f-b584-45a6-824f-db819b01c872,Гагаринский район,55.6899359,37.55430135,2013.0,42,41,27.0,0.6585365853658537
639d05bd-a0ed-4bef-b6e2-d4d9972192c9,район Царицыно,55.636656599999995,37.654602710876475,1967.0,158,80,4.0,0.05
63a49238-83cb-49d2-9027-8ab0ba474e71,Пресненский район,55.764234349999995,37.559114677217295,1977.0,230,106,16.0,0.1509433962264151
63abdbf6-0e97-4f88-906a-5e1c0038b790,Бутырский район,55.82125255,37.585828432531805,2016.0,510,296,28.0,0.0945945945945946
63b256b7-a28c-4b50-bbad-a5d8e0726ac3,район Свиблово,55.8586205,37.63522009145312,2006.0,404,191,49.0,0.25654450261780104
63b4d467-b06f-4560-bc01-d0f09e7ddc2c,Алексеевский район,55.8087228,37.64293585642857,1966.0,135,96,29.0,0.3020833333333333
63b53506-4568-4114-a4c9-e5ff1c87b032,поселение Московский,55.60361905,37.363685046425985,2015.0,134,196,140.0,0.7142857142857143
63b613e5-8493-45b7-b1c7-0258042331db,Донской район,55.69379055,37.60816218717167,2000.0,258,123,29.0,0.23577235772357724
63b782f1-8683-495c-9293-d46b0867cd3a,Рязанский район,55.728186550000004,37.7639881667055,1965.0,120,68,7.0,0.10294117647058823
63c668de-c0b3-4490-8dd4-21c8cd46efd2,район Гольяново,55.81419485,37.80223386145518,1964.0,182,120,32.0,0.26666666666666666
63de1bd7-24ce-45c8-869d-a65529923764,поселение Московский,55.59900275,37.35863414943782,2016.0,221,320,218.0,0.68125
63e77353-7029-412e-906e-06f15b114333,район Выхино-Жулебино,55.71436885,37.80113335,2002.0,194,102,19.0,0.18627450980392157
63fb6060-8fc5-4e8d-99be-9df6fec1e359,район Текстильщики,55.71552025,37.734070151188746,1974.0,270,144,27.0,0.1875
640002ce-db10-48be-aacb-d83a7ee09f1d,Пресненский район,55.7644069,37.548531740502554,0.0,205,107,18.0,0.16822429906542055
640b2c08-e393-46ae-b06f-07045b42ad18,поселение Внуковское,55.6571189,37.3384155156748,1957.0,14,8,3.0,0.375
640e9aef-4d17-485d-bb6d-c5e60d59c925,район Левобережный,55.86201215,37.475533101543434,2009.0,370,171,27.0,0.15789473684210525
641bfc9f-9377-4e1a-a8d9-d590901456f2,район Филёвский Парк,55.7645033,37.48004221210002,1982.0,1056,570,31.0,0.054385964912280704
642708ef-a6c3-4f0e-b6d9-5cd9f90a46ea,район Кунцево,55.7369017,37.422751650204205,1967.0,147,84,22.0,0.2619047619047619
64276c51-aff7-47d3-92d1-05247e2fc1c8,Даниловский район,55.7077983,37.612931655274146,1963.0,87,67,26.0,0.3880597014925373
6436e214-6ed5-4267-a656-498944470312,район Левобережный,55.8601357,37.481392232232764,2014.0,405,235,44.0,0.18723404255319148
643b4e1f-a1a1-4c31-a92e-fea906e4127c,Таганский район,55.74741865,37.653568556278614,1903.0,93,46,7.0,0.15217391304347827
643fa116-8fbe-4dea-a296-57a71d5e62af,район Чертаново Северное,55.6340573,37.60651828279829,1969.0,628,249,2.0,0.008032128514056224
6455dedd-b988-4ee1-a80d-da5f3fa78ea4,Басманный район,55.77189235,37.68579814151937,1974.0,127,69,10.0,0.14492753623188406
64612098-07ba-4cfb-bc0e-009be6479028,район Новогиреево,55.7488096,37.8026407,1958.0,120,53,4.0,0.07547169811320754
646f7253-e55e-4369-add4-1c792406de00,Войковский район,55.8227089,37.509705144647356,2000.0,202,81,14.0,0.1728395061728395
6479d96f-88e0-4400-a6f4-5516efc734d0,Бутырский район,55.82059925,37.58350858868751,2000.0,493,240,40.0,0.16666666666666666
648959f3-2b63-451e-be26-0eb4e3ca1938,район Северное Медведково,55.892689649999994,37.64769419229493,1969.0,304,177,42.0,0.23728813559322035
649837ac-9d67-40e7-a4f3-a64b388ccdfe,район Дорогомилово,55.7420534,37.551849216664394,1961.0,72,40,6.0,0.15
64a95b65-596e-45de-974a-3ae41e270607,поселение Московский,55.5882079,37.3713941,2010.0,181,92,33.0,0.358695652173913
64aba13d-029e-4d45-855b-0df927b1d55c,район Косино-Ухтомский,55.7173823,37.88874297549319,2005.0,514,210,4.5,0.01904761904761905
64ac288d-d4cc-4df0-b54b-eb343023b108,Бабушкинский район,55.86822335,37.6617128493218,1969.0,230,171,39.0,0.22807017543859648
64c02a67-5b2f-424c-a7be-2dae8d892ada,Басманный район,55.76431245,37.63854666394087,1917.0,55,25,5.0,0.2
64d887c0-cac1-40c5-abfc-e45475a5ac1a,Таганский район,55.74291445,37.683061629059544,1978.0,240,111,8.0,0.07207207207207207
64dbc5fa-cbd2-49a7-b88d-cf91a92da64f,район Свиблово,55.85786830000001,37.644758532644914,2006.0,390,208,54.0,0.25961538461538464
64dfcac9-5fab-4720-b2ef-0b97433259e2,район Хорошёво-Мнёвники,55.7796064,37.45678472230823,2000.0,297,135,13.0,0.0962962962962963
64e42102-6597-49a2-b666-2673c84a5a44,район Хорошёво-Мнёвники,55.77746355,37.490266317528736,1968.0,197,108,15.5,0.14814814814814814
64e936cd-a12b-4668-aa1a-b0046c4dd25a,район Марьино,55.649874249999996,37.76314649036087,1996.0,689,342,13.0,0.038011695906432746
64e94a63-2e66-4146-bb27-41fd98c73b8d,район Кузьминки,55.71127355,37.77235637044491,1965.0,103,68,11.0,0.16176470588235295
64e9d255-9cf8-4a03-9b81-61911bbd8661,район Вешняки,55.732289,37.82554263581794,2000.0,523,259,40.0,0.15444015444015444
64ed6f12-95ee-40b3-9372-3cf218511b7b,Тимирязевский район,55.8117369,37.558130670672,1968.0,121,63,13.0,0.20634920634920634
6500a298-c28f-4b67-84ab-ca0827ac75d8,район Измайлово,55.7903724,37.783647023982375,1965.0,186,85,1.0,0.011764705882352941
6503c273-4f19-4367-bc3d-f1ea0ee7834f,район Северное Медведково,55.889204449999994,37.65993302801067,2002.0,703,353,41.0,0.11614730878186968
6503cde2-7341-409b-8db3-33f6d955785d,район Зюзино,55.6620477,37.58834177309859,1966.0,136,84,28.0,0.3333333333333333
65088ff2-5fcf-47d3-95d9-8d3d700eb263,Войковский район,55.8157737,37.49278179917476,1951.0,71,43,14.0,0.32558139534883723
651770fc-de09-4d83-81ec-15920eac5f72,Обручевский район,55.6638966,37.52376566919452,1978.0,221,125,5.0,0.04
6520f687-49e6-4b58-8b5c-1ee9ebe330d6,Академический район,55.69459635,37.582780524597354,1964.0,377,176,3.0,0.017045454545454544
653c940a-8344-4468-992c-aa9828f9a493,район Северное Измайлово,55.8121939,37.8281611236995,1966.0,153,92,8.0,0.08695652173913043
6544a5ed-07c4-484e-8af8-f8b60bdfe1dd,район Северный,55.934849299999996,37.554336899999996,1995.0,707,428,86.0,0.20093457943925233
654e1d24-ef30-43b1-813b-f4ee9dfe6f86,Алексеевский район,55.82056155,37.66176165,1962.0,112,64,2.0,0.03125
6557f5ad-86d1-4414-9824-d825e2d228ce,Рязанский район,55.71210835,37.7916430472866,1988.0,251,111,6.0,0.05405405405405406
6558fd85-1d3f-4998-8045-bb855cb17de3,район Строгино,55.7995442,37.4074359,1995.0,545,292,70.0,0.23972602739726026
656b2608-e965-4223-9e23-18a187a8068d,район Щукино,55.80365045,37.46985110303598,1971.0,459,215,7.0,0.03255813953488372
65763f7d-3e07-4829-8044-efbf6e4a29bc,район Гольяново,55.81985425,37.819907824661115,1968.0,161,84,5.0,0.05952380952380952
6576ce9f-b048-4b13-a654-71955f9fa296,район Коптево,55.834292500000004,37.531038200000005,1972.0,129,72,7.0,0.09722222222222222
6584efe4-a3a4-4187-ad71-592bd69f9c1c,район Ростокино,55.8308405,37.661414616823194,1970.0,212,98,8.0,0.08163265306122448
6590715a-48a3-48b1-b2eb-9d23840de966,Нижегородский район,55.731512800000004,37.75468760541811,1956.0,97,43,6.0,0.13953488372093023
65951add-890f-4fed-8944-01ee3942fc1e,район Нагатино-Садовники,55.678726350000005,37.65292162711758,2004.0,654,310,33.0,0.1064516129032258
659c3399-6713-44f3-9688-2c9c1e2c3077,Алексеевский район,55.8129677,37.638804496475416,1958.0,598,289,16.0,0.05536332179930796
65a42cb1-bc8e-4045-a141-8d6e87e62e2f,Донской район,55.7107851,37.58488425730383,1946.0,610,244,18.0,0.07377049180327869
65ad97f3-b9b6-4295-8a2f-ada4dde820e2,район Аэропорт,55.80650125,37.53300003309012,1958.0,139,66,7.0,0.10606060606060606
65b8103b-986d-441d-ba98-c885c9a93c56,Донской район,55.71249465,37.59679088126164,1965.0,470,216,11.0,0.05092592592592592
65bf023b-5d86-4175-b56b-688fb4e4c03c,Алексеевский район,55.8190206,37.650685249999995,1970.0,132,96,23.0,0.23958333333333334
65c620a1-3016-4dc9-84ea-1b795d360c56,район Чертаново Северное,55.6302552,37.5932449,1973.0,161,99,12.0,0.12121212121212122
65cac9a7-c0d1-4655-a895-aea1a16bbea6,район Котловка,55.68293745,37.60292754407821,2003.0,355,192,46.0,0.23958333333333334
65dcf49e-178e-4860-a1a4-2390b93b63ff,район Зюзино,55.65259415,37.603305750000004,1966.0,157,84,9.0,0.10714285714285714
65de1233-1b3c-42f0-a2cc-a605c950010c,Пресненский район,55.7609584,37.54374320305134,1953.0,112,63,12.0,0.19047619047619047
65f6bcf4-2e1c-4041-96b2-1becb7b92e0b,район Сокол,55.793554549999996,37.51348553321586,1954.0,114,51,11.0,0.21568627450980393
660152ff-22cb-4235-833f-5bf04e804e7c,район Южное Тушино,55.8488404,37.428948112557954,1968.0,140,80,20.0,0.25
6603f345-33d1-4236-8ecf-c8f3e20d7e14,район Хамовники,55.74687815,37.58976655716879,1964.0,38,22,8.0,0.36363636363636365
6614f437-743a-4c66-9f1d-484c5d0c4665,Тимирязевский район,55.8215165,37.56106817755149,1964.0,195,108,16.0,0.14814814814814814
66248ec2-14e4-4488-8274-434a25d22555,Мещанский район,55.78263105,37.63850556123508,1928.0,79,40,7.0,0.175
6627c0b8-d0a6-4e5e-b13c-0cd7fa213958,Даниловский район,55.7093206,37.6610213,1955.0,1033,374,12.0,0.03208556149732621
662dc361-4aad-49af-baf1-07bb112603ce,район Западное Дегунино,55.8672145,37.5278962,2006.0,239,103,2.0,0.019417475728155338
66336a77-d24b-416f-b8db-a0de9b1f386a,район Зюзино,55.65974675,37.593429522559376,2011.0,414,255,69.0,0.27058823529411763
663c958b-6d52-485e-87b9-b42ff607c93e,район Черёмушки,55.67249575,37.57021190536862,2002.0,1527,771,149.0,0.1932555123216602
664da83c-53c0-476e-8ace-63b224deaa37,район Чертаново Центральное,55.60629659999999,37.581615095044825,1977.0,271,126,5.0,0.03968253968253968
664e2649-779f-4702-ae3a-9df3d32642e7,поселение Московский,55.8584185,37.6560008,2010.0,178,94,36.0,0.3829787234042553
6650d8dc-6658-41f7-ac39-fe9dcaaecb8e,Войковский район,55.8229746,37.4939218,1940.0,590,210,4.0,0.01904761904761905
6654602b-994d-4055-965d-9d6d11942784,район Северное Тушино,55.86030745,37.44084035,1967.0,514,225,4.0,0.017777777777777778
66695416-bdc6-49a9-aa73-a1290e1f04a6,Головинский район,55.85127165,37.517294043018175,1967.0,143,80,10.0,0.125
666d5983-3e31-4a0b-8ea6-9f107e7beb6e,район Зюзино,55.65520265,37.570860283011626,1964.0,145,72,7.0,0.09722222222222222
66725f65-120c-4e36-b72c-f21c9efebe42,район Восточное Дегунино,55.8725998,37.561703449999996,2008.0,152,80,7.0,0.0875
66773632-cff7-4bee-bdfc-3ee9d9ffc3bb,Тверской район,55.7817912,37.611934033636615,1987.0,449,231,56.0,0.24242424242424243
667a5c53-32ec-4516-8bf2-b406b9accb8e,район Богородское,55.8143717,37.712112842571926,1987.0,121,56,3.0,0.05357142857142857
667bf737-6bc0-4607-a9e9-6cf7b62351cb,район Аэропорт,55.805262049999996,37.51642077009662,1959.0,675,285,28.0,0.09824561403508772
6683fdf7-22cf-4a35-a5f2-3c803081eaa2,район Гольяново,55.813665099999994,37.828011443738916,2001.0,242,138,25.0,0.18115942028985507
66916dc7-6014-4848-a101-29b7f695fef1,район Измайлово,55.7936713,37.77246643152786,2014.0,282,197,81.0,0.41116751269035534
66985800-3b90-437b-8583-05e0fe3ccab2,городской округ Троицк,55.4961797,37.3247123,2012.0,11,6,3.0,0.5
669d5b0a-1cba-48c0-b6a8-81f5678854ef,район Измайлово,55.801244249999996,37.78436267473638,1960.0,72,40,10.0,0.25
66a04222-6575-47ca-8fba-1225f5114516,Тверской район,55.776726999999994,37.60604389232397,1986.0,1011,436,60.0,0.13761467889908258
66a1ecae-6e40-4cd3-8616-0c72b83dc819,район Замоскворечье,55.733072050000004,37.635189724898964,1961.0,108,71,11.0,0.15492957746478872
66b1dec2-7abe-46b2-8d93-96b0344d75d4,район Кунцево,55.74060475,37.40191073941922,1962.0,191,80,1.0,0.0125
66be60c9-e5c5-44fc-851a-dd85f84de908,район Печатники,55.68926725,37.72643087444827,1969.0,160,80,12.0,0.15
66d068a5-eeab-4ac3-b201-cd6fc4ad4fd1,Головинский район,55.85168055,37.52100706249324,2000.0,235,111,18.0,0.16216216216216217
66da3e38-7527-4686-81b4-be0c5fcc5906,Савёловский район,55.8008922,37.56835525995959,1956.0,108,60,12.0,0.2
66dd3aba-084d-45d7-ab1a-e1883030713e,поселение Сосенское,55.5754412,37.471656734491155,2014.0,264,298,178.0,0.5973154362416108
66f01f91-1aa1-4046-8d8d-5077836421c0,Тимирязевский район,55.8207187,37.562656617041796,1967.0,156,80,10.0,0.125
66fbd510-14ba-41df-927e-644c71dee186,Басманный район,55.7717667,37.67587238682305,1973.0,129,79,12.0,0.1518987341772152
670154b1-a3e5-46ea-97a1-848a1608bb83,Рязанский район,55.7148675,37.75661354000371,2006.0,560,264,37.0,0.14015151515151514
6707b15a-2814-4059-a6a9-a928fdbb2747,городской округ Троицк,55.785949599999995,37.61191843561693,2001.0,255,129,25.0,0.1937984496124031
670b9af8-95f4-483d-a46a-cfccf6c7a5ff,район Ховрино,55.8590756,37.50559790504108,1976.0,195,112,34.0,0.30357142857142855
670fc098-305e-4f4f-964c-e1f5a7e45b69,район Арбат,55.754338849999996,37.59565530220888,1917.0,20,9,1.0,0.1111111111111111
67115ef8-d90d-4706-ad21-bcea5976ecd1,Останкинский район,55.801410450000006,37.63464046048878,1956.0,770,304,23.0,0.0756578947368421
671ee8d1-3021-4d2e-90f3-daec102adb4c,Южнопортовый район,55.72676145,37.668402169387235,1927.0,128,66,6.0,0.09090909090909091
671f8837-6c75-4f31-9913-c3d77d019b66,Нижегородский район,55.7326931,37.71698463935704,1962.0,128,71,8.0,0.11267605633802817
6731adc4-afd6-46b6-9d1b-9c75b44f1653,Войковский район,55.835152449999995,37.485895356270596,1960.0,556,286,2.0,0.006993006993006993
673426f2-c35e-4c3a-b962-b105fbbc7e1b,район Марьино,55.662597500000004,37.74519249212632,2001.0,293,142,18.0,0.1267605633802817
6747f517-a0d1-453f-9331-aabaaf76a778,Нагорный район,55.6516659,37.611040285133,2003.0,630,388,137.0,0.35309278350515466
67500ac9-eb96-4d33-9b74-a41de37210bb,район Ростокино,55.840023599999995,37.6602589,1965.0,160,96,23.0,0.23958333333333334
675fd07a-dbda-4b69-8a29-3c8b4574b6fe,район Северное Медведково,55.8919162,37.660986056926625,2004.0,402,208,50.0,0.2403846153846154
676609e5-d73e-4c0b-b4fb-d88778ec1808,район Новогиреево,55.7543888,37.81159435,1970.0,115,84,38.0,0.4523809523809524
677303b2-b7c8-4c2c-9082-f1045c049d60,Нижегородский район,55.73298645,37.717110250000005,1963.0,124,71,10.0,0.14084507042253522
6779677c-aa0e-435a-97f8-e39e16a2fd04,район Хорошёво-Мнёвники,55.7857898,37.46786740848215,1963.0,117,72,8.0,0.1111111111111111
6779e0ca-7e27-4a19-910f-b7ff0930d842,Мещанский район,55.76479295,37.62098876019151,1914.0,50,23,5.0,0.21739130434782608
677a9f92-d4dd-45a9-94cc-22b8b7e7f726,Басманный район,55.7646213,37.66495093295851,1972.0,143,96,10.0,0.10416666666666667
678da833-d6e1-4681-b226-b8dc357074c2,район Хамовники,55.743101249999995,37.59174794550356,1914.0,32,12,2.0,0.16666666666666666
67a9330e-0fd2-4fb1-90a4-cb14131d0283,Донской район,55.69571485,37.613826949999996,1972.0,214,99,10.0,0.10101010101010101
67b19f48-0a83-49e0-8676-e7ae5c1b1ebf,район Кузьминки,55.70290405,37.77189780897623,2005.0,595,282,14.0,0.04964539007092199
67b1bfe3-a28b-4c06-88d9-9abf6798b0da,Гагаринский район,55.5416914,37.2041884,1954.0,138,65,12.0,0.18461538461538463
67c66c1d-81c5-4925-969a-ecb96cd37fe6,район Тропарёво-Никулино,55.6694958,37.47383244263658,2004.0,617,286,37.5,0.13286713286713286
67d5c07d-0b2c-474a-a4f5-50e066330975,городской округ Троицк,55.7753039,37.62149458225804,2014.0,194,115,27.0,0.23478260869565218
67d77d1a-de4f-4429-a587-b4c0ecca660e,Хорошёвский район,55.7819935,37.533730377127675,2006.0,249,125,35.0,0.28
67dc927c-8b69-4c3a-a70c-e426d0e74657,поселение Сосенское,55.54719265,37.49684902005558,2015.0,152,96,26.0,0.2708333333333333
67df57b4-4238-4ead-bb3c-de2aba358799,район Сокол,55.8051773,37.50813071199454,1962.0,327,173,34.0,0.19653179190751446
67ea235c-e7a3-47a4-83dc-710bcad5b639,Таганский район,55.73875205,37.648748698159366,1964.0,100,87,31.0,0.3563218390804598
67eb26a0-d522-42e4-8f99-dece8c387a99,район Хамовники,55.726068049999995,37.582955395643296,1963.0,90,72,29.0,0.4027777777777778
67fbfed6-e162-4431-b5d6-dbd8f279cd70,поселение Московский,55.54400565,37.32723558261297,2010.0,344,186,57.0,0.3064516129032258
68065a74-28bf-4116-bd47-aaddb4f547ac,район Новогиреево,55.74832655,37.811785900000004,1968.0,158,96,13.0,0.13541666666666666
680c374a-787f-477d-9362-423670d83570,Бабушкинский район,55.86432805,37.66777529909834,1968.0,158,84,17.0,0.20238095238095238
680f5dfb-6ae1-4095-907c-9e34ed293090,район Черёмушки,55.6673861,37.5527771,1983.0,676,260,14.0,0.05384615384615385
6811e334-18d2-4936-afdf-9805815c3933,район Аэропорт,55.804522500000004,37.54080652527141,1960.0,220,110,8.0,0.07272727272727272
6812c4a4-d6f3-421b-aff9-6f712f9b823b,район Зюзино,55.656042549999995,37.604684873942055,1999.0,323,132,4.0,0.030303030303030304
68164a36-ec7b-4046-90b3-904c9fc1dac1,Алексеевский район,55.82308045,37.661696137102695,1977.0,176,90,10.0,0.1111111111111111
6816c9b3-97e1-49fe-a9f1-11120e9986cc,район Проспект Вернадского,55.669817800000004,37.49975378690476,1964.0,98,72,25.0,0.3472222222222222
68176bfa-0456-43a0-a6ff-691004cf8b36,район Северное Тушино,55.8519284,37.434747523953874,2007.0,294,128,12.0,0.09375
681c4980-bfb8-43a4-b5e1-217944089e0f,Хорошёвский район,55.785064199999994,37.512692865000005,1955.0,76,35,9.0,0.2571428571428571
681d46cf-38ee-4c85-a85b-65a9c294a11b,район Проспект Вернадского,55.6820828,37.4960190126612,1980.0,218,95,14.0,0.14736842105263157
682006b9-1669-433f-80d1-95908ac3bb5d,Донской район,55.7168731,37.607788292555554,1972.0,113,64,15.0,0.234375
68245524-2e47-45a3-9054-8253d8414884,Академический район,55.682641950000004,37.576305492061394,1997.0,300,128,13.0,0.1015625
684016ee-bfb8-4fb2-a658-633134056a7a,район Измайлово,55.7915718,37.7968006,1969.0,169,98,10.0,0.10204081632653061
68402147-4fe6-4d15-93ed-70be09be92a7,район Беговой,55.7818719,37.56512573736521,1988.0,126,57,4.0,0.07017543859649122
6840bc3b-1d10-4dcd-a926-f473f1177d99,район Хамовники,55.733594249999996,37.58617013340674,1958.0,174,66,1.0,0.015151515151515152
6841201f-a7f0-49d5-a9f8-f2751c5cf397,Тимирязевский район,55.84195375,37.56661966199076,1966.0,109,72,24.0,0.3333333333333333
68493197-d319-49bb-8702-8a47bdf38bd5,район Ховрино,55.8594704,37.505419450000005,1977.0,313,144,12.0,0.08333333333333333
6849688a-ebcd-413b-983e-02188f2c7ed8,район Свиблово,55.8550177,37.64977865608369,2005.0,451,192,8.0,0.041666666666666664
684a3cf1-a4d4-4487-990a-458ba4ca482b,Академический район,55.690564949999995,37.5777356659222,1957.0,120,61,2.0,0.03278688524590164
684be907-1c31-4aaf-b8eb-aff67d838ba5,район Хорошёво-Мнёвники,55.7875353,37.47409216081152,2001.0,1029,496,66.0,0.13306451612903225
68537b32-9139-4c0e-b1f8-75fe124c2022,район Сокол,55.8042947,37.495910514682805,1956.0,314,124,6.0,0.04838709677419355
6863a8a5-493f-449c-a91b-d417a56c81b1,район Сокол,55.79860385,37.509828666710874,1966.0,100,72,29.0,0.4027777777777778
6868068c-bee0-411a-84f6-a86df4db1844,район Зюзино,55.66161605,37.609215649999996,1981.0,599,256,8.0,0.03125
6868e08d-087a-4f19-8452-9a829b56be0b,район Преображенское,55.7941299,37.72393212141714,1966.0,180,110,4.0,0.03636363636363636
686c9e0d-f91d-4171-9d1c-7aac69ad29a7,район Сокольники,55.7906844,37.6680299,1976.0,104,45,3.0,0.06666666666666667
686d5886-4995-4645-9493-f225a639960e,Таганский район,55.7488613,37.64948238461225,1966.0,124,79,20.0,0.25316455696202533
686dbb0e-6a0f-4f5a-b1c7-a1e6ead19bf3,Обручевский район,55.6638879,37.519396400000005,1964.0,117,72,14.0,0.19444444444444445
687e45be-b721-4631-a73a-4bda84e63567,Нагорный район,55.6564665,37.61454315127479,1980.0,362,190,30.0,0.15789473684210525
687f1bf1-f5c8-4dbd-89ca-b7cabbb4af05,район Выхино-Жулебино,55.7098302,37.81953658043478,1970.0,232,280,151.0,0.5392857142857143
688181c6-ca73-4518-9727-0e7d7deea04d,район Тропарёво-Никулино,55.6607271,37.48289688749618,1968.0,290,176,57.0,0.32386363636363635
6882bfb0-d39a-4c0d-bf39-e7afed6fb868,район Метрогородок,55.82423005,37.75653512186075,1964.0,126,72,7.0,0.09722222222222222
688625e7-3103-431c-8337-ac7ccb007855,район Хамовники,55.72990595,37.557437712967484,1961.0,202,110,24.0,0.21818181818181817
68864d31-4366-4e03-94a7-69c0ecebf078,Можайский район,55.71672905,37.44645654952251,1990.0,176,85,6.0,0.07058823529411765
688faf84-6af2-42c5-b248-1e7a833ffe41,район Перово,55.7622997,37.78086577367658,1968.0,316,177,28.0,0.15819209039548024
688fe5d9-85ca-4d74-9b61-48a3a4b07975,Дмитровский район,55.88256115,37.529107047412666,1967.0,168,84,9.0,0.10714285714285714
6894f290-1e22-4f87-b4ae-1b2b06e3ca97,район Ховрино,55.859363200000004,37.49322246396801,2006.0,154,76,8.0,0.10526315789473684
689bc982-cf71-46df-843c-82f92f4938aa,район Филёвский Парк,55.74729365,37.51583470000001,1961.0,175,78,4.0,0.05128205128205128
689c9d38-fd12-4ed5-8c4d-645f9d3ed9c8,район Северное Медведково,55.8890741,37.65559170066611,2000.0,293,132,9.0,0.06818181818181818
68a29624-c8d8-47ee-ab5a-4efb316549ad,район Арбат,55.7495399,37.58022059130833,1913.0,115,66,18.0,0.2727272727272727
68a2c354-35e4-4503-8879-555fdf4ce262,район Чертаново Южное,55.603712200000004,37.58280167540883,1978.0,356,190,9.0,0.04736842105263158
68a363eb-fc37-4b6a-98d3-62dc978ac611,район Бирюлёво Западное,55.580060599999996,37.642871008649294,1974.0,225,191,90.0,0.4712041884816754
68a3a4ff-8ea4-482a-ae8e-8625d6fe9f74,район Ховрино,55.85428775,37.499056891856924,1998.0,372,171,1.0,0.005847953216374269
68ac33e3-8977-4d72-aa14-40f62b3c0316,район Свиблово,55.853409549999995,37.641182160658914,1963.0,132,72,5.0,0.06944444444444445
68b35bf2-5529-4c26-86b1-04d0a12724b5,Академический район,55.68896115,37.58765,1960.0,150,80,14.0,0.175
68b3a8e5-a1ae-46a1-95d6-0bb14e6cf989,Басманный район,55.77142515,37.668416089327785,1963.0,123,64,3.0,0.046875
68bc49e1-e951-48bb-ba4e-9b01abd440f0,район Бибирево,55.896291149999996,37.62080879794807,1979.0,236,126,23.0,0.18253968253968253
68bf7bd6-438b-4a18-9832-88dba83d5243,район Тропарёво-Никулино,55.6587483,37.497688544096206,1972.0,159,79,3.0,0.0379746835443038
68c5fe80-7d04-4994-971e-4072899b60b0,Нагорный район,55.64581185,37.6160718549064,2009.0,217,128,22.0,0.171875
68d7ea4d-4833-4bd6-958c-b4af908086bb,Хорошёвский район,55.797653100000005,37.5320015262221,1965.0,91,64,22.0,0.34375
68e387cb-5dbf-4ff8-a367-43ad4847ae41,район Марьино,55.66117345,37.77348895309154,2002.0,314,183,38.0,0.20765027322404372
68e62f76-6eac-468a-9837-a7a91f59c456,район Зюзино,55.6543202,37.603689200091075,1968.0,126,72,16.0,0.2222222222222222
68e9e68a-dab8-423a-8cda-c0258ded05c0,район Сокол,55.79267955,37.51224643624185,1950.0,105,49,12.0,0.24489795918367346
68f49cbf-46a1-44b6-8e8c-3486dd471734,городской округ Троицк,55.98164075,37.20282211113201,1976.0,323,143,2.0,0.013986013986013986
69030cd3-167a-4cde-9fc8-cd88dbddf0a6,городской округ Щербинка,55.51338165,37.52962962981105,1952.0,30,11,2.0,0.18181818181818182
69085032-6fe8-421a-85a3-f25240a7e8e0,район Аэропорт,55.8003497,37.5359444,1938.0,378,145,23.0,0.15862068965517243
690e0a5b-eca1-4276-8761-3961080e96f1,район Левобережный,55.86252365,37.477798228088034,1963.0,114,72,20.0,0.2777777777777778
691fd5d2-6005-453b-a9d9-91498a946ea4,Таганский район,55.74297605,37.65996615890242,1914.0,39,17,4.0,0.23529411764705882
6927ba5c-2a3a-4b56-b5d6-efe6d0b922a4,Басманный район,55.75905435,37.65045013217714,2008.0,61,39,17.0,0.4358974358974359
69363a1b-3e7e-4dde-8b35-178706f8e5c2,Обручевский район,55.663455799999994,37.5179713712637,2007.0,570,270,21.0,0.07777777777777778
693e2783-e867-44fe-a4e2-cfc91f995866,район Ново-Переделкино,55.63993535,37.34528373790944,1990.0,329,166,31.0,0.18674698795180722
6943415e-4d9a-4f83-af6e-522adf17db6c,Рязанский район,55.71243335,37.78769769949558,1970.0,179,98,10.0,0.10204081632653061
694c075d-f751-4ccd-ac8c-72f2c16dc03f,район Строгино,55.80997325,37.39950607506407,1981.0,393,191,19.0,0.09947643979057591
6955b1c8-bfdc-4b09-ab58-6c1e1c3a6aa2,район Марьино,55.6589474,37.7481453,2001.0,415,217,39.0,0.17972350230414746
695bffe4-fc66-4e69-a201-13fa54fe534b,Алексеевский район,55.82380445,37.653870265139886,1968.0,159,106,29.0,0.27358490566037735
69677c8c-37ae-4a56-8a12-20571ce3c8ed,Тверской район,55.7689132,37.618060734983146,1966.0,82,71,29.0,0.4084507042253521
696bace6-9b8b-4b1f-8064-5425bf70bfa3,Басманный район,55.76444185,37.650290868680685,1967.0,134,80,20.0,0.25
696cb5d4-3a13-45b8-a9f1-77f65302e6e7,район Западное Дегунино,55.8774363,37.50700455108063,2014.0,400,192,23.0,0.11979166666666667
697a937e-4634-48fe-929e-9723c8c872ce,район Зюзино,55.6522074,37.5680436,1970.0,181,93,15.0,0.16129032258064516
6984ac1b-05e7-4770-883b-1978a2956d57,Ярославский район,55.865503950000004,37.694210136223774,1972.0,743,285,20.0,0.07017543859649122
698701db-8aad-44be-a316-26e7c5f7e625,Войковский район,55.827689649999996,37.495300814749264,1968.0,145,84,14.0,0.16666666666666666
6989f2f7-b516-4690-a982-a53144caa7e9,городской округ Троицк,55.523557600000004,37.50532079999999,2009.0,195,133,41.0,0.3082706766917293
698bfc61-9312-422d-bef8-a5b031a27ba3,район Текстильщики,55.69950969999999,37.74483357271187,1979.0,185,96,7.0,0.07291666666666667
699c87a0-db06-4a11-b3bb-b6fe0e8aadb7,Тверской район,55.7726673,37.60180350687443,1941.0,118,46,10.0,0.21739130434782608
69a19c07-0d16-47ed-967f-1a50fd3c12ab,район Сокол,55.797592050000006,37.50521789646001,1971.0,824,426,118.0,0.27699530516431925
69d5f445-8d1f-47ab-82c1-ed3e59573bdc,Тверской район,55.769435,37.6160235,1927.0,53,20,1.0,0.05
69da77f3-b548-4f54-9317-11f9c5612252,Хорошёвский район,55.77327995,37.54016116527089,2002.0,405,250,93.0,0.372
69e1522a-c23e-48f8-bdb6-6f9d12ef1b51,район Раменки,55.7175274,37.5114455,2000.0,324,499,382.0,0.7655310621242485
69e72a55-2642-4650-a4a5-5460c27f42f0,район Внуково,55.6146375,37.30452501233967,1972.0,144,85,10.0,0.11764705882352941
69eea41f-3cdc-442f-8ad1-6e5913b875dd,поселение Кокошкино,55.64897515,37.32924536356456,2015.0,485,363,118.0,0.325068870523416
69f11583-b53c-4636-a913-a0979f296f6d,Головинский район,55.850223,37.51855864166616,2002.0,294,134,24.0,0.1791044776119403
69f32ac6-5843-45af-8f99-8e1bfd8293b7,район Ховрино,55.87150915,37.49641275537511,2004.0,148,68,7.0,0.10294117647058823
6a015007-1bf6-4baf-9661-3363c0f22d78,район Соколиная Гора,55.78285245,37.72801235519623,1966.0,189,126,23.0,0.18253968253968253
6a02527c-3af7-4564-816e-d820d22a649a,Головинский район,55.8456008,37.48609249429285,1967.0,166,80,7.0,0.0875
6a0d2c91-c487-4c3d-82e6-bfabf37bc589,район Ясенево,55.59156485,37.54365984240554,1977.0,1144,886,382.5,0.43115124153498874
6a1b314a-9b8c-47f0-b804-e0baddac3a6f,Бабушкинский район,55.86621855,37.67588048166111,1968.0,158,78,5.0,0.0641025641025641
6a2ce219-d274-41fa-bb81-b2a05cf3783b,район Замоскворечье,55.736616749999996,37.63000055055551,2000.0,19,8,1.0,0.125
6a330b9c-ffa4-4445-8c0e-64b4911a0cf0,Пресненский район,55.75605555,37.59375312011973,1957.0,61,27,3.0,0.1111111111111111
6a334784-6cf5-47ca-a123-eaa545e6c1fb,район Братеево,55.633908500000004,37.769647452151716,1997.0,959,480,71.0,0.14791666666666667
6a364795-e84b-47f9-84fd-732befba6375,поселение Московский,55.590140950000006,37.376043826770676,2009.0,181,126,54.0,0.42857142857142855
6a48baa7-cacc-490e-8731-5b88f5d609bc,район Северное Бутово,55.562040350000004,37.58242339940048,1995.0,176,508,439.0,0.8641732283464567
6a57cd67-4e58-4848-a1ac-2f746d6eb356,район Бибирево,55.894414600000005,37.61220894851493,1979.0,257,127,14.0,0.11023622047244094
6a5f12ec-e232-43c3-bcf3-2f755c20b837,Таганский район,55.75137805,37.66387201976926,2016.0,141,124,68.0,0.5483870967741935
6a6741c9-cc98-4f0d-a800-eb5e19187fc0,район Филёвский Парк,55.74572055,37.50679472310745,1972.0,137,91,21.0,0.23076923076923078
6a7dd9f0-e864-4654-86e8-32e77ca141ce,район Сокол,55.80013975,37.50017569307442,1951.0,136,62,15.0,0.24193548387096775
6a83bc05-134d-41c8-b348-93001d17f676,район Ивановское,55.7770926,37.82542935000002,1976.0,318,143,1.0,0.006993006993006993
6a8a02db-2830-4593-aa38-52b43cb9b0cd,Савёловский район,55.7962965,37.576945150354746,1962.0,272,133,7.0,0.05263157894736842
6aaeb78e-1afb-4e97-b44d-fd810e1225ec,район Ховрино,55.85847525,37.506328493938014,2009.0,380,192,10.5,0.052083333333333336
6ab98c5e-1811-4659-a0c9-1464a7665caf,Гагаринский район,55.5416914,37.2041884,1953.0,188,78,9.0,0.11538461538461539
6ac5c96a-3fa8-4aff-8340-879e99f44347,район Дорогомилово,55.7425366,37.551892328589204,1959.0,153,79,12.0,0.1518987341772152
6acd7c3b-db6a-413f-8bd8-bad40d5511bd,Тимирязевский район,55.81763385,37.56648294209509,1971.0,258,126,18.0,0.14285714285714285
6ae466e0-cb7c-4caa-b95b-004294cb6ffc,Хорошёвский район,55.8004512,37.523892052241656,1920.0,103,53,14.0,0.2641509433962264
6ae6f6c1-9b0c-47a8-9d43-aa1067bddba4,Тверской район,55.7788772,37.608629210740744,2013.0,116,85,46.0,0.5411764705882353
6af9183b-302e-4410-be3b-a797e936b8d4,Лосиноостровский район,55.8726268,37.68337799511103,1988.0,566,271,11.0,0.04059040590405904
6aff0c9f-1ef8-4965-ae3e-30f56e7d3fe2,район Марьино,55.6519464,37.77165325419955,2000.0,340,168,20.0,0.11904761904761904
6b088999-5556-4e2d-9393-97162b3b0b5c,район Замоскворечье,55.73644685,37.644999034361206,1959.0,494,243,49.0,0.20164609053497942
6b10a7d1-df96-470a-97ad-9d992d93165f,район Косино-Ухтомский,55.7240285,37.90753185,2007.0,799,368,16.0,0.043478260869565216
6b2a7ac2-a8b8-41f6-a1d8-0519831b4f44,район Тропарёво-Никулино,55.65778785,37.472536125228274,1999.0,400,189,21.0,0.1111111111111111
6b365e18-8009-4016-9482-bf5b79dda94e,Алексеевский район,55.81371915,37.64328960596469,1969.0,163,109,35.0,0.3211009174311927
6b43ff0d-87b1-4dfc-a61b-c8e79efcf128,район Соколиная Гора,55.7868388,37.7334539,1999.0,319,142,20.0,0.14084507042253522
6b60246b-1cb7-4ee2-bb45-7c966ccd068e,Академический район,55.6949456,37.570583037505656,1960.0,148,80,6.0,0.075
6b61043d-ecf8-4bd6-b64c-6103d34dab06,район Зюзино,55.66278915,37.58914249057093,1966.0,147,82,20.0,0.24390243902439024
6b6dad49-b1f3-4f30-b2ac-b55b6db5e702,Пресненский район,55.77311400000001,37.578767613121485,1963.0,180,112,36.0,0.32142857142857145
6b702c85-1c60-4514-958d-528214a89dac,район Лефортово,55.7732312,37.71091560744185,1961.0,106,68,22.0,0.3235294117647059
6b89fef0-5efa-4fb8-b893-73eff173b206,поселение Филимонковское,55.5516293,37.32738576383965,2013.0,37,18,2.0,0.1111111111111111
6b8ad671-3f30-4096-a230-b28503b740bb,Хорошёвский район,55.778053549999996,37.54482256772971,1968.0,136,84,27.0,0.32142857142857145
6b8f2e4d-a7ad-4335-b3e0-def1eebd18cd,Бутырский район,55.81794325,37.585494839814814,1968.0,164,84,4.0,0.047619047619047616
6b8f8827-28ff-40cf-aaad-9582bd5b6ded,поселение Сосенское,55.57651305,37.47490915791687,2015.0,103,135,94.0,0.6962962962962963
6b92590c-e971-4ff4-9fe3-6edeae709622,район Южное Тушино,55.841276750000006,37.463768,1965.0,192,80,1.0,0.0125
6ba3fb03-20dc-4720-9335-26820ec851ec,район Печатники,55.6887518,37.723893573529956,2001.0,173,79,11.0,0.13924050632911392
6ba4a5ad-cd68-442d-8dd8-80e08ffc482b,район Нагатино-Садовники,55.66868895,37.64949119999998,1970.0,350,140,2.0,0.014285714285714285
6ba5a0aa-11cf-4917-b79b-e704d230f3c0,Мещанский район,55.7742435,37.62637882018443,1902.0,17,8,2.0,0.25
6bb73076-3301-4103-abb0-6f7843b8f032,район Лефортово,55.7569975,37.71404719961539,1959.0,353,168,30.0,0.17857142857142858
6bb7f1ca-d296-4e4c-ab7b-3fe4404116cf,поселение Московский,55.58821175,37.37206465852543,2010.0,209,96,27.0,0.28125
6bbb08ff-53dc-46c3-91b2-9d2944b73713,Тимирязевский район,55.8132237,37.56768559470995,1966.0,204,108,13.0,0.12037037037037036
6bbf4260-5fc3-469b-9c13-01bd8dffb4fd,поселение Филимонковское,55.54924835,37.32785820252857,2010.0,33,16,2.0,0.125
6bc805d6-073f-48f6-bf10-e4cc7cdc7ef7,городской округ Троицк,55.682143800000006,37.61021814684519,2010.0,252,152,35.0,0.23026315789473684
6bca6a2d-8c10-4346-b0b7-4c3e3c49508a,Пресненский район,55.761939,37.56490877159182,1962.0,133,64,6.0,0.09375
6bd3d8e5-5229-434a-b4cc-67c4e73c9ad9,Тверской район,55.7875328,37.59672619614712,1906.0,13,13,9.0,0.6923076923076923
6bde6604-9c72-490a-b34a-dfaa6cd30e65,Тверской район,55.772905949999995,37.61258528848671,1914.0,43,23,8.0,0.34782608695652173
6be1a658-26b4-4d4f-b47e-3cb4c7e9bf42,Бескудниковский район,55.8553289,37.56295460489249,1966.0,143,80,6.0,0.075
6be57fc5-6717-4a99-9d37-5a5a4daa9340,район Аэропорт,55.8064643,37.518198696711764,1958.0,98,64,8.0,0.125
6bf28e48-2eb7-45cc-a71c-fc20cab39072,район Ховрино,55.861373549999996,37.503909668489584,2009.0,154,76,7.0,0.09210526315789473
6bfe62e0-abd0-4d9f-be4a-041600c234af,Рязанский район,55.72861055,37.775116333385874,1962.0,141,81,11.0,0.13580246913580246
6bff64d5-e427-4bc8-9d83-d75d01327f8a,Южнопортовый район,55.7219125,37.66605469504464,1958.0,447,200,4.0,0.02
6c020768-8b49-4e3c-bd7a-6727feb4bfb9,Таганский район,55.74188035,37.67435629441371,1971.0,381,156,2.0,0.01282051282051282
6c0d4438-9241-418b-a857-61eefcca02e5,район Сокол,55.8034157,37.51025875546631,1958.0,62,40,9.0,0.225
6c1d72d2-3bbf-4328-b3ae-6140df2788ab,район Западное Дегунино,55.8685695,37.5381107,2009.0,160,101,31.0,0.3069306930693069
6c21f60b-5fd2-4a5a-8c2e-663b9ba2c68a,район Южное Бутово,55.539544750000005,37.538975908054105,2000.0,141,79,1.0,0.012658227848101266
6c365e95-6bfd-4cae-9e15-3c2126450876,Ломоносовский район,55.6754295,37.53736458962264,2010.0,358,170,24.0,0.1411764705882353
6c3ee4f1-890e-4eb7-b24d-59f6b5ffa28c,район Соколиная Гора,55.787252949999996,37.73908212809252,1967.0,214,108,4.0,0.037037037037037035
6c4badff-bf5e-4fca-96c7-b1eee0d5f655,Мещанский район,55.7675215,37.62730607001933,1933.0,62,29,1.0,0.034482758620689655
6c67a9bd-67e9-4951-942e-19551bf0bc9a,Бутырский район,55.81582425,37.58237164264368,1973.0,186,110,13.0,0.11818181818181818
6c6cede6-4a74-440b-9657-f28ee59a50fa,поселение Московский,55.6030593,37.36926331024519,2015.0,150,198,128.0,0.6464646464646465
6c6ffd38-31d4-46b3-9703-43f852a50818,Пресненский район,55.7574455,37.56206995822951,1957.0,142,71,3.0,0.04225352112676056
6c79fd19-00f5-4aa9-86e5-25d1ae4d9919,Алексеевский район,55.8192288,37.6556288738246,1984.0,529,237,7.0,0.029535864978902954
6c7fa0e5-2fc7-4e9a-b093-535bbec1477d,Гагаринский район,55.70330615,37.58053789950769,1967.0,155,84,7.0,0.08333333333333333
6c845ade-61ed-47a7-a7ab-6d9d302253e0,район Хамовники,55.7417576,37.60156746163382,1910.0,36,17,5.0,0.29411764705882354
6c87f1a4-3dc8-4a44-97b5-caf2a787159f,Лосиноостровский район,55.8803738,37.68200467791743,2004.0,355,134,13.0,0.09701492537313433
6c8dc624-23c7-4673-bb77-4028eb6e2ab5,район Бибирево,55.8916313,37.60825625,1975.0,382,191,24.0,0.1256544502617801
6c92e9a7-dfbd-40b2-9804-60eb8ac2418e,Рязанский район,55.724523700000006,37.77733990308475,1970.0,160,80,5.0,0.0625
6ca13b9c-e001-46a4-aba5-dd1f7d0e30c4,район Преображенское,55.7969201,37.7070281,1961.0,130,76,20.0,0.2631578947368421
6cab5bdf-ef72-4a0b-a458-177e426081b8,район Аэропорт,55.80551585,37.53287154440886,1972.0,162,98,6.0,0.061224489795918366
6cafe878-edf6-4536-a2eb-4ed428897797,район Нагатинский Затон,55.6773576,37.67686927290127,2005.0,173,86,7.0,0.08139534883720931
6cb00816-9c2a-40ac-9c52-00bc2e67f479,Южнопортовый район,55.70068335,37.6815268506185,1977.0,152,72,5.0,0.06944444444444445
6cb71a46-8646-4bf8-96e3-d8b73880436e,район Северное Тушино,55.85577335,37.420056789025594,1968.0,301,171,5.0,0.029239766081871343
6cb834dc-a333-4f01-b99a-df1a15456530,район Северное Тушино,55.860865399999994,37.41684932521851,2005.0,268,126,13.0,0.10317460317460317
6cbfdcca-327f-49c3-b7cf-7f8c2aa69ddf,Таганский район,55.7323849,37.67714302814113,1971.0,350,144,8.0,0.05555555555555555
6cc3a19b-2c47-46b2-b1ba-993b1399552e,Тверской район,55.77443565,37.615250470053006,1962.0,46,46,24.0,0.5217391304347826
6cc3d4ef-a65d-4021-9e74-d5a7b6c59848,городской округ Щербинка,55.53529575,37.433823649999994,1961.0,64,32,2.0,0.0625
6cc7089f-8d06-4e60-8697-318c020152d6,Бескудниковский район,55.8663878,37.5592233206886,1965.0,117,72,14.0,0.19444444444444445
6cc949da-2f90-4f89-bf3c-3c7d5b02a0f0,район Ивановское,55.7509943,37.83430595846143,1973.0,245,178,29.0,0.16292134831460675
6cd2c819-a30f-4363-8944-93cb9afc321c,район Раменки,55.6910617,37.495452770140695,1985.0,406,203,16.0,0.07881773399014778
6cd9ff7e-b632-42a5-80de-cf999fb94418,Ломоносовский район,55.6750239,37.5386202,1994.0,291,163,28.0,0.17177914110429449
6ce6df85-62b9-425b-81fc-ee610f6d309d,район Бибирево,55.89206015,37.61037055,1982.0,224,127,30.0,0.23622047244094488
6cf2ecdd-9b21-4e2b-a36b-62e447197e56,район Хорошёво-Мнёвники,55.78429055,37.46018828342791,2002.0,876,383,11.0,0.028720626631853787
6cf4701b-b091-4592-ad5a-a98deb523a72,район Чертаново Южное,55.5990973,37.58110955037201,1978.0,331,187,19.0,0.10160427807486631
6cf796b0-3c6d-4bf4-bc25-8a7c0c01aa64,поселение Сосенское,55.56902255,37.486061289217275,2014.0,223,268,167.0,0.6231343283582089
6cf7edf5-08c1-4dc0-9993-d7ea9443824d,район Ховрино,55.86442375,37.495631849999995,1970.0,187,98,1.0,0.01020408163265306
6d0170ce-3354-4ec5-82bc-57bd3aeca70c,поселение Кокошкино,55.6498744,37.33082661132691,1984.0,185,90,10.0,0.1111111111111111
6d0c5deb-3f6d-41a3-a924-f64f1efc8317,район Зюзино,55.66133345,37.58513424973172,1970.0,163,98,27.0,0.2755102040816326
6d30ebe1-0d1f-4cac-809f-9d45e6c56e04,район Крылатское,55.75238805,37.41011782770084,1985.0,643,255,1.0,0.00392156862745098
6d404f78-115e-41cc-b2e6-69641ca8a8b0,район Черёмушки,55.66332355,37.56689787553394,2012.0,588,335,77.0,0.2298507462686567
6d408d9c-a4a0-4e08-b515-6ce35e9b2d87,район Коньково,55.6364162,37.542199987533564,2003.0,1132,519,42.0,0.08092485549132948
6d41550e-e33d-4e77-803b-aab6cad096fe,район Северное Измайлово,55.8058065,37.79482873811652,1958.0,163,80,9.0,0.1125
6d42cdda-8c68-4bc3-8b6c-8bd4d215fe7e,район Нагатинский Затон,55.68072265,37.668494949999996,1980.0,388,370,189.0,0.5108108108108108
6d4321e0-7b9f-4372-a3e9-46fd04ddb2ea,Головинский район,55.8465504,37.48240296574514,1966.0,144,96,33.0,0.34375
6d4329c3-76ce-46f1-b58e-0c6f30dbfde8,Ломоносовский район,55.673556500000004,37.54026175913898,1965.0,265,144,5.0,0.034722222222222224
6d52f056-206c-4526-b128-e4f7ced8455b,Пресненский район,55.760160400000004,37.56855882347581,1981.0,69,35,8.0,0.22857142857142856
6d545bbb-bc4f-4101-b9c6-ec7dcfa6e897,район Марьина Роща,55.805004249999996,37.613377874857704,2002.0,149,93,28.0,0.3010752688172043
6d5902f2-e738-4a2e-ab55-b12d367f24cf,район Тёплый Стан,55.63498425,37.50975777980959,1973.0,279,143,30.0,0.2097902097902098
6d5b147e-9c03-437b-9ae0-a3afc7594bd7,Обручевский район,55.67039685,37.550598649058976,2001.0,628,339,64.0,0.1887905604719764
6d5eb1cc-010b-42ad-ac03-6cdc0fddfbb3,район Лефортово,55.75646375,37.6793003,1981.0,247,111,5.0,0.04504504504504504
6d7166de-e514-4e20-bed1-3b7b61e8a47f,район Южное Тушино,55.8487277,37.4268441,1968.0,145,80,18.0,0.225
6d81d8d1-6afa-470b-a550-c68d4042ddc4,район Сокольники,55.79052085,37.67475582628235,1936.0,405,182,27.0,0.14835164835164835
6d9d172d-bbe5-43ce-a6b8-40cd87e9a543,район Тропарёво-Никулино,55.66854465,37.473183245332116,1998.0,1,224,186.0,0.8303571428571429
6da6948a-89bd-4122-95ed-b1c9f8d2016d,Войковский район,55.816736750000004,37.51338252105708,1959.0,170,80,13.0,0.1625
6db1fc98-f2bb-4354-932d-ed69017f586b,Гагаринский район,55.7045945,37.5756953,1960.0,986,462,1.0,0.0021645021645021645
6dbaff7a-a2f4-4bec-bf47-1b2d47e8a49b,район Черёмушки,55.6711078,37.5710805,1963.0,129,72,8.0,0.1111111111111111
6dbb6cb4-e358-46c9-bbfe-83d318294ebd,район Проспект Вернадского,55.68524135,37.49240320440832,1998.0,547,232,28.0,0.1206896551724138
6dbf9d65-4cb4-4f7a-b951-fac3ae86502a,район Аэропорт,55.79737705,37.5518833752821,1933.0,58,80,53.0,0.6625
6dccfed5-c192-4f15-af12-6d155fd32290,район Северное Тушино,55.8619877,37.423585396828834,2002.0,340,179,41.0,0.22905027932960895
6dcecd2f-037f-442e-9063-8c2370e4de75,район Филёвский Парк,55.7382619,37.48706655,1954.0,131,55,3.0,0.05454545454545454
6dcf8a90-5084-4530-bb0f-43cb3e1334e5,Ломоносовский район,55.676332450000004,37.53938768562066,1959.0,102,71,11.0,0.15492957746478872
6dd21d0e-5d5c-44db-b2ec-67772a4b99d5,район Ростокино,55.82708395,37.6674465816695,1966.0,182,84,7.0,0.08333333333333333
6ddfb382-d9ff-443b-81df-ebea2b541e42,Таганский район,55.74358905,37.671535400118,1973.0,220,111,5.0,0.04504504504504504
6de7695f-82d4-44fd-aaab-c9e3889723c1,район Хамовники,55.7403391,37.5801250664467,1972.0,136,61,8.0,0.13114754098360656
6ded1710-1368-436e-8a11-7424d6bfe8b2,район Кузьминки,55.70578535,37.78105241775674,1963.0,108,72,18.0,0.25
6df0a27e-e3d8-4002-a94e-372c081fbba4,район Измайлово,55.79561315,37.79426511251947,1958.0,268,117,16.0,0.13675213675213677
6dfaab24-873e-45a9-8603-e1aea578e3d5,Хорошёвский район,55.79637685,37.52400121468441,1959.0,137,60,3.0,0.05
6dfee5ac-4516-4b9c-8fa9-84af3dd1b9be,Обручевский район,55.6487025,37.497079272908536,2002.0,469,206,38.0,0.18446601941747573
6dffa9bd-e472-4010-8c8d-2ba25da9f03d,Хорошёвский район,55.79736495,37.523257826974834,1958.0,192,100,16.0,0.16
6e028ad6-403e-48e9-a752-637d0ab680ec,район Южное Медведково,55.87159535,37.632014752560394,2016.0,244,116,15.0,0.12931034482758622
6e0616c4-a597-4aae-a955-ce6be8e222aa,Останкинский район,55.8201546,37.6245876,1966.0,520,288,40.0,0.1388888888888889
6e09351e-84ff-4ae0-9d9d-ed4ba816effb,район Кузьминки,55.697608849999995,37.76408986981778,1964.0,125,72,2.0,0.027777777777777776
6e0e15cf-18ad-402f-a105-adeba01d1d5f,район Нагатино-Садовники,55.6807342,37.6614611,1965.0,107,72,14.0,0.19444444444444445
6e1239d4-f901-4e8b-87b3-01368af22ef9,район Кузьминки,55.70295655,37.7913761545846,1965.0,92,68,27.0,0.39705882352941174
6e175b1b-a8e1-4994-a003-f9ac1f8beb95,район Орехово-Борисово Южное,55.60462975,37.72659636469527,1979.0,262,125,3.0,0.024
6e204aff-1b88-408d-858b-99c9c5c763eb,район Очаково-Матвеевское,55.71228945,37.48837136523228,2007.0,206,176,95.0,0.5397727272727273
6e25bf72-cb76-4bd4-8cca-73383a1adc86,район Якиманка,55.72655565,37.610562147061714,1917.0,56,31,10.0,0.3225806451612903
6e25e104-eed8-409e-bf46-075651261301,Хорошёвский район,55.78476585,37.5345418441576,2006.0,278,116,2.0,0.017241379310344827
6e279f20-c288-4da4-bdb5-58bb1d16c87e,район Строгино,55.802652,37.397763953800954,1981.0,170,95,9.0,0.09473684210526316
6e2cb359-c5e5-4532-9cbd-37ed3c3525c8,Ярославский район,55.85937655,37.697602399999994,1975.0,237,112,4.0,0.03571428571428571
6e3373f1-52d4-4fe7-befd-eea74656b3f8,район Северное Тушино,55.85102775,37.41733828287455,1968.0,379,178,1.0,0.0056179775280898875
6e3402cc-3cdb-41d1-bfa4-347e535f89fc,район Куркино,55.896724250000005,37.397829957352165,2013.0,68,235,205.0,0.8723404255319149
6e34583b-b972-4bcd-b92f-7ac253028e1a,Южнопортовый район,55.705256899999995,37.680229188153476,1966.0,116,72,7.0,0.09722222222222222
6e4d9c18-9c89-4bf7-9396-06cf2acf4ced,район Щукино,55.8061454,37.460720304498714,1959.0,163,71,4.0,0.056338028169014086
6e4f9456-99e9-4dac-8476-898d647ca57c,городской округ Щербинка,55.508182250000004,37.56773737877414,1972.0,162,76,3.0,0.039473684210526314
6e5520df-8672-40a7-8a48-67115b4157bb,район Гольяново,55.81741215,37.800821701419444,1972.0,256,150,39.0,0.26
6e56d6f3-6207-44c9-b1bd-7cf043a39c02,район Перово,55.74249275,37.771770521066145,1967.0,166,84,1.0,0.011904761904761904
6e57804f-8ed4-4686-8d55-1741b97f16d9,район Марфино,55.84329915,37.58338056407736,1969.0,182,84,4.0,0.047619047619047616
6e6034df-6af9-4796-933b-8427aeb0f031,Бутырский район,55.815913550000005,37.58380793981482,1971.0,158,96,10.0,0.10416666666666667
6e68f0bc-3a02-4c79-8820-c2e68a9615b5,Останкинский район,55.80691435,37.635708130511446,1973.0,266,146,18.0,0.1232876712328767
6e6f3a0e-61c0-4dce-8652-0ec304791a8c,район Нагатино-Садовники,55.6669421,37.64824878514921,1976.0,113,50,7.0,0.14
6e75afd7-e3e8-4e9e-a2db-2afc738e73ba,район Кузьминки,55.70797605,37.778781523224914,1966.0,137,96,21.0,0.21875
6e796f13-8dbb-434a-a37b-e6471f819764,городской округ Троицк,55.46549005,37.28912821091476,2014.0,64,43,19.0,0.4418604651162791
6e7aa3b4-989e-4863-ac68-53f1dbca3871,район Хамовники,55.7439152,37.587056445550175,1910.0,36,16,4.0,0.25
6e7dd09f-6c17-41a7-9ba5-024b01c69f98,район Беговой,55.77673095,37.57805130673913,1960.0,112,53,3.0,0.05660377358490566
6e8c390d-b070-484a-ac02-15173b626128,район Отрадное,55.8697072,37.60997993359799,1976.0,247,178,26.0,0.14606741573033707
6e901810-fe68-456b-9c44-9842c3259b9e,район Коптево,55.8165087,37.525376698714105,1960.0,101,60,12.0,0.2
6e952311-1b11-4df2-bbb7-01071d02762a,район Проспект Вернадского,55.6784299,37.50181592532468,1967.0,103,96,52.0,0.5416666666666666
6e9c08a8-efae-4749-abfa-80168f512e18,район Измайлово,55.799784450000004,37.787600299999994,1960.0,181,80,5.0,0.0625
6e9daae3-1589-4d09-8ee6-245b9f0b0c3b,Тимирязевский район,55.81979415,37.571482538409704,1966.0,149,83,20.0,0.24096385542168675
6ea4e2be-6b8d-4b39-9789-aac9b5627db7,Обручевский район,55.6666781,37.54616438623776,1996.0,1028,526,111.0,0.21102661596958175
6ea6874e-12ef-4f57-9224-dda1d0f35247,Пресненский район,55.7639105,37.552774196140945,0.0,80,35,2.0,0.05714285714285714
6ea81054-ffed-4d4d-8d71-0cfb9319c5ee,Тимирязевский район,55.81546365,37.56924049450613,1965.0,314,159,9.0,0.05660377358490566
6ea912bd-b4a3-4de1-abe9-336d0bc7b866,район Северное Тушино,55.85464625,37.4153108629006,2013.0,349,170,1.0,0.0058823529411764705
6eaa3bf4-9f76-4930-aa4c-81c26a1ca992,Мещанский район,55.77687965,37.62807670984071,1974.0,364,170,9.0,0.052941176470588235
6eb0e08a-a0a2-4b2b-9269-a5a3bd27c628,район Хорошёво-Мнёвники,55.77548505,37.492318443646525,1983.0,243,141,13.0,0.09219858156028368
6ec8c19b-dfa7-430f-a651-e1ea701eb941,район Перово,55.75717285,37.758579350000005,1965.0,119,72,10.0,0.1388888888888889
6ec97c8d-f615-461f-b30c-c61cce50b0b2,Войковский район,55.83692335,37.487978519828644,1961.0,147,79,18.0,0.22784810126582278
6ed15c2f-8b77-4e35-8d6c-ffef00f35d60,район Царицыно,55.61749075,37.649086922830485,1970.0,214,98,9.0,0.09183673469387756
6ed52b59-6b0e-4993-9c7f-9734c7f1b1aa,Ярославский район,55.866246000000004,37.695313042566426,1972.0,204,98,21.0,0.21428571428571427
6edabfca-598e-426e-be49-461ac486f6c3,Академический район,55.6841211,37.55962016553924,1958.0,94,64,9.0,0.140625
6edae78d-3045-41bb-b2f2-37b9d59a359f,район Кунцево,55.742159,37.404190640508325,1995.0,695,315,74.0,0.23492063492063492
6edbf0bd-a126-4bf6-9929-07907c47911f,район Кузьминки,55.697236399999994,37.78481504311487,1963.0,117,72,7.0,0.09722222222222222
6ee4696b-758e-44dd-9c78-7318d01986cb,район Сокол,55.797066349999994,37.50993321901409,1965.0,88,72,28.0,0.3888888888888889
6ee582f1-5095-455d-ab8c-e95a54852a8b,район Хамовники,55.72528935,37.58572416293005,1953.0,508,234,65.0,0.2777777777777778
6ee6af1e-b433-41ca-bc02-e86b4fa7f94b,район Филёвский Парк,55.7646522,37.494504449813775,1982.0,1023,551,34.0,0.06170598911070781
6ee73c43-5cdb-431e-a59c-ab2b8e015753,район Ховрино,55.875754400000005,37.48355483137516,1965.0,143,84,13.0,0.15476190476190477
6eec9b74-4cf5-42a0-ab58-49e3d8b6d9ad,район Марьина Роща,55.78904885,37.61322402515108,1983.0,245,160,24.0,0.15
6f0179d4-74d4-4bd7-ae66-5f9020bedc87,район Нагатино-Садовники,55.68261395,37.650457635502605,1974.0,171,98,13.0,0.1326530612244898
6f02ebe9-9b1c-4983-b737-c5320e108161,Тверской район,55.78196135,37.5978116361578,1910.0,23,10,1.0,0.1
6f05c794-8aff-447a-86ec-ec75aa34bfef,Красносельский район,55.78573015,37.65663491991428,1967.0,324,161,13.0,0.08074534161490683
6f090f50-de6e-4e76-bd93-1afb5bbc19c9,поселение Филимонковское,55.5319217,37.2378563,2013.0,26,18,8.0,0.4444444444444444
6f0f157e-5c4c-45d3-b747-c9a3cc057c29,Войковский район,55.82449765,37.513328410908024,1955.0,141,76,21.0,0.27631578947368424
6f160926-df9b-4e1b-a9d5-d28abec730c5,Басманный район,55.76347475,37.65808191930536,1900.0,48,28,6.0,0.21428571428571427
6f18a441-6e57-4086-a26e-9f1a78558c27,Алексеевский район,55.819917950000004,37.644151199999996,1962.0,98,71,23.0,0.323943661971831
6f1eb28f-e7c5-4de3-b34c-433dece07a30,Алексеевский район,55.813325250000005,37.65986682533717,1954.0,481,191,25.0,0.13089005235602094
6f2708bd-9090-4e7d-a709-51bf0addf84a,район Лефортово,55.75400905,37.678075899999996,1982.0,195,95,7.0,0.07368421052631578
6f2a939f-78f9-46fd-aeb7-35da297724c9,район Перово,55.75980605,37.78464545252036,1959.0,172,78,1.0,0.01282051282051282
6f4aa3bc-9fad-46e0-8d3c-91b53c92a7d0,район Соколиная Гора,55.782488099999995,37.7132302,1963.0,158,72,3.0,0.041666666666666664
6f51f268-e817-43ca-b44c-e98de7c63e62,район Текстильщики,55.7165339,37.73386135,1969.0,128,84,31.0,0.36904761904761907
6f56d385-926d-4774-861f-67fb837de1c5,район Кунцево,55.7314592,37.41546485008108,1984.0,1505,663,37.0,0.05580693815987934
6f681e2c-e74e-4ce1-8c0e-e7ebb233ec96,район Северное Медведково,55.881394650000004,37.639720158185774,1972.0,165,78,3.0,0.038461538461538464
6f6d72ff-4996-4496-a2ef-2a77eaa4b400,район Хорошёво-Мнёвники,55.77368865,37.48133282036409,2014.0,281,127,3.0,0.023622047244094488
6f71ea24-335c-4884-aa7a-1afa410198fe,район Соколиная Гора,55.78303425,37.71097204801129,1932.0,150,63,4.0,0.06349206349206349
6f7d0988-37fc-4311-a5c7-98feda66ad42,район Марьино,55.6800039,37.7384827,1994.0,522,336,91.0,0.2708333333333333
6f7d4bc6-115f-47ad-b95f-8825a185a60d,район Солнцево,55.658331450000006,37.409496479209864,1970.0,151,84,8.0,0.09523809523809523
6f94f972-5db7-44cf-b3c8-a52f2aff7587,район Проспект Вернадского,55.6698629,37.51029345343712,1963.0,101,72,23.0,0.3194444444444444
6fa38ae2-642a-4508-97e9-60ad58678915,район Коптево,55.83672315,37.52683668512166,2002.0,206,85,1.0,0.011764705882352941
6fa65371-28e2-4650-86a0-f0a4f2a6d647,Войковский район,55.8220898,37.50788457238775,1980.0,264,120,11.0,0.09166666666666666
6fab637c-48a8-42e4-8749-2ca7aecb7999,район Царицыно,55.62683185,37.654738930540034,1969.0,168,84,3.0,0.03571428571428571
6fab9e28-4ab9-461a-926d-d2d4c032f5ac,район Измайлово,55.7915304,37.788963753800786,1983.0,133,68,5.0,0.07352941176470588
6fabd1f7-f9cd-4484-98a3-d4c5d4d8e9ed,Тверской район,55.7771756,37.608877750000005,1903.0,17,12,5.0,0.4166666666666667
6fb217f0-c536-4dbd-b6fd-15fe588626ee,Лосиноостровский район,55.86978685,37.68129453952819,1970.0,172,80,4.0,0.05
6fb4d810-d2b2-42b3-aa73-63e06fe5bac5,район Арбат,55.74974805,37.58715861954987,1917.0,83,44,6.0,0.13636363636363635
6fc58795-efc7-41aa-b01e-bb7b545e71b6,район Чертаново Южное,55.5925427,37.6132899,2006.0,630,317,47.0,0.14826498422712933
6fc635aa-8b11-4311-8344-3686b725158c,район Аэропорт,55.80592565,37.51898827134869,1961.0,276,114,10.0,0.08771929824561403
6fc96455-8126-4121-9f8b-9398932544ad,Мещанский район,55.7875143,37.633442616382425,1912.0,33,16,5.0,0.3125
6fd61d6a-9b9a-43c6-8a7c-5ff3aa6e0776,район Арбат,55.748134699999994,37.58810754634038,1936.0,105,51,5.0,0.09803921568627451
6ff7689a-aba4-4012-850c-e8c5e9047647,район Раменки,55.70443605,37.50334465,2009.0,497,240,66.0,0.275
70057647-a6c0-4a7b-97df-0603520093de,Ломоносовский район,55.6810311,37.545925995136514,1965.0,110,72,9.0,0.125
7015dc77-6d8b-486e-9578-bae5b1bd902f,район Текстильщики,55.69943065,37.75041891400624,1958.0,67,38,5.0,0.13157894736842105
701d0100-13fb-4203-939c-f9873842cddb,район Южное Тушино,55.8420396,37.43980599365056,2010.0,277,132,46.0,0.3484848484848485
7023ee80-a73e-4d77-9411-86da2ba87194,Басманный район,55.7614657,37.6474138,1906.0,69,43,16.0,0.37209302325581395
70338c46-e8f5-4874-8776-c0679c4694e1,район Сокол,55.7983708,37.50681493114478,1966.0,112,72,22.0,0.3055555555555556
703b699a-06dd-45ba-b629-990a20ddeec7,Бескудниковский район,55.8559323,37.56490441096606,1997.0,646,270,25.0,0.09259259259259259
703dc96b-885a-474c-b547-2b6e093fb380,район Гольяново,55.814492099999995,37.804613874399365,1967.0,128,84,25.0,0.2976190476190476
704620c2-e415-43ce-afe4-ec9365c01bcd,Хорошёвский район,55.797749800000005,37.532431881714935,1965.0,75,64,29.0,0.453125
7047816a-9e46-4704-8d7b-568f9167873a,Мещанский район,55.789342399999995,37.62865868651325,1960.0,126,66,16.0,0.24242424242424243
705166a7-0cc0-4645-885c-5995d2c38c35,район Новогиреево,55.746882400000004,37.82688433943926,1970.0,202,100,7.0,0.07
7055a73e-e59c-4699-964d-4f42342c0c5a,район Замоскворечье,55.7241731,37.632105126099866,1964.0,162,85,3.0,0.03529411764705882
70566493-df6d-4208-9669-dbd6aad914ef,Рязанский район,55.711571649999996,37.786886972483586,1972.0,482,215,16.0,0.07441860465116279
7071c3fe-fb26-4ab3-91b1-633572eba51d,район Южное Тушино,55.8429891,37.45898673360656,1967.0,172,84,9.0,0.10714285714285714
707e0609-714b-4402-9118-1b109197c342,район Хамовники,55.728042,37.5849118727775,1964.0,107,72,27.0,0.375
7081016b-e25f-450d-8fad-0a1720d1bd5e,Бутырский район,55.82008045,37.58124378292558,2008.0,470,254,67.0,0.2637795275590551
7081c26e-5ab5-4b7f-aa9a-ceefddf02211,район Богородское,55.817626849999996,37.72529248040763,2002.0,220,162,36.0,0.2222222222222222
708924b0-3045-44fe-9e3a-083d3a26ec09,Алексеевский район,55.82266225,37.656664734360554,1973.0,651,361,49.0,0.13573407202216067
708f992c-67b0-4903-b67b-1734d7f5258e,Мещанский район,55.781085000000004,37.636143350689245,1997.0,70,28,2.0,0.07142857142857142
708fd5c1-718b-4d5e-8803-8c6133744aa3,Пресненский район,55.7730235,37.57736381507592,1961.0,58,61,36.0,0.5901639344262295
7090c565-12f6-430a-bf71-5cb7cf950a7b,Мещанский район,55.7830525,37.63331887018697,1913.0,52,24,2.0,0.08333333333333333
709becea-fd05-4c00-b329-3d975104d9cd,район Отрадное,55.8788158,37.610538263137656,2011.0,774,376,32.0,0.0851063829787234
709c0173-2fff-40b8-9d67-2d16e8eec754,Гагаринский район,55.5416914,37.2041884,1954.0,152,71,12.0,0.16901408450704225
70aaf3b4-c60c-4e07-a42c-f17718062de2,район Покровское-Стрешнево,55.828827000000004,37.45643487208781,1965.0,91,72,16.0,0.2222222222222222
70b1b9d5-0595-4776-9b6f-1e676c723027,район Южное Тушино,55.842995450000004,37.45735709389983,1975.0,376,191,28.0,0.14659685863874344
70bf62de-8d3f-4bec-b39a-490c57e425a4,район Фили-Давыдково,55.73157855,37.47181094622134,2004.0,865,419,11.0,0.026252983293556086
70fc4a8d-0180-4cba-975a-6aebf7bc24c3,район Арбат,55.7493232,37.5903253787949,1904.0,70,27,4.0,0.14814814814814814
710d0d1e-a913-46d1-aec2-68d986544bfe,Нагорный район,55.64748605,37.61198874964888,1974.0,134,63,13.0,0.20634920634920634
711373cf-0b42-49bb-baec-f3df69429cd1,район Щукино,55.805446599999996,37.462256126064645,1982.0,168,90,3.0,0.03333333333333333
7115218b-9bf0-4fcd-94c5-7d5ad5df6264,район Коптево,55.8305093,37.521981160453535,1973.0,200,112,7.0,0.0625
711f6c50-158a-4952-92de-fc2a54694899,Тимирязевский район,55.81385355,37.559407436621484,1967.0,146,92,25.0,0.2717391304347826
71346136-ce55-4f9f-a5c4-ab83f31f1b4c,район Некрасовка,55.70142075,37.92897813709032,2015.0,640,320,58.0,0.18125
714a6586-ac5e-4b44-966d-e02e8638bb6d,район Печатники,55.692416550000004,37.71907515,2006.0,757,381,71.0,0.18635170603674542
714fedcc-8030-49d5-b2e2-1aba8d6442d4,район Коптево,55.83027835,37.52313255,1996.0,221,127,38.0,0.2992125984251969
7151c08c-0669-4a9b-9358-28f932469ae9,Войковский район,55.831134000000006,37.48921006650092,1958.0,75,33,1.0,0.030303030303030304
716a706e-ce71-4e55-a41a-9a10a8a40dbe,поселение Рязановское,55.47079615,37.54266072881413,2006.0,206,145,58.0,0.4
71798bf9-6753-4f26-8a1e-80e820a21bce,район Левобережный,55.8695575,37.46466324999999,1963.0,166,96,22.0,0.22916666666666666
7182ad1d-fad5-47e2-856e-2433fa033adc,район Щукино,55.798642900000004,37.464587813824096,1961.0,117,60,1.0,0.016666666666666666
718c4d62-dfa9-4e22-9d60-7287fe436c11,поселение Московский,55.5910277,37.37748869786413,2012.0,375,200,49.0,0.245
7192ca01-c95a-4a37-ba04-4c927902f354,район Марьина Роща,55.7868277,37.611298697296235,1974.0,182,95,3.0,0.031578947368421054
7195e38d-cb52-45ed-832a-b386363843e2,Басманный район,55.761122900000004,37.64935847059681,1913.0,33,12,3.0,0.25
71a19f9d-746a-4fb4-b311-3dfe283022de,район Хамовники,55.74221755000001,37.592945815045994,1996.0,21,18,12.0,0.6666666666666666
71a7ca1e-8fb7-4fa3-b5b2-3a52de3598b8,Хорошёвский район,55.784508200000005,37.52678465320945,2004.0,379,245,107.0,0.43673469387755104
71acee6f-d789-4902-b957-487bec7939c8,Можайский район,55.72042625,37.44444553451072,1995.0,41,83,69.0,0.8313253012048193
71bfd422-d42c-4bf7-97b5-799a23ba3681,Савёловский район,55.79555435,37.56783349875673,1971.0,268,178,62.0,0.34831460674157305
71db2b27-41de-42db-9c4c-0499f4dfc8b2,район Хамовники,55.731823899999995,37.5858740882511,1956.0,38,14,1.0,0.07142857142857142
71db3369-740b-466b-9519-874afb7947e9,район Гольяново,55.81057055,37.79505050139589,1965.0,126,68,3.0,0.04411764705882353
71dc0427-5e10-43f6-9785-36618fd92c3c,район Беговой,55.7822683,37.563464429818296,1960.0,140,73,12.0,0.1643835616438356
71df8a72-2833-4d66-b3e3-1fc0d61b46c9,Войковский район,55.83616189999999,37.488262609656,1963.0,164,80,8.0,0.1
71f59233-dfaa-4d26-86d1-b50bdf00f0e6,район Марьина Роща,55.7967965,37.612188006956266,1970.0,306,141,11.0,0.07801418439716312
71f83b40-139d-46b3-b3aa-acfd331339e5,район Ростокино,55.8346184,37.643681850743135,1957.0,153,71,3.0,0.04225352112676056
71fc4065-40e4-4d2e-99c2-c06b772cf3b3,район Кузьминки,55.7091902,37.74812038093861,1966.0,176,96,1.0,0.010416666666666666
7206e728-00a5-479c-b2b0-2b54f6e3245d,Басманный район,55.77447865,37.710173396094234,2000.0,418,200,24.0,0.12
7208ba3d-3d38-4202-8684-fc97fcfd723f,Тверской район,55.765326099999996,37.59844162416104,1928.0,148,73,16.0,0.2191780821917808
72103acd-64a6-4218-9593-aa56986916a6,район Измайлово,55.79330595,37.79039093715537,1970.0,156,80,2.0,0.025
7213ce11-005f-456c-a28e-79b21f24532c,Южнопортовый район,55.707788199999996,37.67399282408115,2005.0,180,95,22.0,0.23157894736842105
7223e7c1-ce52-448b-813c-3fb32486783d,Басманный район,55.7665062,37.6754105,2004.0,72,38,6.0,0.15789473684210525
722b25a4-97ad-42fa-aa37-ada8c794f5c8,район Хамовники,55.747121750000005,37.59351592538785,1928.0,25,48,35.0,0.7291666666666666
72435747-1ebd-4232-a8c6-0ee2f63e6882,Ломоносовский район,55.6822688,37.5435030040186,1964.0,158,109,32.0,0.29357798165137616
724cf3a9-5ab7-4804-b403-f0c0e64e5635,Ломоносовский район,55.6758363,37.52217208460591,1959.0,195,100,18.0,0.18
72538bc9-4fdf-4d6f-bb8a-49772013a218,Пресненский район,55.7621189,37.5928051,0.0,30,17,7.0,0.4117647058823529
726daa16-8798-41ed-b899-13e1551d896c,Басманный район,55.7605158,37.648445908423625,1895.0,84,40,12.0,0.3
72705561-b9c2-47d5-a999-c736d2c977c4,район Филёвский Парк,55.7377867,37.50342307308997,1970.0,363,179,16.0,0.0893854748603352
728ecb92-01f7-425a-9684-5d0b2113f4b8,район Новогиреево,55.75250045,37.80470762978351,1969.0,155,84,10.0,0.11904761904761904
7290b366-6160-4daf-995c-d599a3b00c35,Красносельский район,55.77358035,37.644648837074165,1974.0,201,113,27.0,0.23893805309734514
729d5dce-572e-461b-b67e-3c411ee8ab6f,район Северное Медведково,55.882192700000004,37.65746645,1970.0,165,98,26.0,0.2653061224489796
72b4b8ca-d05c-4b34-9fdb-0c4308bb5e3b,район Зюзино,55.6500473,37.59084522723303,1966.0,99,72,27.0,0.375
72b4c567-3494-4ad6-9078-888db2a68d2b,район Сокол,55.79530835,37.514558481003704,1950.0,112,51,7.0,0.13725490196078433
72cfca0c-fc80-4066-b2c1-b30447a9e6c4,район Черёмушки,55.662029700000005,37.55676133534392,1996.0,520,256,42.0,0.1640625
72cfcad9-e5f7-423c-96ce-5706650fc947,Басманный район,55.7618123,37.63814000199936,1932.0,63,32,8.0,0.25
7302d72d-8e69-4cb5-b83c-dfde822c648e,район Кунцево,55.73221685,37.44124557445167,1971.0,452,227,38.0,0.16740088105726872
730e5ade-771a-413d-89e9-a6f14b2b3889,район Левобережный,55.872831649999995,37.46472897032749,1971.0,184,98,15.0,0.15306122448979592
731c94d6-b924-41f1-be49-259a11394574,Останкинский район,55.817347850000004,37.633789855734534,1960.0,97,64,6.0,0.09375
732dd67b-e8a9-4169-bc3a-3d5b2c31f241,район Перово,55.7633461,37.799572579975916,1961.0,133,60,2.0,0.03333333333333333
733158f5-20ad-4f03-9502-3c81d949eb75,Пресненский район,55.76066845,37.542378753837745,1955.0,60,27,2.0,0.07407407407407407
7337617e-266c-424b-ac73-9389dd43d006,район Кузьминки,55.703398899999996,37.775059649999996,2008.0,292,138,16.0,0.11594202898550725
7337dafc-5597-4763-ac40-b17ab6a80845,район Солнцево,55.6536981,37.41460258810046,1969.0,135,96,37.0,0.3854166666666667
733f504e-cc7b-4d27-b3e2-672d30caff41,район Строгино,55.80536855,37.395005364351846,1996.0,342,151,21.0,0.1390728476821192
73460723-71e0-429a-933a-cabfde8eb513,район Южное Медведково,55.8747768,37.623094258259286,1964.0,121,73,8.0,0.1095890410958904
7349ace1-900d-4d84-a64c-7486c773a0ef,поселение Внуковское,55.4993921,37.5800868,1975.0,31,16,3.0,0.1875
734e57e6-ff33-478d-b8f7-861f4b6f306a,Ломоносовский район,55.67645125,37.53969293487273,1963.0,114,72,5.0,0.06944444444444445
734f4e96-2835-4572-bd2f-98696c1fec19,район Митино,55.8465082,37.36550429018094,1995.0,214,111,6.0,0.05405405405405406
73533014-f15a-4179-8a2d-43297f45d219,район Бибирево,55.90368695,37.59130922817871,1984.0,1586,920,250.0,0.2717391304347826
7357cf0e-6050-4499-89b0-1dc8817f76bf,район Текстильщики,55.71111375,37.738214849318204,2003.0,140,83,23.0,0.27710843373493976
73583430-440d-4b75-9b89-4c7643c75ec8,район Марьино,55.6584583,37.75225240506873,1997.0,627,291,14.0,0.048109965635738834
735b8790-a0d0-43ce-9235-12ad89c30026,район Тропарёво-Никулино,55.6567654,37.47221185884064,1999.0,867,366,10.0,0.0273224043715847
735e49e4-2688-4c4c-aa13-7c92d7e5d68d,район Метрогородок,55.8289268,37.76291056188808,1964.0,113,59,7.0,0.11864406779661017
736fe7e1-01df-47e2-9740-6d1e852a319c,Таганский район,55.7384032,37.6645512,2003.0,54,27,7.0,0.25925925925925924
7373572d-8300-4398-8ec1-cddff95c5e97,Мещанский район,55.7692016,37.630969332467245,1926.0,170,71,7.0,0.09859154929577464
73762aa9-cd3d-48b9-a064-51ac9a0e3da9,район Чертаново Северное,55.6334049,37.600045425871826,1969.0,355,178,18.0,0.10112359550561797
737d94d8-796b-4692-ba22-bdda41864a84,район Хамовники,55.720427799999996,37.582523072777306,1956.0,121,54,17.0,0.3148148148148148
737faa5c-3152-4597-b04c-bc5b579c683f,Ярославский район,55.8754084,37.72442790146806,1981.0,359,191,35.0,0.18324607329842932
7391ef11-69be-4f53-8f19-d75b0567b043,район Гольяново,55.80732905,37.7662152247004,1965.0,164,96,9.0,0.09375
739c84e1-718e-4527-b28f-caf1fc8675cc,район Хамовники,55.74199075,37.59341262709206,1907.0,41,19,7.0,0.3684210526315789
73a32d42-8d21-4e76-8131-f3b4414ac51d,район Измайлово,55.78884165,37.788146850000004,1963.0,74,40,1.0,0.025
73af6b01-c554-491f-8b31-21af8aa44019,Басманный район,55.7636592,37.65192884991306,1913.0,51,19,2.0,0.10526315789473684
73b249bc-b2f2-4ed4-b1f7-633e5eb8c51d,район Солнцево,55.64553225,37.41653543196437,1998.0,990,430,40.0,0.09302325581395349
73b4fcb9-d6a6-4802-8b0c-5e5e6cd22c0c,поселение Десеновское,55.50438035,37.3291861,1962.0,63,36,10.0,0.2777777777777778
73ba2a57-c10e-4e9b-9e2d-f6a97c63c69c,район Щукино,55.7926664,37.497605204747444,1951.0,79,49,9.0,0.1836734693877551
73c226e5-3a68-4a64-a59b-ece11f60647b,район Филёвский Парк,55.7653193,37.49229135,1981.0,1131,569,7.0,0.012302284710017574
73cd4872-cfea-4289-ae84-08fee4658196,Тверской район,55.77253155,37.59737153396632,1957.0,140,71,15.0,0.2112676056338028
73cde9ca-e746-4a58-82dc-7f28f537e113,район Печатники,55.68374895,37.71803672247509,1973.0,781,287,1.0,0.003484320557491289
73da687f-675b-43c1-b783-20eead19dd2c,район Измайлово,55.79113945,37.81834435,1973.0,305,152,11.0,0.07236842105263158
73dd06de-66f1-4b38-8eae-1ad9b71b0d82,район Западное Дегунино,55.5325684,37.2297508,1966.0,154,80,1.0,0.0125
73ed1d1f-ffe5-42e9-b778-449fd97e5eb8,район Митино,55.8389384,37.351308,,537,252,23.0,0.09126984126984126
73f98382-1357-44e2-830e-5351408fd521,район Дорогомилово,55.7407052,37.5386007,1940.0,680,266,10.0,0.03759398496240601
73fbedc4-5672-4c29-911d-90201782ae9c,район Очаково-Матвеевское,55.68994335,37.47026795621622,2011.0,197,183,109.0,0.5956284153005464
73fed05a-8ae6-4f42-988d-43229771ad9a,район Филёвский Парк,55.739249599999994,37.500401717380676,2007.0,228,150,45.0,0.3
740181e1-ecbd-4762-ad1c-49cc30bbd2ba,район Ховрино,55.856303499999996,37.502498389974676,1975.0,289,142,4.0,0.028169014084507043
74029751-3e6c-43f6-afc0-4f0f855311c6,район Чертаново Северное,55.637007600000004,37.599690381296675,2009.0,2521,1500,394.0,0.26266666666666666
740969cd-f5a8-4020-af8c-7bd07984430c,район Коньково,55.64604215,37.525436911600956,2002.0,301,171,47.0,0.27485380116959063
740aeb38-0856-43b4-92ca-f5b44a5fa077,Пресненский район,55.75822195,37.51790917575897,1960.0,129,71,6.0,0.08450704225352113
7416d12d-0c14-494a-a321-ba548938d919,район Бибирево,55.897564450000004,37.60973065,1981.0,276,127,6.0,0.047244094488188976
741e3d6f-d9cf-4d3b-841c-023dea71113d,район Тёплый Стан,55.62965685,37.48643424204146,1975.0,185,97,3.0,0.030927835051546393
7422884d-f64e-4c20-9dd6-a565d8fb13b4,район Раменки,55.7085219,37.51196596233895,1964.0,98,72,2.0,0.027777777777777776
7429bf02-94b4-44de-b2d4-4552c73dfa4c,Тимирязевский район,55.8144466,37.56193047951375,1961.0,120,52,1.0,0.019230769230769232
742c4770-c85a-4e4e-97f6-71f17ff817a1,район Зюзино,55.65518415,37.586554305231786,1999.0,205,101,24.0,0.2376237623762376
742d2630-73d4-4a90-9898-b9440d3d2348,Таганский район,55.7374738,37.6586396,1929.0,67,24,1.0,0.041666666666666664
74324b05-8f41-4bae-9229-d17509c20db2,район Очаково-Матвеевское,55.7046352,37.47677965047171,1972.0,347,150,2.0,0.013333333333333334
7441880d-710e-4cd2-905d-618f7a939480,район Аэропорт,55.7982047,37.54538773638836,1959.0,272,117,13.0,0.1111111111111111
7441c227-c002-4baa-93fc-b0cb07fbe1d2,район Соколиная Гора,55.78410935,37.733124428679105,1971.0,148,66,7.0,0.10606060606060606
74421807-c454-4853-be3f-9605b9e6e970,район Хамовники,55.7249586,37.56513085,1969.0,235,178,70.0,0.39325842696629215
74463044-be54-447f-9c5e-cfadce17b580,поселение Сосенское,55.550935800000005,37.49991127346948,2016.0,75,74,41.0,0.5540540540540541
7448b745-0c4a-4982-89dc-fa03e3b5c125,район Беговой,55.77788095,37.571985816933946,1960.0,112,60,12.5,0.2
744cb148-4868-477a-9598-e691f07892da,район Хамовники,55.7432166,37.59133793876257,1914.0,26,9,1.0,0.1111111111111111
746790f7-3a74-4a1b-97e5-88b4d1abc8fc,Ломоносовский район,55.6797368,37.54887075,1970.0,162,112,27.0,0.24107142857142858
746bb531-6131-4865-b3a5-3d413a6fcea6,район Соколиная Гора,55.787022050000004,37.73772215176902,1961.0,138,74,6.0,0.08108108108108109
746c1484-b0d5-46e4-b3e4-8494d052afcf,Таганский район,55.72851675,37.66930020247494,1927.0,127,58,10.0,0.1724137931034483
746eef56-cc3a-4ef8-9f31-0f7754673cce,Хорошёвский район,55.77978275,37.535250177376035,2008.0,484,437,244.0,0.5583524027459954
747365c3-827d-47ec-846a-78cfd24bb0b3,район Кунцево,55.72939785,37.41335247536334,1977.0,350,218,33.0,0.15137614678899083
74753541-614a-488f-8d68-44ebf523487c,Пресненский район,55.7706465,37.56826191037965,2007.0,219,102,15.0,0.14705882352941177
74a42869-abda-4d6c-a16d-4e63662828e8,Бабушкинский район,55.8667763,37.667415048915686,1969.0,133,83,22.0,0.26506024096385544
74ae3c4a-545b-4d71-aeef-ccd2db211cf5,район Филёвский Парк,55.73728680000001,37.50173795715061,1969.0,201,108,9.0,0.08333333333333333
74ae9008-17e0-4b94-8f12-c46e8d127519,район Измайлово,55.8007891,37.784238049801935,1960.0,142,60,2.0,0.03333333333333333
74b464f3-eb1e-4239-bde5-d1fcbaf6cfc1,район Кунцево,55.7326037,37.40779401404632,1955.0,84,38,4.0,0.10526315789473684
74b588a9-81ae-434e-bf92-c7ca1a952ee9,Таганский район,55.734807,37.652165315096795,1959.0,526,220,7.0,0.031818181818181815
74b7f621-36e0-487f-8fcd-0a29c8f101a8,городской округ Щербинка,55.595529150000004,37.660365736622346,2011.0,416,238,60.0,0.25210084033613445
74bd1622-ccaa-44bc-a725-393141ebae9f,Нижегородский район,55.729613349999994,37.75070282469922,1957.0,468,240,30.0,0.125
74c01653-6c22-4ded-9b89-04a90ac5d660,район Тропарёво-Никулино,55.66506775,37.49001980921044,1978.0,209,127,22.0,0.1732283464566929
74d2820e-c154-4d82-b684-bd179f078c87,район Южное Тушино,55.83959765,37.46372207509735,1966.0,194,80,3.0,0.0375
74d6711d-e194-46e6-a184-d64d587e0495,Басманный район,55.756383650000004,37.64985399157829,1956.0,41,21,5.0,0.23809523809523808
74d931ab-9b13-45ee-aa05-530a522f808e,Красносельский район,55.7699808,37.6490512,1952.0,490,262,75.0,0.2862595419847328
74e7618b-e9df-4150-af94-e99445c1f578,район Коптево,55.843603900000005,37.545757454107374,1962.0,100,64,19.0,0.296875
74f19f33-d907-4144-a840-ee520579ee12,район Аэропорт,55.8099145,37.52187692798913,2008.0,367,233,85.0,0.3648068669527897
74f4fa29-ebf2-4078-b01e-37106565d08a,Хорошёвский район,55.775851599999996,37.546947022067584,1950.0,92,49,12.0,0.24489795918367346
74f889be-88df-45c4-a079-32149076408a,район Хорошёво-Мнёвники,55.7854323,37.46077349525427,1965.0,174,96,7.0,0.07291666666666667
74fddc66-41fb-4462-bb42-029e4a823e79,район Щукино,55.79214615,37.494821385128596,1965.0,173,102,9.0,0.08823529411764706
7505e5f0-da9c-4b07-88f3-15d49b2e928e,район Зюзино,55.6537741,37.599062161345685,1966.0,105,68,21.0,0.3088235294117647
750a69dd-b841-465a-a7f8-d0601d773773,Рязанский район,55.719597,37.7810531,1958.0,117,60,4.0,0.06666666666666667
7514c79b-900d-4e20-a941-a1266bfef36d,Алексеевский район,55.806037450000005,37.64108822029412,1966.0,148,96,20.0,0.20833333333333334
7515640f-262a-4909-9dc0-b21f685b2bf3,район Котловка,55.6763151,37.60449049330006,2002.0,334,188,24.0,0.1276595744680851
7516b8b5-147e-4b40-a27a-ed44a7ee81e0,район Проспект Вернадского,55.678805999999994,37.50157142532467,1966.0,163,96,10.0,0.10416666666666667
751fa703-7304-4f1c-996b-f3b97355fb52,Басманный район,55.7563428,37.65289995091116,1912.0,75,26,2.0,0.07692307692307693
751fd7f7-5200-4fea-8fdd-f78239256614,район Марьино,55.65721585,37.7718895,2001.0,175,88,20.0,0.22727272727272727
752ae192-3741-451a-8812-d00e9e02feb1,Дмитровский район,55.884892300000004,37.54152152441151,1959.0,73,36,1.0,0.027777777777777776
75381e8f-588b-45f8-baa3-f5742440e636,район Дорогомилово,55.740498849999994,37.56734355,1962.0,235,197,80.0,0.40609137055837563
75389b99-4fc3-4e83-aa89-fa81caada98c,Басманный район,55.7776461,37.70514831085026,1959.0,359,142,8.0,0.056338028169014086
75443cba-7a40-4391-8db6-95c8f49bdc07,район Коньково,55.632768549999994,37.53333216984514,1970.0,195,98,5.0,0.05102040816326531
7555ca22-6fab-46d7-b269-865336f08573,район Сокольники,55.795132949999996,37.70005563018351,1928.0,93,57,12.0,0.21052631578947367
755bcb2c-e202-48b5-b725-8b98a5484393,поселение Московский,55.57676445,37.39579485,2010.0,325,192,71.0,0.3697916666666667
756f13a5-33b9-4676-a9cb-15953f10eeb5,район Отрадное,55.858773549999995,37.591205689732895,1983.0,729,406,68.0,0.16748768472906403
757115f5-773a-4d92-921e-dad3a4e45c6b,район Проспект Вернадского,55.67384335,37.499326198341976,1969.0,128,108,52.0,0.48148148148148145
757b1dc9-c0c6-4731-81e7-242d0a6793b1,Рязанский район,55.7213231,37.793511713975406,1967.0,178,98,3.0,0.030612244897959183
757c2238-f859-4125-ba03-c8d69893cdce,район Замоскворечье,55.7362574,37.63113343381177,1930.0,75,40,17.0,0.425
75815aae-e141-4288-8a7b-8f311a682234,Академический район,55.692766199999994,37.5897849,1962.0,149,96,12.0,0.125
758ba97b-a499-429d-acae-0ed349e2fd2f,район Некрасовка,55.70844915,37.92586400557781,2012.0,298,129,14.0,0.10852713178294573
75907e16-b13b-437a-b61c-6a508619c77a,Тверской район,55.7685046,37.61677908785151,1917.0,103,52,14.0,0.2692307692307692
7590aed2-f255-46f8-877b-8661e00ec25e,Таганский район,55.7395109,37.6643184,2003.0,356,214,67.0,0.3130841121495327
7590c9de-e202-4ff2-b7e0-3c95dfa858c3,район Аэропорт,55.801183249999994,37.54227871245518,1957.0,72,34,6.0,0.17647058823529413
7597dd2b-b1d1-4a77-9e76-78d72a21a4ca,Рязанский район,55.72756755,37.762393827255664,2001.0,248,137,22.0,0.16058394160583941
75a455b8-6e18-4fbd-893e-a14810893b6b,Алтуфьевский район,55.8760934,37.58308283610207,1969.0,130,72,14.0,0.19444444444444445
75a96a6f-1a21-48dc-a816-e8a185c48efc,район Раменки,55.698482150000004,37.48856472715175,1970.0,413,214,50.0,0.2336448598130841
75abf458-7630-48dc-b971-8cb404da5848,район Покровское-Стрешнево,55.816523700000005,37.4601876321508,1974.0,190,109,13.0,0.11926605504587157
75ac9d49-ad2f-45fc-b0bd-26226d066993,район Хамовники,55.7431136,37.57868231893157,1975.0,105,48,3.0,0.0625
75adf742-e96e-4422-9ec6-4e1dabd8d410,район Ивановское,55.7767042,37.823052899999986,1977.0,745,382,4.0,0.010471204188481676
75ae163c-8113-45f4-a9c7-77bc34eda24a,Тверской район,55.77588795,37.59600051215277,1964.0,223,107,11.0,0.102803738317757
75bdd794-50c9-4630-bf1f-7e5ff682d5c4,район Сокол,55.79406965,37.51831376931204,1950.0,117,58,8.0,0.13793103448275862
75cdc403-0a6f-486e-abcd-d9d27362839e,Тимирязевский район,55.831243150000006,37.57061640013168,1970.0,149,96,24.0,0.25
75cf28fc-4352-4234-b12e-09df4bd88469,район Лефортово,55.772875150000004,37.71025129424295,1965.0,135,68,5.0,0.07352941176470588
75dca6fc-7f8d-4b6b-8c02-ed2ffbee3092,район Москворечье-Сабурово,55.645334950000006,37.66091667752731,1967.0,133,72,1.0,0.013888888888888888
75dec17e-b5dd-4ab0-8330-badda6bf2b24,район Вешняки,55.72409195,37.807349156540155,1970.0,290,144,14.0,0.09722222222222222
75e61274-d079-48b0-8524-f2658956584b,Таганский район,55.747341649999996,37.66202869999999,1964.0,87,64,22.0,0.34375
75fa4ec1-5fc0-47a9-92c4-dff4ef0f4706,район Дорогомилово,55.7418273,37.5202710974736,1963.0,308,168,11.0,0.06547619047619048
75fd302a-30fe-4188-bd82-e402cd54af89,городской округ Троицк,55.4961797,37.3247123,2012.0,30,15,4.0,0.26666666666666666
760f2977-a704-449e-9d2e-e0a53b42a748,район Бибирево,55.89729215,37.63080305,1977.0,743,377,51.0,0.13527851458885942
76172ce2-a8b3-4593-b603-c931ccbc420a,район Отрадное,55.86656025,37.61935055,1976.0,276,178,7.0,0.03932584269662921
761d88d7-db1d-4bbf-8854-9f4c3efbbcb1,Головинский район,55.84784645,37.47622713425048,1976.0,180,92,8.0,0.08695652173913043
76297c9d-06f3-4a66-938d-1f1f16e716c3,поселение Сосенское,55.54962235,37.49930141796236,2016.0,67,48,18.0,0.375
762fd9b0-f17c-430c-9dee-b6cff9ec6363,район Кузьминки,55.7079849,37.754604497271934,2009.0,232,128,21.0,0.1640625
763db43f-93f5-4b1e-9fbf-cc2125751e0b,Войковский район,55.8172444,37.491994437475654,1968.0,142,84,25.0,0.2976190476190476
764045ec-eb63-4863-a8cf-c930e1c57ad5,район Хорошёво-Мнёвники,55.7808347,37.46028891988592,2015.0,454,200,23.0,0.115
764caca2-d639-47b4-8d31-233839b3ba6b,район Ростокино,55.8306665,37.66273761682319,1969.0,203,100,13.0,0.13
764d4029-e744-4e97-982a-33ed2a5cf04b,район Гольяново,55.82955135,37.821839100000005,1990.0,554,330,47.0,0.14242424242424243
765154ec-6e16-496e-a7e7-9997561f951d,район Коньково,55.63277325,37.535675749999996,1971.0,198,98,8.0,0.08163265306122448
7652788a-b317-4459-a660-0576ab4569c9,Тимирязевский район,55.80894615,37.568073536084576,1969.0,283,142,15.0,0.1056338028169014
766451b9-5159-48c6-9ba0-d4fa9adc2003,район Аэропорт,55.7983118,37.55342388829933,1973.0,194,126,32.0,0.25396825396825395
76661340-c944-436e-aab9-3ad19bfdf496,район Очаково-Матвеевское,55.71044815,37.479444575929534,1981.0,236,111,1.0,0.009009009009009009
7667b499-356f-435b-b8a6-5edb2715d7e9,Тверской район,55.77302015,37.613220265957,1951.0,27,12,2.0,0.16666666666666666
766aa988-6689-4c86-8656-ed2fd8300f30,Войковский район,55.83845605,37.48568023312883,1973.0,172,112,21.0,0.1875
766d1576-e29b-4bef-9962-ad376db39612,Красносельский район,55.77394755,37.64442611784493,1974.0,200,111,30.0,0.2702702702702703
767b3208-bda6-4b02-96bf-0710ac0c0c17,район Измайлово,55.79280905,37.79898330856247,1957.0,113,65,22.0,0.3384615384615385
76856e42-d6aa-48e3-92a9-a51a773df8b5,район Северное Медведково,55.88926415,37.664802632402136,2015.0,213,97,10.0,0.10309278350515463
768ba887-7606-4c72-b6a3-27ede316c8a7,район Южное Медведково,55.87175385,37.64223831083807,1964.0,147,72,3.0,0.041666666666666664
768fa2df-1cc5-445a-ab71-63d14de662d7,район Замоскворечье,55.7437939,37.6342074,1959.0,306,140,20.0,0.14285714285714285
76a089fb-66a6-4ac4-b4e2-fa93bd7da379,район Якиманка,55.7216206,37.60670134211453,1963.0,123,72,16.0,0.2222222222222222
76aa2c1f-b556-4338-9acf-083917af4952,район Южное Тушино,55.8503298,37.4499596,1961.0,101,48,2.0,0.041666666666666664
76b33b9a-628d-446c-8bba-da396fb33519,Ярославский район,55.88234145,37.720626755065595,2011.0,210,104,21.0,0.20192307692307693
76b5332a-b67f-4465-8653-5548a4acfe85,Тверской район,55.7756024,37.60566298911051,2003.0,57,34,15.0,0.4411764705882353
76bc5379-81ce-42b5-ae40-483e81eaacb8,район Коптево,55.8318436,37.52103129453728,1969.0,143,80,10.0,0.125
76d6292e-3ff9-45f2-a177-8bbb2c761e21,район Зябликово,55.61406265,37.73427241379692,2007.0,84,48,15.0,0.3125
76d73e91-20ea-44c3-85bd-b241be94ef70,Хорошёвский район,55.801713649999996,37.524121343855484,1951.0,191,105,34.0,0.3238095238095238
76e40050-f736-4ad8-bc87-5e0e4b95896f,район Гольяново,55.81895335,37.82515748415726,1970.0,423,319,81.0,0.25391849529780564
76e561de-b7cd-455e-8062-06c421872b2c,район Коптево,55.8240057,37.5251262439006,1956.0,130,50,3.0,0.06
76f1d5cc-6371-42db-aaeb-6ec83812fd3d,Лосиноостровский район,55.87123835,37.67726411989867,1997.0,409,169,21.0,0.1242603550295858
77002818-74d6-4475-a7bd-2e248a455b57,район Бибирево,55.896100849999996,37.61287215,1981.0,282,127,3.0,0.023622047244094488
7705f763-8ef6-4d4f-8322-e4910063bd5e,Басманный район,55.77251055,37.70440541991009,1969.0,293,178,47.0,0.2640449438202247
770a307f-fe53-44fb-9f4b-cc6f1b1343b1,район Арбат,55.754602250000005,37.594624849048984,1902.0,29,14,3.0,0.21428571428571427
7716af98-edf9-4979-b766-e69dbdfe9bb1,район Кузьминки,55.7026975,37.756041232903506,2002.0,223,107,24.0,0.22429906542056074
7728309a-a594-4c1e-9ac4-4a610373793d,район Очаково-Матвеевское,55.7066212,37.46214469890812,1970.0,706,287,6.0,0.020905923344947737
7728e281-f601-4a98-a108-c4ee3606601d,район Бибирево,55.8891901,37.60485944990849,1977.0,244,127,20.0,0.15748031496062992
772960dd-e505-4a94-874a-acd580fd1912,Южнопортовый район,55.70010765,37.68098371815424,1975.0,147,67,2.0,0.029850746268656716
7729a09d-a053-450b-b023-cb8deb34ab40,район Марьина Роща,55.7973529,37.60566719881438,1969.0,147,80,8.0,0.1
772f14b6-f330-4886-8481-112192088c27,район Чертаново Южное,55.602350099999995,37.581588694820184,1980.0,190,109,15.0,0.13761467889908258
7734654c-f278-4a37-b1dd-d3eec9ab941d,район Раменки,55.7197645,37.5222076107067,1962.0,120,66,5.0,0.07575757575757576
773e2bd1-aa3e-4d84-a6f7-ba95dd3430e9,Тимирязевский район,55.8298263,37.57041867218544,1971.0,480,214,17.0,0.0794392523364486
7745c617-461f-4e1e-806a-4163bc6c67c1,Бабушкинский район,55.86836975,37.664869432721034,1970.0,150,82,16.0,0.1951219512195122
77485dd7-c893-4971-8306-df556116d5cb,Мещанский район,55.786394650000005,37.63329845149917,1967.0,172,112,21.0,0.1875
774a68b3-1f6c-4c74-8809-692d007fe1f6,Тимирязевский район,55.82250885,37.5615858294052,1965.0,367,180,6.0,0.03333333333333333
77533d3c-4dfc-4414-b474-c62153bbd919,район Арбат,55.7489316,37.595634000000004,1965.0,148,84,7.0,0.08333333333333333
775cfb50-1b3e-4dd4-a157-456bc6b7c93a,городской округ Троицк,55.4954219,37.32521138368879,2012.0,15,12,7.0,0.5833333333333334
7766ccd7-3638-4c71-acae-f97de0231e38,городской округ Троицк,55.59379535,37.367035349999995,2004.0,134,67,16.0,0.23880597014925373
77789bc2-12aa-480c-a61b-cc0e8d0249a5,район Чертаново Южное,55.60465155,37.591002700000004,1972.0,177,94,1.0,0.010638297872340425
777963b3-13ca-4c4f-97cc-cbe9e2725259,район Арбат,55.7532615,37.585159545672596,1931.0,37,16,3.0,0.1875
77806201-db7b-40f9-9ccf-beb289c2d00e,район Печатники,55.6807366,37.72329594865286,1974.0,823,420,63.0,0.15
778542e0-05dc-437f-8bd2-28cc031b500d,район Ново-Переделкино,55.65132745,37.34846120700311,2008.0,365,179,6.0,0.0335195530726257
778ae875-b37f-4605-a59a-a3519303a2b5,район Сокольники,55.789699049999996,37.675261283529,1962.0,163,80,9.0,0.1125
778de074-b597-4c16-8059-b0509ea4c68e,район Ховрино,55.869924,37.4851789323883,1965.0,130,84,20.0,0.23809523809523808
77977214-d3bf-41ed-825a-c6489c2d1a85,Хорошёвский район,55.7774772,37.51195372008357,1967.0,169,84,6.0,0.07142857142857142
7797c93f-2749-4c01-b5be-b9b046d69563,район Хамовники,55.73793285,37.59565523497843,1917.0,22,12,4.0,0.3333333333333333
77b13843-8e74-4861-9b6f-7c7b60e6b381,район Хамовники,55.73285705,37.580546468377285,1995.0,29,11,1.0,0.09090909090909091
77b75cd4-d811-4213-883d-67d1b55eaa52,Хорошёвский район,55.798756749999995,37.5263461078393,1958.0,90,44,9.0,0.20454545454545456
77baedbf-2863-4c38-8472-c7e0fff4f71b,район Раменки,55.72588905,37.5307155,1966.0,130,72,6.0,0.08333333333333333
77bd62de-3ae8-4e8b-a3fd-ed65c68163ff,Войковский район,55.83239295,37.487671388789735,1963.0,125,70,9.0,0.12857142857142856
77bd86f4-16b0-4a92-9271-a832118009d5,Мещанский район,55.77929845,37.64034509522968,1977.0,138,72,19.0,0.2638888888888889
77bf3608-eae5-45c9-bb50-5365529cb029,Хорошёвский район,55.7802084,37.525064,1964.0,165,79,11.0,0.13924050632911392
77bfcf52-ac49-4b90-8615-06e97812e875,Тверской район,55.76887145,37.616309064348584,1917.0,32,13,1.0,0.07692307692307693
77c64558-5817-449c-a61a-399ad78c2140,район Черёмушки,55.6516864,37.563961599894995,1965.0,140,84,17.0,0.20238095238095238
77d33d18-48c8-44eb-84f1-f6133a96e464,район Соколиная Гора,55.7659324,37.73914355,2002.0,233,132,26.0,0.19696969696969696
77d90e25-5596-455f-be82-3acb8c51dcda,район Проспект Вернадского,55.67705775,37.4993828178288,2015.0,407,176,15.0,0.08522727272727272
77e6f95a-1157-4dce-afa4-78c46747809c,поселение Московский,55.7527666,37.5341874,2012.0,188,113,46.0,0.40707964601769914
77efb437-0e15-4b73-8246-2b2320fadf72,район Текстильщики,55.699887849999996,37.7386452,1972.0,159,104,33.0,0.3173076923076923
77fbb78f-41ea-407d-9428-d8804edfa6cb,Бескудниковский район,55.86122175,37.55439441045471,1969.0,235,111,10.0,0.09009009009009009
7806f929-830c-4fe4-80a3-25dda8f05950,район Сокол,55.811892400000005,37.49181814083852,1971.0,172,84,13.0,0.15476190476190477
780928e8-1d48-4b8d-ac94-ce61e7526dcc,район Кузьминки,55.707467550000004,37.778381228683216,1966.0,163,84,4.0,0.047619047619047616
78243daf-aa0d-4a8d-b959-71ca21837ed4,район Кунцево,55.744527250000004,37.409246407576425,1965.0,165,97,29.0,0.29896907216494845
7836691a-e457-46b5-9237-a09a9a37ba62,Даниловский район,55.7197139,37.61755174694015,1937.0,172,68,7.0,0.10294117647058823
7846d504-2b4d-454c-80fe-4854d9808f20,Ярославский район,55.8780406,37.71851381283392,1970.0,253,112,5.0,0.044642857142857144
78492033-a6e4-4c83-83e3-cf6802d55f27,район Очаково-Матвеевское,55.706021899999996,37.47948945055559,2005.0,442,171,13.0,0.07602339181286549
784af8f5-82a5-42cb-b3e2-1737a62f9a95,район Чертаново Южное,55.5993524,37.60517618040131,1975.0,326,188,8.0,0.0425531914893617
784b7070-0617-4cbc-89b4-ab0d953412db,район Замоскворечье,55.72939565,37.63198749142427,2003.0,17,10,4.0,0.4
786c6c74-8eb9-426f-a461-0850330f831c,Басманный район,55.7732547,37.708737,2002.0,280,132,21.0,0.1590909090909091
786f0bc2-c35a-4078-8cc0-fac44aa93617,район Орехово-Борисово Северное,55.625372350000006,37.7082702,1984.0,1032,472,16.0,0.03389830508474576
78717516-3850-43cb-9228-96935cc7c52b,Обручевский район,55.66095165,37.509622610830746,2010.0,1135,634,169.0,0.2665615141955836
78728cd7-febd-4d11-b1ab-c0303b469b63,городской округ Щербинка,55.6840508,37.7444137,2011.0,243,309,209.0,0.6763754045307443
7874790d-3dc4-4de9-aad9-76ec1e18d799,Мещанский район,55.7759539,37.6304407,1906.0,31,19,5.0,0.2631578947368421
788a7c18-0cfc-4668-b71c-b45a501a9676,Мещанский район,55.789170850000005,37.62300569119821,1981.0,216,124,14.0,0.11290322580645161
789c4600-4a43-4890-adbb-c89959e47e08,район Филёвский Парк,55.737124800000004,37.4915824487911,1998.0,371,201,50.0,0.24875621890547264
78a6f7d5-e2aa-47da-b02b-1c28f1e61769,городской округ Щербинка,55.977847600000004,37.171574471208245,1976.0,78,37,1.0,0.02702702702702703
78aacb55-c9ae-4dbb-aa84-7a1e7f93f6f7,Рязанский район,55.721357499999996,37.7833858,1962.0,74,52,19.0,0.36538461538461536
78ab8920-3274-4254-aea0-ae0a56ec07f0,район Северное Измайлово,55.8040958,37.812693295440255,2002.0,748,335,13.0,0.03880597014925373
78ac7d01-596e-4093-b40e-2fda246a9427,поселение Московский,55.602821399999996,37.36708755894506,2015.0,285,462,346.0,0.7489177489177489
78b65594-ab4b-4013-b76a-a87089f9d017,район Левобережный,55.8586119,37.48415498022373,1966.0,249,144,46.0,0.3194444444444444
78b7ee43-a94d-48b7-b8ec-0dc4b5d00ea4,район Зюзино,55.6462123,37.6047172,2007.0,345,220,91.0,0.41363636363636364
78b85bb6-9300-476a-abe8-e0a78247495c,Хорошёвский район,55.787779,37.51941509270395,2008.0,169,96,24.0,0.25
78bd93f3-3281-4571-9f65-c3d54037203e,район Фили-Давыдково,55.714770849999994,37.458472675101945,2006.0,1077,429,11.0,0.02564102564102564
78c89fff-fc55-4bc1-860c-b574636c3e40,район Царицыно,55.6320804,37.675539371025124,2008.0,193,129,44.0,0.34108527131782945
78cddef1-f24d-443e-b792-7b6cbc9fe7a8,Пресненский район,55.773761050000005,37.58004498181697,1961.0,62,56,28.0,0.5
78d8067d-fc0d-4f85-b943-aba076706976,район Ховрино,55.86682885,37.488618737527915,1983.0,107,55,10.0,0.18181818181818182
78d80cf5-7d65-4d76-add4-3fb2ace68f12,Хорошёвский район,55.78628055,37.523148692976974,2004.0,238,251,163.0,0.649402390438247
78d8542e-78e1-4c96-a16a-44a8bc03b90f,район Коптево,55.8433112,37.54402300442101,1963.0,111,71,17.0,0.23943661971830985
78df91eb-4b8c-4ded-ad9e-5c092b477c34,Хорошёвский район,55.7752925,37.53449191383495,1988.0,582,261,24.0,0.09195402298850575
78f91ab9-341f-4c09-911f-9cd2ab75049d,район Хамовники,55.7443025,37.5823854,1956.0,242,129,42.0,0.32558139534883723
78fdfe18-b0ad-4fb4-92db-308881bb5986,Басманный район,55.768012,37.67629253291485,1976.0,205,107,2.0,0.018691588785046728
79111ce6-bef2-4728-9dbe-501f501fe90e,район Марьина Роща,55.79739375,37.607076514082905,1969.0,141,80,12.0,0.15
79131b75-d1e5-4066-96cf-6afc73a711f0,Таганский район,55.739222049999995,37.67511173262611,1960.0,185,85,12.0,0.1411764705882353
7917f6f7-cd0b-468e-bae9-faa0897cf970,район Северное Измайлово,55.80585095,37.80906847647318,1966.0,230,160,53.0,0.33125
7920e163-ff66-4607-8bb7-f68cec040278,поселение Первомайское,55.5355762,37.22756399129837,1975.0,138,77,15.0,0.19480519480519481
792eb8fa-ea0b-4bd4-b240-419e60d27141,район Измайлово,55.79249765,37.77707952893455,1959.0,111,45,1.0,0.022222222222222223
792ef09c-d445-46f8-8ec3-f0f93d7ddb73,Академический район,55.6906531,37.590185532298506,1967.0,182,98,6.0,0.061224489795918366
7933ac16-07bd-4205-a8fd-d37fbca7277b,район Сокол,55.79513955,37.509550368298974,1960.0,108,63,9.0,0.14285714285714285
79419f5b-e327-4bd4-a3fb-580a19b438e8,район Зюзино,55.66299695,37.608529319818146,1976.0,171,112,36.0,0.32142857142857145
795b62eb-95ab-4ea7-be6b-36ada4555c9b,район Лефортово,55.771459699999994,37.71377834597263,1979.0,188,94,16.0,0.1702127659574468
795db813-c79e-4789-9ad1-8867076ae489,Тверской район,55.7898223,37.589242087326774,1929.0,146,53,6.0,0.11320754716981132
7963c433-ddb7-416a-8353-68e5fdfd36ee,район Левобережный,55.8638586,37.46599648173803,1966.0,609,280,6.0,0.02142857142857143
79774251-04df-4ffa-9a05-35eaa50cfe4b,район Проспект Вернадского,55.66779665,37.50783825,1963.0,91,71,27.0,0.38028169014084506
7988ffff-9a85-4507-b024-676998a240f4,Пресненский район,55.76256,37.566829030493025,1910.0,129,62,9.0,0.14516129032258066
799c288a-dd1c-4e1e-9760-71b99b4ab6cd,Южнопортовый район,55.7209115,37.6644322,1963.0,109,72,5.0,0.06944444444444445
799ffa6b-b4a3-4b10-b17d-2a9d6a29f0b8,район Нагатинский Затон,55.677008,37.67134855179961,1966.0,161,83,3.0,0.03614457831325301
79a4de01-a44a-441c-9507-3e2e2436bf4f,район Восточное Измайлово,55.79929665,37.8223818,1969.0,303,168,15.0,0.08928571428571429
79a5951a-bb8e-42ab-867a-d8820b795360,район Якиманка,55.730970150000005,37.609970103971676,1964.0,156,102,32.0,0.3137254901960784
79a6a7b0-cb90-4fbd-bc4c-acb291bc150c,район Щукино,55.800579,37.469729790247854,1947.0,31,19,9.0,0.47368421052631576
79b19e0e-f2b0-40a1-8f37-9474256e21fa,район Вешняки,55.7323595,37.82337570406952,2000.0,525,264,32.0,0.12121212121212122
79b7a6f7-0c0d-4e74-9b8b-bee75419f1ad,район Коптево,55.8381199,37.525147881613435,1962.0,162,76,6.0,0.07894736842105263
79b85e1c-f33e-4c11-bd34-3ab0d2c2a49a,район Северное Медведково,55.8834467,37.664165775,1970.0,165,98,16.0,0.16326530612244897
79c06585-ece9-4a4c-b050-cee8b9e87c8a,Басманный район,55.7620424,37.65387492976848,1913.0,27,13,4.0,0.3076923076923077
79c0df11-9c1b-4e15-b3b1-6b07935bb928,Академический район,55.68349765,37.57850114372341,1997.0,324,149,29.0,0.19463087248322147
79dc3774-a7f7-4321-83e3-29cbdc4f695f,район Кузьминки,55.700405450000005,37.78351167214686,1965.0,144,96,16.0,0.16666666666666666
79dcf22e-298b-45ad-b22c-1b6db5ccb746,район Царицыно,55.63532025,37.651763891257374,1965.0,98,72,17.0,0.2361111111111111
79f22dcf-01c7-4f25-a57a-e3acfdd79c6a,район Проспект Вернадского,55.679143350000004,37.49954077528323,2006.0,421,190,40.0,0.21052631578947367
79f7910a-1764-4c4a-865a-57861b7c1816,район Хамовники,55.72146015,37.57826674187996,1922.0,104,46,2.0,0.043478260869565216
79ff1c76-375e-4fc2-a66e-efd4a9dcde64,район Орехово-Борисово Северное,55.61706975,37.69905998041167,2000.0,289,135,18.0,0.13333333333333333
7a057ed7-9240-43d0-b9db-49eb2f4efad9,Академический район,55.6929806,37.56865818593435,1958.0,72,40,8.0,0.2
7a08266b-f92c-4252-9e05-b0635ba19c63,район Зюзино,55.65472295,37.588744651190474,1966.0,122,96,41.0,0.4270833333333333
7a13397d-1e96-4b92-bd00-30c321ac0450,район Южное Тушино,55.8378879,37.463656302173916,1968.0,337,160,15.0,0.09375
7a3af41a-cd99-40d9-8fce-e769c6b6a7ee,Мещанский район,55.78125335,37.63512047174194,1929.0,80,45,12.0,0.26666666666666666
7a3eb4e3-9e3c-437a-b7fa-bc6344047000,район Ростокино,55.8296651,37.66520984971544,1966.0,252,131,23.0,0.17557251908396945
7a407bf7-ba2e-4158-8f05-3d504465523a,район Тропарёво-Никулино,55.68042045,37.47029659424027,2012.0,215,160,65.0,0.40625
7a4498a7-edfd-4644-a6cc-85e7cd34b605,район Ясенево,55.5992241,37.51115962119069,1996.0,257,133,15.0,0.11278195488721804
7a84a50c-798b-43d4-908c-a76297203bcb,район Хамовники,55.722637950000006,37.573086315476715,1962.0,108,72,24.0,0.3333333333333333
7a8c4bc5-1424-4e85-9172-d76d379286ba,район Новогиреево,55.74771685,37.82719649756157,1971.0,181,98,2.0,0.02040816326530612
7a909dca-1c09-4a7f-b84d-1163591ac342,район Чертаново Южное,55.6014346,37.598054392087334,1972.0,1426,570,5.0,0.008771929824561403
7a99080f-8bdd-4ee4-9a48-e960f38f5bd8,район Северное Медведково,55.891717,37.654877600000006,1999.0,406,193,19.0,0.09844559585492228
7a99503c-bc19-46b4-a247-1d30969672a3,район Нагатино-Садовники,55.6607871,37.62810370099472,1952.0,147,70,13.0,0.18571428571428572
7aa23d8a-0e37-4b7e-bf58-06defe1543f8,район Новогиреево,55.75018015,37.8129473,1969.0,161,84,15.0,0.17857142857142858
7aa7813c-a7aa-4e23-8c24-a22227b10e39,район Черёмушки,55.6778957,37.560531840293436,2004.0,293,128,16.0,0.125
7ab2725f-ab5b-4511-9678-d7e7d67df272,Ярославский район,55.86662495,37.69531916682669,1972.0,195,95,21.0,0.22105263157894736
7ab3681b-59ff-4a42-b03f-ee4ec2854648,район Проспект Вернадского,55.6685297,37.50276927529316,1963.0,125,72,9.0,0.125
7ab4aeff-128f-4a60-bfb4-6bee22f71985,Нагорный район,55.643,37.61667605,1962.0,133,70,8.0,0.11428571428571428
7ac68611-4370-4cf2-bb43-70b2f2b06c8e,район Преображенское,55.8048425,37.7159688,1971.0,560,285,26.0,0.0912280701754386
7ac9260d-7fec-44e9-89b9-18f55af9caec,район Орехово-Борисово Южное,55.6095967,37.74364498298762,1977.0,1081,576,18.0,0.03125
7acab823-234b-4835-ba4e-70c1f512e381,район Кунцево,55.73944245,37.39654232542999,1964.0,163,82,10.0,0.12195121951219512
7ad735b1-a0b3-4b7b-8569-9264fbc057a5,район Щукино,55.7963135,37.45871825919084,1964.0,111,72,15.0,0.20833333333333334
7ade45e2-1084-4c3a-8cc3-c4abc3129173,Тверской район,55.7874042,37.600435214125135,1982.0,173,91,15.0,0.16483516483516483
7aeaf2d6-1c38-4f03-b8cf-c40d18cf341c,район Бирюлёво Восточное,55.600342,37.664810200000005,1971.0,175,98,5.0,0.05102040816326531
7aedf9cb-3294-4a73-95ad-407dfabb4044,район Соколиная Гора,55.775550550000006,37.726228650885545,1967.0,569,356,69.0,0.19382022471910113
7af754f4-af61-4c7a-8b30-3c2a3e389500,район Кузьминки,55.710822050000004,37.75984661728686,2007.0,157,128,58.0,0.453125
7af80e1e-9aac-4284-a8f3-1fc17a2cdeeb,район Сокольники,55.79124025,37.67376359728353,1980.0,269,124,11.0,0.08870967741935484
7af9d8d2-40ff-4ff3-be16-6f84beca60ac,район Новогиреево,55.75003245,37.806260949999995,1967.0,115,84,33.0,0.39285714285714285
7b035bd2-cf4b-4f60-8768-7795ba869c10,район Бибирево,55.89616695,37.618612150000004,1979.0,239,127,19.0,0.14960629921259844
7b208cee-f0f2-4f4b-b11b-afd232fb024a,район Якиманка,55.73540455,37.614961318567566,1957.0,108,53,3.0,0.05660377358490566
7b2415bb-6f65-45e8-bb51-0cb1d9320fb8,Академический район,55.681280900000004,37.57657700825648,1998.0,169,75,9.0,0.12
7b257d1d-d7aa-485b-93e6-07da33b45035,район Восточное Дегунино,55.8905768,37.5595422,1980.0,191,108,14.0,0.12962962962962962
7b2bb863-e6ea-43ce-9931-c7a5693e4272,район Очаково-Матвеевское,55.508215,37.2200714,2012.0,173,128,59.0,0.4609375
7b37a31c-61d9-4302-bb1b-f8e823326d4b,Бескудниковский район,55.862598500000004,37.55868767577766,2016.0,355,189,24.0,0.12698412698412698
7b40e489-1199-44a0-9b43-bd8464a27a11,Тверской район,55.78958065,37.599719100079575,1979.0,627,321,45.0,0.14018691588785046
7b414660-f135-4c05-8060-b0ac7126d040,район Восточное Измайлово,55.790024900000006,37.802698400680505,1969.0,470,272,17.0,0.0625
7b511c96-b400-4ddb-8e68-1bf062e58584,Тимирязевский район,55.8095151,37.569123981539505,1967.0,153,81,5.0,0.06172839506172839
7b58aff0-169d-4e93-8944-1d9d1b2ea75a,район Ховрино,55.87337825,37.495380834334235,2002.0,309,135,2.0,0.014814814814814815
7b5a9105-4407-4ffc-bf48-2cf4dc811037,поселение Филимонковское,55.552294149999994,37.33171344251833,2013.0,35,16,1.0,0.0625
7b5bf0a4-4847-4487-9bdf-74eb1a16764c,район Царицыно,55.6256369,37.65918372425651,1969.0,172,84,1.0,0.011904761904761904
7b5d55a1-fe3a-461c-8441-cd7120b88d44,район Кунцево,55.73511115,37.40475841475349,1963.0,107,66,10.0,0.15151515151515152
7b7d7387-7e44-4723-8d8a-3ff52e48e2c6,район Орехово-Борисово Южное,55.609642550000004,37.738868038074564,1977.0,343,193,18.0,0.09326424870466321
7b8500ef-7ab5-4375-aea7-c5f718b14e95,Таганский район,55.7523061,37.64252140963822,1917.0,20,9,2.0,0.2222222222222222
7b8755da-fbeb-4070-97c9-8c0fcdac9f73,район Измайлово,55.7942877,37.798410449569495,1964.0,132,66,12.0,0.18181818181818182
7b87f642-1d95-4ed1-b8d2-13171e461334,район Хамовники,55.74002805,37.57399492828424,1976.0,373,189,38.0,0.20105820105820105
7b92f95b-370c-4445-9b7b-2a7f103552df,район Северное Измайлово,55.8036056,37.816407849267556,1963.0,113,68,11.0,0.16176470588235295
7b96a315-1831-4a21-85cd-611b546edb5f,район Проспект Вернадского,55.671184600000004,37.51140043745954,1963.0,126,72,8.0,0.1111111111111111
7b990257-9fab-42bc-bd53-c0d6d07887e2,район Аэропорт,55.79614755,37.559137260336676,1953.0,246,114,29.0,0.2543859649122807
7b9bab98-bed7-436a-822a-c9d6f770f8c5,район Ростокино,55.8331929,37.64195885,1960.0,99,64,15.0,0.234375
7ba30d55-9b73-466d-8896-91834a21b08b,район Текстильщики,55.7167527,37.73205762554886,1969.0,181,84,5.0,0.05952380952380952
7ba8cd15-20b8-45d4-8ade-58c0cfba043a,Алексеевский район,55.805999799999995,37.64204855,2010.0,698,507,193.0,0.3806706114398422
7ba9a952-757e-4f8d-b1f6-956c39ccaedc,район Северное Бутово,55.5667541,37.56124207682696,1993.0,455,204,13.0,0.06372549019607843
7baf2b89-c911-4b5c-a788-f85ba8d04eb0,район Лианозово,55.9050565,37.55109686208449,2006.0,873,485,48.0,0.09896907216494845
7baf7018-71df-4a0b-8be7-5c70c5054384,район Хамовники,55.73268195,37.58791180593313,1970.0,279,170,38.0,0.2235294117647059
7bb79837-0428-4bf2-bf8a-237e028cffce,район Измайлово,55.793729049999996,37.798169641361405,1961.0,186,85,5.0,0.058823529411764705
7bda2657-4298-48ef-b48c-2f7550fa5936,Обручевский район,55.64517455,37.498251676110314,2004.0,296,122,29.0,0.23770491803278687
7be440d6-7509-485f-817e-a7d2bb34ca4a,район Митино,55.837645949999995,37.391952044705775,2003.0,323,142,14.0,0.09859154929577464
7bf57ea7-3243-463f-a3b9-392658e78546,район Северное Измайлово,55.8036485,37.81443675401535,1963.0,114,68,10.0,0.14705882352941177
7bfb62d0-3aa7-4d1c-b342-5870dc6ea87a,район Левобережный,55.865328399999996,37.468560182603845,1973.0,166,91,14.0,0.15384615384615385
7bffabcb-53d7-4272-83a1-3b1f8faa587a,район Проспект Вернадского,55.6778506,37.4899753,1966.0,135,80,14.0,0.175
7c017992-d86a-4db4-98d0-0264643457f9,район Перово,55.74659575,37.78666422026498,1969.0,164,84,1.0,0.011904761904761904
7c0a8fa9-62bf-40c7-8b87-d49168c4f757,район Чертаново Северное,55.637972899999994,37.59203795362192,1983.0,621,343,67.0,0.19533527696793002
7c0bf3a3-b9da-4fd3-8f45-e0f3a746509f,район Москворечье-Сабурово,55.63919755,37.66382729944898,1997.0,884,406,29.0,0.07142857142857142
7c1206b7-8fe3-43cc-8288-56f4caeea882,район Котловка,55.68564765,37.595684399999996,1965.0,128,81,18.0,0.2222222222222222
7c15312e-12b8-487e-b9ab-6270143558b6,Ломоносовский район,55.687055,37.5271541,1959.0,428,197,14.0,0.07106598984771574
7c1868a9-034c-4799-8ae3-e252febd5356,район Измайлово,55.789853050000005,37.795934585523355,1959.0,119,64,7.0,0.109375
7c2a0148-6324-4428-9b66-9a8386c58b96,район Выхино-Жулебино,55.6970754,37.8157372,1971.0,458,215,28.0,0.13023255813953488
7c2ac092-9466-4b96-8ca8-dd8cf72eee66,район Кунцево,55.74106255,37.4360010543423,1996.0,596,258,35.0,0.13565891472868216
7c2d71fa-4c9c-48c1-bb05-88ff6df9d7ee,Бабушкинский район,55.8686997,37.67409031846922,1966.0,114,72,1.0,0.013888888888888888
7c33d0cd-9e50-4aa1-b691-d0401c0c59da,поселение Московский,55.8400182,37.53491489999999,2011.0,139,111,62.0,0.5585585585585585
7c3d7293-e2d7-48fe-8776-3b5a7ca7ea30,Гагаринский район,55.70639815,37.56976547971306,1967.0,236,110,9.0,0.08181818181818182
7c4ae3bf-8d14-4984-bd0a-054246c264f9,район Филёвский Парк,55.7435905,37.49303785083427,1964.0,169,80,11.0,0.1375
7c4f7f6b-d7dc-4536-a33b-bf8a02337f17,район Коптево,55.8379918,37.53117499999999,1966.0,115,67,8.0,0.11940298507462686
7c516287-7ef5-4903-ac48-0875fa53fbf0,Обручевский район,55.66717095,37.521122492180524,2010.0,393,197,22.0,0.1116751269035533
7c525ec3-3a96-446f-86ac-cb0c26ce56be,Рязанский район,55.72080335,37.79700111732555,1967.0,449,227,6.0,0.02643171806167401
7c562c5f-eca4-4a23-9a08-3c91980cb39a,район Черёмушки,55.6508892,37.562539975143224,1965.0,165,84,1.0,0.011904761904761904
7c584c01-ed18-4614-8e1a-6eb9e1776fef,Головинский район,55.8460459,37.517804670107395,1970.0,153,81,4.0,0.04938271604938271
7c61561a-da1a-4d96-81d8-ec0cd6682f44,Алексеевский район,55.8114853,37.65631249894065,1955.0,564,271,70.5,0.25830258302583026
7c65fd85-eb9a-4d97-9ed9-43846b696b2d,Рязанский район,55.715082249999995,37.7903054462931,1955.0,98,46,10.0,0.21739130434782608
7c6b474d-b943-481a-9c6d-7bd56049a42d,Пресненский район,55.7678758,37.585066725843554,1973.0,315,154,5.0,0.032467532467532464
7c6e677c-670c-4a25-8b7f-a2992d08d268,Пресненский район,55.767344550000004,37.586040042591506,1969.0,192,107,13.0,0.12149532710280374
7c729a8b-6302-47ec-8ca4-91e091f6ab1c,поселение Сосенское,55.566789,37.47860376622111,2013.0,297,248,106.0,0.4274193548387097
7c7868db-c19f-48a6-8132-3fbdefbd2b14,район Тёплый Стан,55.62594895,37.50728495544284,1972.0,286,143,20.0,0.13986013986013987
7c8aefe3-0733-4895-953c-90434131adb7,район Коптево,55.816602599999996,37.52953355473531,1966.0,142,96,25.0,0.2604166666666667
7c928f39-b769-4fb0-a691-17fc8488f387,Войковский район,55.8185235,37.4887499,1971.0,300,173,27.0,0.15606936416184972
7c99bb32-fc56-4908-97e6-00a0aee99cce,район Перово,55.759845350000006,37.79262960167978,1984.0,246,124,5.0,0.04032258064516129
7c9c66fd-3957-4250-915e-4a4b987357a1,Тверской район,55.7827902,37.6067681,1992.0,137,74,14.0,0.1891891891891892
7c9d3387-0f55-4a92-8415-d66741dd4d58,Алексеевский район,55.80825205,37.63840236933963,1962.0,71,79,38.0,0.4810126582278481
7c9e9d65-fef5-4280-b9fd-a82bd31a388d,район Замоскворечье,55.7296914,37.631066106635735,1965.0,94,72,32.0,0.4444444444444444
7cb556ec-e772-49b7-96e9-3f815eda5a14,район Восточное Дегунино,55.865070700000004,37.56750443103182,1971.0,782,358,56.0,0.1564245810055866
7cc03bb1-c27a-4f56-a43d-4edc36b7e00b,район Измайлово,55.794762,37.796068381849985,1962.0,146,80,8.0,0.1
7cc415d8-5617-425b-9596-a8dba0c643f5,Обручевский район,55.6654625,37.5473061,2012.0,36,443,427.0,0.963882618510158
7cc48ed2-91dc-4e2b-b46f-9d092cd6c252,район Измайлово,55.8024761,37.80393447296467,1963.0,209,112,10.0,0.08928571428571429
7ccf3aa5-3600-4534-a766-5fa1d8f97fa8,Басманный район,55.76330265,37.64597403969388,1915.0,29,12,4.0,0.3333333333333333
7cd3c4de-ef23-4635-9457-12cb43b73607,район Аэропорт,55.81077535,37.53464653875233,1959.0,103,61,4.0,0.06557377049180328
7cda30e0-15c9-4560-a252-17cd2355f955,Рязанский район,55.7153333,37.786650984866256,1969.0,167,84,2.0,0.023809523809523808
7cda97f8-04fc-4773-bd08-34e01b37e4c3,район Гольяново,55.826829149999995,37.825300864883815,1972.0,479,352,137.0,0.38920454545454547
7cdc576d-b312-4fcd-9ed1-5287d68ce0e7,Обручевский район,55.66162885,37.52194755,1964.0,116,72,15.0,0.20833333333333334
7cdf5002-caf3-44f6-8306-61d5b2bbe161,район Кунцево,55.744818249999994,37.41646891870922,1982.0,211,108,2.0,0.018518518518518517
7cdf8b69-b11f-4602-8fed-07f7123631e3,Хорошёвский район,55.7796002,37.52122937933568,1959.0,181,80,1.0,0.0125
7ce55e92-31b9-4560-8cfd-567155f3246b,район Лианозово,55.9028512,37.57325415085903,2005.0,283,184,41.0,0.22282608695652173
7cec832c-2207-4a77-8564-b44e501a8761,район Хорошёво-Мнёвники,55.7841193,37.47759954836377,1964.0,84,72,31.0,0.4305555555555556
7ceeaa1e-d59a-47d5-8022-d8f3f7278c27,район Коньково,55.6307563,37.5192104,1986.0,477,436,228.0,0.5229357798165137
7cff3d42-140d-4d03-a406-c690677227c9,район Зюзино,55.6592629,37.59034729948863,1967.0,172,84,11.0,0.13095238095238096
7d02de55-ce95-480b-b65a-478f51b6b735,район Восточное Измайлово,55.7943389,37.81575862510019,1967.0,124,72,7.0,0.09722222222222222
7d1372ed-37ac-4de0-a35b-244837cb85c9,Рязанский район,55.71742295,37.74946855000002,2008.0,342,264,145.0,0.5492424242424242
7d196d22-b134-4f28-a632-2efdfa7382c3,Басманный район,55.7628514,37.64672142080601,1894.0,18,10,4.0,0.4
7d23d632-247a-4347-b547-1bb2a7b03b26,Мещанский район,55.7706935,37.62558560105875,1916.0,14,10,5.0,0.5
7d28c425-5662-4ca7-9a7a-0bb18dd03ff2,район Западное Дегунино,55.86990575,37.52946080010384,2006.0,193,102,17.0,0.16666666666666666
7d2b1f02-12ce-42e2-90d1-e8a1243ca8ed,Пресненский район,55.757413150000005,37.568626,1956.0,40,15,1.0,0.06666666666666667
7d34b86d-579a-4410-814c-fd5a151ce8ac,Тверской район,55.76524585,37.616533398884755,1958.0,59,31,5.0,0.16129032258064516
7d3b579b-d497-4ace-8da1-cc6ebaac6d66,Пресненский район,55.757153450000004,37.523324873245755,2007.0,96,56,7.0,0.125
7d4f3244-8373-47eb-ab23-6bf3d9132ba2,район Перово,55.7594988,37.79121854058892,1965.0,87,68,27.0,0.39705882352941174
7d655c33-6fa2-4e21-b554-3af0ab712e95,район Сокол,55.8034643,37.51696138391987,1953.0,36,15,4.0,0.26666666666666666
7d76bbb3-5420-479b-af37-bf948e74ff17,Пресненский район,55.7699339,37.56655946287425,1968.0,97,72,30.0,0.4166666666666667
7d7e5320-de24-484e-9472-efe7db476303,район Сокол,55.796284,37.5115924,1953.0,179,66,2.0,0.030303030303030304
7daf01f6-288f-4402-b112-7f7ca7c08b9b,Мещанский район,55.7883762,37.62972432406807,1969.0,193,108,21.0,0.19444444444444445
7db2a7cc-a500-479f-83d5-58d2e527b796,район Бирюлёво Восточное,55.58612235,37.662787917991196,1974.0,451,214,5.0,0.02336448598130841
7db9422b-12f4-421d-bccd-f62889e9a755,район Свиблово,55.8506089,37.63196145564406,1967.0,142,84,15.0,0.17857142857142858
7dc2047f-4745-4c4d-8338-9aa9efba4d74,район Хамовники,55.74303045,37.591098014610324,1914.0,35,12,1.0,0.08333333333333333
7dc3ffdc-8bc4-45dc-ad67-ad25fcd1c506,район Лефортово,55.76101265,37.71586808781619,1972.0,131,96,28.0,0.2916666666666667
7dc7498e-a8f4-4b97-8990-20b1f7cbcf97,Бабушкинский район,55.86459775,37.669865958041925,1997.0,409,175,20.0,0.11428571428571428
7dcd79e8-0e8c-4f51-b7a9-339bf3dd5432,район Марфино,55.825437,37.596433611941166,2010.0,268,160,45.0,0.28125
7dd08b10-809f-4edf-8045-fe6fadaa6815,район Щукино,55.7903649,37.4986997,1961.0,133,71,1.0,0.014084507042253521
7dd6432d-3c80-45cd-9e93-1cc8ab91d5f5,район Зюзино,55.6540189,37.57428441571988,1965.0,106,72,25.0,0.3472222222222222
7ddced22-868c-42cf-8698-f1050a1bdf59,район Щукино,55.790446149999994,37.48168730058077,1952.0,108,44,4.0,0.09090909090909091
7ddf5ca5-a901-4582-93ea-fbc811b1e034,район Соколиная Гора,55.77566415,37.73300835906681,2012.0,165,133,58.0,0.43609022556390975
7df05bad-12f8-48bb-9bf7-5868b25d961b,Тверской район,55.5428694,37.2030491,1917.0,45,16,1.0,0.0625
7df24d7f-8203-4a4d-bde3-feb9a942753e,район Замоскворечье,55.73113205,37.62649179712544,1880.0,24,8,1.0,0.125
7e006e41-c7d8-4616-8770-273580de2db8,район Южное Тушино,55.8372854,37.45816884028268,2004.0,368,149,40.0,0.2684563758389262
7e085009-4540-410d-af44-78c219e99059,Дмитровский район,55.88238425,37.53828707384548,2000.0,243,111,8.0,0.07207207207207207
7e0ab96d-f8af-436c-92ec-3f09fa83677f,район Котловка,55.6702333,37.59567284271219,1965.0,160,73,1.0,0.0136986301369863
7e0d1eab-ec71-4722-8382-5ad081496750,район Коньково,55.6310526,37.5198868,1986.0,416,199,18.0,0.09045226130653267
7e1b873e-013e-4aa5-85dd-0578091f6af2,район Кунцево,55.734673349999994,37.42173082451858,2006.0,502,184,6.5,0.03260869565217391
7e24b46e-15a4-4b4d-95a5-fce9b3122844,Тверской район,55.77851315,37.60211616255012,1995.0,439,190,36.0,0.18947368421052632
7e2b6d01-e12d-4628-8dbf-c6fd3e16b782,район Сокол,55.798836949999995,37.50691572456081,2008.0,378,196,58.0,0.29591836734693877
7e39c39f-785c-4928-ad37-8712be5d7da6,Головинский район,55.8473192,37.487441700000005,1980.0,223,123,26.0,0.21138211382113822
7e3f423f-3b02-4767-92e2-ea5611974e7a,район Тропарёво-Никулино,55.6626198,37.47403963816549,2002.0,660,319,29.0,0.09090909090909091
7e57c003-4826-45a3-b7a1-66f17dc55a02,Хорошёвский район,55.78289385,37.51185854823143,1956.0,169,66,8.0,0.12121212121212122
7e6a856f-f6a3-4c92-b5c6-a1917a7f348b,Таганский район,55.75386485,37.65729257238807,1965.0,604,320,35.0,0.109375
7e70f111-56ca-4844-97de-7794e6f0c67e,район Отрадное,55.8605455,37.5964734,1983.0,508,271,64.0,0.23616236162361623
7e7536cc-f095-457d-a7a1-b5e62cbd5a60,район Хамовники,55.71798725,37.57947005924714,1939.0,300,135,27.0,0.2
7e776db1-4cc3-4337-9dca-c79a095d15ee,поселение Московский,55.60353055,37.37055615589283,2015.0,192,332,242.0,0.7289156626506024
7e7e0b3d-4cc9-4222-9091-36ee350e2cb0,район Нагатинский Затон,55.67624175,37.66928165,1966.0,135,84,20.0,0.23809523809523808
7e834546-50ff-4007-a84b-5887bba25a3f,Нагорный район,55.65744015,37.61664695,1997.0,160,101,30.0,0.297029702970297
7e8d63f9-1efd-4d8a-b3f1-9363a45d8394,Нагорный район,55.6520424,37.613527250000004,2004.0,630,320,63.0,0.196875
7ea18d78-9d66-4cd8-93ed-a18ed9a78eb7,район Северное Измайлово,55.81122515,37.82825649057715,1966.0,292,179,57.0,0.31843575418994413
7eb42590-e5ac-4e9b-a2d0-f4d509a431e0,Мещанский район,55.78487605,37.63449461532521,1917.0,55,24,4.0,0.16666666666666666
7ece9607-7070-441f-8547-e4693a9c7e3a,район Свиблово,55.85056715,37.6563201889369,1987.0,514,286,23.0,0.08041958041958042
7ecf577c-7990-407b-a24a-4af8a78c4bde,район Ростокино,55.83344595,37.657680027143826,1961.0,180,80,6.0,0.075
7ed7a63a-261a-42ad-bab9-5966ba05209a,Хорошёвский район,55.79571995,37.521815862926275,1955.0,128,57,8.0,0.14035087719298245
7ed8c939-fe75-4925-9aa9-9100ff2b896a,Нагорный район,55.697929599999995,37.617299452165184,1953.0,462,384,202.0,0.5260416666666666
7edd3e7b-2cb9-4585-b3d4-1cf9d3da3d02,район Хорошёво-Мнёвники,55.4974824,37.2062772694159,2000.0,188,124,37.0,0.29838709677419356
7ee2e7bb-c4b5-4bea-9167-8612ae19ae69,район Бибирево,55.894509049999996,37.63158355361803,1981.0,264,128,10.0,0.078125
7eebe0d5-ec51-4a26-9574-fd440b9a86da,район Щукино,55.790042799999995,37.495012958779974,1971.0,301,143,14.0,0.0979020979020979
7ef2b7f8-1f92-4e33-835b-71143057664a,Пресненский район,55.7712157,37.5863520979443,1985.0,137,64,10.0,0.15625
7ef2c0c8-fe5c-4696-a069-043b45e3d670,район Тёплый Стан,55.6341259,37.51669902247407,1972.0,300,142,12.0,0.08450704225352113
7ef563b8-fab0-41ef-abb9-774b09c5ddbd,Басманный район,55.759476199999995,37.64483460730199,1904.0,58,25,1.0,0.04
7efd49bc-472e-4cb3-8060-23aa74810ebc,район Северное Измайлово,55.8073608,37.813332255494416,2006.0,238,134,20.0,0.14925373134328357
7f080431-3127-43bc-9798-088f324a4707,район Сокольники,55.785764650000004,37.68330901788397,1965.0,158,84,6.0,0.07142857142857142
7f0a2987-152d-46c9-9799-edcacd06d33d,район Новогиреево,55.7571569,37.81744388621465,1957.0,111,49,1.0,0.02040816326530612
7f0cbbf8-04c3-4439-9533-c1ffdb375638,район Кунцево,55.73614365,37.436242421396734,1985.0,169,79,7.0,0.08860759493670886
7f0fafb5-b5f5-4075-8a14-c8672625d793,район Нагатино-Садовники,55.664252700000006,37.64970320569853,1981.0,272,127,17.0,0.13385826771653545
7f14a2f3-9b06-4383-a920-4eb0c937ec43,район Южное Бутово,55.541549849999996,37.5175331260303,2003.0,328,180,14.0,0.07777777777777778
7f167a98-3c37-4a34-b98b-0cbdbbbfe257,район Фили-Давыдково,55.721347,37.45464703883249,2008.0,213,121,20.0,0.1652892561983471
7f20077f-4f4b-4829-b9db-96fd357f04c4,район Новогиреево,55.757084899999995,37.82467268987942,1979.0,252,136,3.0,0.022058823529411766
7f2480a3-9e05-4e1d-a846-a0022f22c9bc,район Кунцево,55.73505715,37.40676591387937,1963.0,110,64,14.0,0.21875
7f3be069-b103-4351-acbe-9e65ef2ad402,район Богородское,55.808783950000006,37.707255498199146,1971.0,311,208,39.0,0.1875
7f3f2714-3fbf-4258-b029-031ff3c0c940,район Новогиреево,55.74798345,37.82731131044449,1971.0,185,98,2.0,0.02040816326530612
7f450d19-1c61-41cf-addc-fd2a9d64b7a4,район Метрогородок,55.8263924,37.769345492314855,1966.0,153,85,11.0,0.12941176470588237
7f528583-8c92-417b-8f73-59ba1df1e4d4,район Коньково,55.64483125,37.51020707632726,1970.0,381,160,6.0,0.0375
7f553177-8a77-45c9-8c02-ce99740dce69,район Хамовники,55.72394275,37.56838716198408,1926.0,129,54,5.0,0.09259259259259259
7f622e26-7579-4fe7-b77e-4cb89737f37c,район Чертаново Северное,55.62861355,37.591356149999996,1969.0,182,83,2.0,0.024096385542168676
7f626fee-21d1-482b-98b3-f108e6cb54b2,район Чертаново Северное,55.625759099999996,37.59502603113197,1970.0,193,93,12.0,0.12903225806451613
7f64813e-bf97-4129-8a97-3c9a4fcfbeef,район Лефортово,55.76482905,37.711679565387996,1975.0,263,177,30.0,0.1694915254237288
7f72d680-ac13-43f4-89c2-0745edc118bb,Тимирязевский район,55.8243552,37.56407339633638,1966.0,143,96,25.0,0.2604166666666667
7f93020f-2a1e-4d84-bf5a-a5b58aa49ec4,район Сокол,55.792958150000004,37.51300979587438,1952.0,129,54,9.0,0.16666666666666666
7fa1f606-eb42-4cfe-8dc0-c6f2455e6698,район Ново-Переделкино,55.63835695,37.34285274999999,1991.0,371,166,15.0,0.09036144578313253
7fa6b367-9776-44df-843a-e006759c2de6,Басманный район,55.7713269,37.66925825042687,1941.0,114,48,4.0,0.08333333333333333
7faad9ec-d3cb-40a4-8bbf-960bc32eb5af,район Кунцево,55.783596149999994,37.35957203952696,1965.0,156,64,3.0,0.046875
7fb2c8db-8aee-4ee9-93c9-e270225dc715,Красносельский район,55.76707365,37.63952501445995,1960.0,90,47,13.0,0.2765957446808511
7fc2710d-2203-4333-9dc0-58ebfa7caa97,район Преображенское,55.7997022,37.70686538871968,1997.0,689,342,54.0,0.15789473684210525
7fc4d012-612f-4858-afa5-0c8dd90becaa,район Лианозово,55.905794,37.5521296386389,2007.0,240,138,34.0,0.2463768115942029
7fc762c0-635e-4023-8b4d-9103bc023bf1,район Марьина Роща,55.79176215,37.61411902909599,1971.0,178,98,4.0,0.04081632653061224
7fcfd80a-e20b-445f-9e36-959997003f3b,район Покровское-Стрешнево,55.81471745,37.463939729955584,1972.0,298,144,5.0,0.034722222222222224
7fd7caab-78fa-4619-8fdb-fc91482c8087,район Северное Бутово,55.564167600000005,37.583775866921755,2005.0,805,327,18.0,0.05504587155963303
7fe21159-7965-4032-a155-a69ceaf15d8b,район Свиблово,55.8587928,37.63733855,2006.0,819,384,33.0,0.0859375
7fe28f70-9356-413d-9f06-9d7d7e0e9489,городской округ Щербинка,55.510648399999994,37.56520717742616,1978.0,205,97,5.0,0.05154639175257732
7feb9f5a-dd23-4cbf-824b-2e1c18213083,район Преображенское,55.802957649999996,37.7181334122058,1972.0,444,215,24.0,0.11162790697674418
7ff299bc-1239-45a4-9c46-e625dc84adb6,район Гольяново,55.812026,37.81575791443434,1970.0,673,330,41.0,0.12424242424242424
7ffe4de4-b529-4ef8-b73e-8632c14ec25a,район Гольяново,55.82118405,37.796989993824425,1969.0,280,173,27.0,0.15606936416184972
7ffe8a16-ffc6-464e-b721-82ac2b6b425c,район Дорогомилово,55.7447857,37.56418651147463,1968.0,256,166,55.5,0.3373493975903614
80094da1-6291-490d-a59c-2ce116e1d86a,Ломоносовский район,55.68102985,37.51949934491081,2009.0,269,153,52.0,0.33986928104575165
800e05b7-765b-4137-b145-4144aefb4291,район Беговой,55.781407900000005,37.56883587346951,1968.0,113,72,18.0,0.25
8028cb6f-f3cd-4b5e-b7ea-af17842e9a0d,район Вешняки,55.72305995,37.832770988385974,1997.0,250,110,1.0,0.00909090909090909
80310e57-9e93-419e-ab27-f519becfdd98,Академический район,55.683305000000004,37.56756617035036,1954.0,308,139,30.0,0.2158273381294964
8031e5de-cff4-40f1-ab5c-8e9bb3d27b6b,район Дорогомилово,55.744681850000006,37.56226106607295,1969.0,131,91,29.0,0.31868131868131866
803612d6-c1f5-40d2-aa0d-23e8a2d504f7,Академический район,55.692099049999996,37.573683569209535,1960.0,126,60,2.0,0.03333333333333333
803b7bd9-a305-432a-a8d4-272f8337d2fd,Останкинский район,55.8122186,37.6336216792059,1951.0,100,52,6.0,0.11538461538461539
804258fc-179e-4427-b369-fc04c500fe06,район Левобережный,55.8729961,37.46055093123987,1977.0,237,127,24.0,0.1889763779527559
8048a473-6c6e-4b11-922e-1ec337ea6ee0,район Арбат,55.749573850000004,37.595320103434396,1977.0,93,45,12.0,0.26666666666666666
804b76a5-2257-4541-bc6d-72128466083f,район Кузьминки,55.7027504,37.77731865856462,2006.0,653,255,3.5,0.01568627450980392
804ddefa-b086-49f2-9253-924b8dea211f,район Северное Бутово,55.5606075,37.58564012684993,2005.0,431,234,13.0,0.05555555555555555
8061a741-6d17-460d-8f7c-36f2e672a9df,поселение Филимонковское,55.5319217,37.2378563,2013.0,21,16,8.0,0.5
8068ee39-7c8e-4d2d-817a-232ab838fa80,Даниловский район,55.72561305,37.659598,1963.0,120,72,6.0,0.08333333333333333
806fd510-2721-4695-89d2-8853a8234e35,район Очаково-Матвеевское,55.67673175,37.4517561,1968.0,143,84,25.0,0.2976190476190476
807b668b-ebca-4b81-bd6d-32eb53baacb1,район Кунцево,55.736703,37.401537399999995,2002.0,126,56,8.0,0.14285714285714285
80814195-543d-4d76-825e-1ef0e839b6de,район Нагатинский Затон,55.67398225,37.66631189657572,1964.0,334,171,16.0,0.0935672514619883
808af7b6-1cc7-4d37-b112-9b875c1e4cf4,район Свиблово,55.85335215,37.6620744930088,1971.0,224,98,5.0,0.05102040816326531
808fbf41-33af-4c9b-8f05-b0dba8641eaf,район Коптево,55.84341765,37.544912010899424,1962.0,130,72,7.0,0.09722222222222222
80953934-a5ca-4d60-8f03-3f88c4b8643b,Головинский район,55.849540250000004,37.47525790795475,1975.0,361,153,7.0,0.0457516339869281
809a088d-5ce0-4d99-82fd-bf8dfcece7bf,район Богородское,55.818909,37.7039733070457,1994.0,80,40,6.0,0.15
809bbc42-dbe2-4659-aef0-0dfe371706d6,Савёловский район,55.7920995,37.5726219,1964.0,192,80,4.0,0.05
80bf411e-e5bd-4adb-8694-f5b646bdad7c,район Преображенское,55.8055325,37.722370219039135,1971.0,1121,633,114.0,0.18009478672985782
80d0412a-1f5c-48fd-a308-fd37091e41a6,район Перово,55.7577057,37.78133034901,1969.0,112,68,13.0,0.19117647058823528
80d31560-dec0-415f-8626-c365440f6de1,район Отрадное,55.86714465,37.612824527137654,1997.0,225,131,36.0,0.2748091603053435
80f278cf-9bf9-4856-b532-31e3d432652f,район Измайлово,55.78894405,37.794720701585206,1959.0,100,64,7.0,0.109375
8108bc83-5bc0-42cd-ab01-9f8f45cf648b,Таганский район,55.744664099999994,37.653561603652335,2012.0,35,33,22.0,0.6666666666666666
81131ff7-64ef-4140-8aed-a6aa36ca58e9,район Зюзино,55.64724065,37.583076988890866,1964.0,106,72,26.0,0.3611111111111111
81147b91-972a-4f3a-91db-e957533251f4,Ломоносовский район,55.67696805,37.547507017975164,2008.0,59,272,253.0,0.9301470588235294
8118a94c-9843-4b8f-be61-c11ff1e58153,Пресненский район,55.76021985,37.52076190889974,1973.0,174,98,20.0,0.20408163265306123
811e6ae2-349a-481d-b310-f0e751b34c16,район Марфино,55.83003325,37.58776382090016,1959.0,112,45,3.0,0.06666666666666667
8121b0e9-b49d-4984-9d92-28b44eb4b03e,район Гольяново,55.8119932,37.796525524842195,2010.0,391,197,28.0,0.14213197969543148
815415c3-4e88-4570-baa0-a39c82386ef0,район Северное Медведково,55.89201765,37.64725385,2001.0,278,127,9.0,0.07086614173228346
8154b92b-558d-4b43-85a1-18f2bc2efa86,район Орехово-Борисово Южное,55.6033375,37.71099693036946,1975.0,586,381,83.0,0.2178477690288714
817cd7e0-6aa6-4f5a-a103-aa6953fbe26d,район Восточное Измайлово,55.78912905,37.81384865122085,1958.0,123,71,12.0,0.16901408450704225
818b94bf-41a2-4624-81c2-fdc21b47e78d,Пресненский район,55.762965750000006,37.56725635889529,2007.0,72,41,10.0,0.24390243902439024
818d0902-388b-4ef6-9204-dbb9e8f54cc3,Таганский район,55.731719749999996,37.6763336252815,1974.0,205,104,14.0,0.1346153846153846
818ee365-ce35-40c5-832c-4e81ebd559d8,район Ясенево,55.60376615,37.53438156284447,1985.0,462,250,18.0,0.072
81956b7e-a314-4ac3-8ee2-1780f5eaa249,район Марьино,55.6593703,37.77298404978379,2001.0,395,179,4.5,0.0223463687150838
81984288-8671-49c3-bf0a-0ce28500d5e0,район Хорошёво-Мнёвники,55.785710300000005,37.44919694793543,1964.0,145,80,11.0,0.1375
819a387d-2d07-4f1a-b8b3-7ac564a3c72f,район Кунцево,55.7436117,37.40910162563971,1974.0,175,91,7.0,0.07692307692307693
81ad9e89-08ae-4aad-8288-806be1bb029f,район Филёвский Парк,55.73720065,37.50068940515712,1970.0,201,108,16.0,0.14814814814814814
81b55509-49d5-4c5a-af3f-e5daaac9797d,район Арбат,55.75513875,37.590067323015575,2003.0,15,6,1.0,0.16666666666666666
81c0149b-a1ac-41a8-bbc4-1fea1134dc1d,район Гольяново,55.827495400000004,37.82296595,1971.0,508,215,9.0,0.04186046511627907
81ce8ae4-ddc8-48b6-9fda-7d96d5148659,район Отрадное,55.874007649999996,37.58909020967856,2010.0,272,144,16.0,0.1111111111111111
81d7da3f-a338-42d7-8932-d8f10ac654c3,район Северное Измайлово,55.8036082,37.81721930224124,2007.0,114,64,13.0,0.203125
81de234f-bfd3-4ad7-a408-a874f52d1888,район Кунцево,55.72971425,37.4147252,2006.0,244,133,23.0,0.17293233082706766
81e69871-f41c-4a33-a232-bfd8bad45ae8,район Очаково-Матвеевское,55.705801550000004,37.46012224999998,1971.0,378,157,3.0,0.01910828025477707
81e72050-b224-489f-8d08-b7cc11c15e72,район Измайлово,55.8024353,37.80033095,1961.0,221,112,10.0,0.08928571428571429
81e7e48f-6972-48df-ba71-641a16106bb3,район Северное Измайлово,55.80571205,37.79781062806955,1963.0,112,72,17.0,0.2361111111111111
82062651-157e-40fe-8c80-b40cf25e5dd5,район Хамовники,55.74457745,37.59345125619204,1910.0,40,15,1.0,0.06666666666666667
820fe741-9181-40d9-82cd-b581b13bf319,район Кунцево,55.740523100000004,37.40308725,1969.0,156,84,7.0,0.08333333333333333
82151cf1-9291-48b4-8086-445ac8ee41a5,район Преображенское,55.80168175,37.7037142698111,1960.0,173,80,7.0,0.0875
8215e7c5-dc93-4c28-b89b-8ef097fd7c45,Нагорный район,55.659394750000004,37.614839630509465,1979.0,382,190,23.0,0.12105263157894737
821bdb83-c457-4004-9171-0992076a6903,район Чертаново Северное,55.62908655,37.591942929666665,1969.0,171,84,9.0,0.10714285714285714
822038b9-0c53-49df-bb4a-d441a532cc26,район Левобережный,55.8658767,37.4761626,2006.0,175,132,71.0,0.5378787878787878
823d2107-e6ce-4ba5-8f7f-4f4f7ebe8d0f,Бескудниковский район,55.86663085,37.55554845199832,2010.0,348,168,7.0,0.041666666666666664
823dc631-07f6-483c-8300-87c90b5a4b47,Таганский район,55.73296405,37.66306894901625,1968.0,125,67,10.0,0.14925373134328357
823fad76-a8da-4dab-bf62-827a753423f9,район Орехово-Борисово Южное,55.5996618,37.721908695893376,1977.0,389,214,6.0,0.028037383177570093
8242bb35-f1f6-49df-a495-db4082f5618f,район Измайлово,55.798566,37.77969267276135,1963.0,119,57,8.0,0.14035087719298245
82468224-7c09-4769-a047-9347b6e272c0,район Очаково-Матвеевское,55.67844355,37.44589676021799,2006.0,16,136,130.0,0.9558823529411765
8247d4cc-ed63-4a9e-8aaa-6076badc47bd,Бескудниковский район,55.8741847,37.55243651575434,2008.0,320,161,20.0,0.12422360248447205
82508f91-4aeb-42d0-b482-1c1d4d1011df,район Измайлово,55.79517525,37.76819584976312,1973.0,171,97,4.0,0.041237113402061855
8255cf89-940b-452f-b2ae-54a0d31f6cb4,район Преображенское,55.7942111,37.72753114087894,1967.0,118,84,31.0,0.36904761904761907
826c41f0-6e1c-42f7-bd6c-5101bf709e5c,район Аэропорт,55.805827300000004,37.52887167678529,1962.0,98,56,19.0,0.3392857142857143
826e7a7e-8ef5-4660-be6f-9a6ddd079582,поселение Рязановское,55.46707645,37.54504515978759,2011.0,756,534,193.0,0.36142322097378277
827c0386-d7b3-41b1-ae85-e7f23f87adde,Тверской район,55.7717208,37.599060716494115,1917.0,87,38,6.0,0.15789473684210525
827f3112-a065-4f8d-8297-afa9807ced13,район Чертаново Южное,55.596816849999996,37.61623106106963,1971.0,551,283,11.0,0.038869257950530034
82845a8e-fb86-485c-913e-6f9091f483d2,Лосиноостровский район,55.88462185,37.68599081373843,1998.0,453,196,16.0,0.08163265306122448
828d1709-8e82-47ca-9974-1b275f3383d3,район Строгино,55.80121935,37.397780376638735,1980.0,199,94,8.0,0.0851063829787234
8296054c-657a-428b-8ccc-8f786f1994cd,Басманный район,55.7560352,37.633190940958954,1937.0,137,58,6.0,0.10344827586206896
82a0ff88-4236-4677-89d1-0f6ab463309e,район Зюзино,55.64955995,37.591111908622835,1963.0,102,71,27.0,0.38028169014084506
82a18d21-9000-4667-86df-e3e6a3381cd7,район Соколиная Гора,55.777091150000004,37.723450671741965,1973.0,265,144,34.0,0.2361111111111111
82b0f888-7e2f-4c71-a302-55b9822863a4,район Сокол,55.79811505,37.50325519359072,1966.0,105,72,23.0,0.3194444444444444
82c06411-9696-421d-8d20-cf06510f37e1,район Зюзино,55.66124755,37.605472680324496,1973.0,689,285,17.0,0.05964912280701754
8302a664-1aa2-4c54-abcd-78d8994dcb34,район Чертаново Южное,55.597086,37.60568664360025,1976.0,346,187,9.0,0.0481283422459893
8309ba89-8f1d-469d-89f0-1eb6e8aac9ef,Бабушкинский район,55.866687,37.67264547620816,1985.0,234,112,20.0,0.17857142857142858
8319a55c-cb27-4dc7-b572-a7548531b048,район Царицыно,55.617094050000006,37.645763294217915,1971.0,169,83,20.0,0.24096385542168675
831d0ecd-2dc4-4624-933a-7f1a61010cef,район Северное Медведково,55.8902943,37.66903141609859,1997.0,88,64,22.0,0.34375
831fca9b-e469-4fe2-9870-a0a15fd78d11,район Южное Бутово,55.550165,37.571374199999994,2008.0,419,182,2.0,0.01098901098901099
8321e40f-411d-404b-ba26-f40bf2b90cb6,район Коптево,55.8360278,37.53102196471899,1998.0,247,115,16.0,0.1391304347826087
8325f71b-0ab0-4409-b835-582a1e713025,Войковский район,55.830480949999995,37.486600954712934,1972.0,238,144,26.0,0.18055555555555555
833784b9-3e0b-4c54-9a9b-49bebfd70186,район Измайлово,55.796008650000005,37.77575096322866,1960.0,90,64,9.0,0.140625
83387a92-48ab-49b2-bfee-750ad9cf3416,Можайский район,55.711740500000005,37.397662782640225,1997.0,596,250,22.0,0.088
833d8bd2-727b-4c05-80f7-207fc2f68b90,Даниловский район,55.720188,37.6592869,1962.0,125,71,1.0,0.014084507042253521
83417b97-48ff-417d-b46d-1d63b7d05191,район Котловка,55.682280000000006,37.5942478721943,2005.0,548,360,89.0,0.24722222222222223
834e711d-3960-49ff-904c-51b4758d635f,район Выхино-Жулебино,55.7131295,37.7983317,1968.0,168,84,4.0,0.047619047619047616
83599a33-283d-4eac-a493-0278eb58946d,Головинский район,55.849770899999996,37.48675957500001,1970.0,178,104,15.0,0.14423076923076922
83644aa9-f239-42b8-9b84-737ae6ad22ed,район Арбат,55.7469864,37.5768128313732,1940.0,217,77,5.0,0.06493506493506493
836762fb-c8f7-4471-96d3-aabad40d325f,Савёловский район,55.8073397,37.58056412611944,1962.0,81,64,23.0,0.359375
836c9b9a-ecac-43db-b041-9432911d9f87,район Аэропорт,55.80333695,37.54251862321337,1956.0,58,29,1.0,0.034482758620689655
8370a506-72a3-4306-bdf6-c5b659ea27f1,Пресненский район,55.769434200000006,37.58675538164059,1958.0,108,59,10.0,0.1694915254237288
83714bdd-3a57-4809-8217-4615645e696d,район Чертаново Северное,55.6392751,37.59671113949636,1981.0,580,278,12.0,0.04316546762589928
8375fcee-0929-492f-bc72-47352650b1d9,район Очаково-Матвеевское,55.508215,37.2200714,1973.0,622,294,16.0,0.05442176870748299
8377f972-7f52-4c25-8fe0-764d364caacf,район Хорошёво-Мнёвники,55.775718,37.46679069813278,1997.0,773,332,11.0,0.03313253012048193
83801982-31de-4bfc-a068-a90805938940,район Тропарёво-Никулино,55.66496085,37.50014725,1972.0,335,148,10.0,0.06756756756756757
83952987-b362-4f09-9c61-fdd568c6a07b,район Хорошёво-Мнёвники,55.7820402,37.46773598202279,1976.0,186,97,15.0,0.15463917525773196
83994a7d-d598-4b1a-ac3f-1ad8f3635d9e,Ломоносовский район,55.6747671,37.53529920875831,1959.0,109,72,11.0,0.1527777777777778
839e8457-4efe-4a2b-be5c-ebc67e57cf72,район Аэропорт,55.8045624,37.5315385,1963.0,104,72,7.0,0.09722222222222222
839eb0d0-1f8f-42a4-b343-42e7a45fdead,район Южное Медведково,55.87214405,37.645237782459084,1965.0,133,72,11.0,0.1527777777777778
83a276dd-1822-40d8-a3de-6746760041e0,Даниловский район,55.7059378,37.6195299,1959.0,105,53,4.0,0.07547169811320754
83a5ad93-1a91-4ee8-9f2a-95017bc47e4b,район Северное Измайлово,55.80405105,37.805779928668834,1962.0,150,95,27.0,0.28421052631578947
83aa4db3-cdf7-41e4-ad8d-87640a5a50b2,Рязанский район,55.709941799999996,37.79433116520706,1972.0,517,226,8.0,0.035398230088495575
83acce95-ae5e-4295-bc02-15093889dfe3,район Измайлово,55.795598049999995,37.77633614859866,1959.0,171,79,8.0,0.10126582278481013
83b2b81c-07ca-4d80-a2f7-0c84f3a6b691,район Царицыно,55.63323225,37.664258706225056,1973.0,250,120,9.0,0.075
83b5f3ea-d4ab-4c54-9fa0-4cf41e1fc302,Таганский район,55.734195,37.67990444169321,1978.0,352,181,13.0,0.0718232044198895
83bddff0-5c91-4a14-9229-35d116754fd5,Тверской район,55.7755702,37.59847205717084,1940.0,330,155,57.0,0.36774193548387096
83c00f84-0b01-4bdb-a194-9f31c2e09016,Пресненский район,55.76683735,37.587352081370625,1908.0,129,50,1.0,0.02
83c27529-df9c-4de7-831a-0366db6d1d04,поселение Сосенское,55.5428934,37.4917742,2015.0,80,98,56.0,0.5714285714285714
83c2b124-25b6-421e-baa2-1c458c3c15ba,район Котловка,55.68059995,37.60222227335539,1970.0,149,84,13.0,0.15476190476190477
83c5e2ae-c9bc-4b79-9ce7-6751c043110a,район Ивановское,55.7790142,37.836585069422696,1977.0,357,188,17.0,0.09042553191489362
83df57e8-0bad-4818-8d29-a7f39bf96e9f,район Щукино,55.8067844,37.45557469307876,1966.0,168,88,6.0,0.06818181818181818
83e765e6-48f7-40ee-ad26-0fc8453e598c,Хорошёвский район,55.79861085,37.52903241538507,1959.0,153,68,10.0,0.14705882352941177
83fd1488-2515-446d-ad2c-da8649f43b66,район Южное Тушино,55.846027,37.423111660704805,1963.0,203,96,9.0,0.09375
83fd31a0-c1da-48b3-af57-ddd65a4885f3,район Москворечье-Сабурово,55.64729255,37.66297311916941,1960.0,134,60,1.0,0.016666666666666666
83fd9755-1fd7-4fbb-a83e-3dd8a950748e,Алексеевский район,55.82305825,37.6558562,1977.0,218,105,10.0,0.09523809523809523
83fda9f6-e689-4306-92fc-0209854dd602,район Ростокино,55.8358372,37.65915165,1964.0,140,80,15.0,0.1875
83ff4d4f-4217-4eba-a1b0-30c9bf87c1d6,район Текстильщики,55.6998438,37.7377772,1971.0,156,84,14.0,0.16666666666666666
8402b7f2-540d-4819-89b9-cef1a3f0c104,район Южное Тушино,55.84313875,37.458773049928276,1967.0,159,84,16.0,0.19047619047619047
840aa0d5-afda-4905-80dc-c80498352ada,район Гольяново,55.8115248,37.79499912090053,2010.0,321,184,34.0,0.18478260869565216
8414f689-8849-4abe-80f0-56e880765753,Хорошёвский район,55.778642950000005,37.528004331025876,1963.0,120,60,10.0,0.16666666666666666
841c46ad-be3e-4047-b5b0-c902f05508a0,район Печатники,55.6796887,37.72483632617619,1969.0,185,81,1.0,0.012345679012345678
841d622a-4729-4559-939e-166e4bd701ee,Ломоносовский район,55.676090200000004,37.53246260213415,1964.0,118,71,5.0,0.07042253521126761
841d9c12-5981-42ef-b1db-6fed092dd322,район Преображенское,55.8003091,37.71847611743294,2001.0,466,187,12.0,0.06417112299465241
8422b259-4aa8-409f-a94f-af78e30275e3,Ломоносовский район,55.6848962,37.52948593006317,1958.0,111,64,11.0,0.171875
8425bb0c-9ad3-4370-b33f-178e71b4b380,Красносельский район,55.771536499999996,37.65505323616996,1895.0,222,95,8.0,0.08421052631578947
84275b0e-df91-44e3-84b1-0b57108d2131,район Новогиреево,55.74161315,37.78425839316284,1966.0,164,82,6.0,0.07317073170731707
84379b3e-5e4c-4020-b562-126a0f07c794,Алексеевский район,55.815459000000004,37.65334187573687,1974.0,264,148,15.0,0.10135135135135136
843f03b9-18c5-42bd-bc62-373f7d5ccd5b,район Южное Тушино,55.8398951,37.46094754548403,1967.0,387,172,7.0,0.040697674418604654
84464fa8-9f85-4fd3-83d5-49fb02501403,Войковский район,55.818007300000005,37.51800467660823,1958.0,159,77,8.0,0.1038961038961039
844fccc9-e664-4a92-b4d7-29019a7a7679,Хорошёвский район,55.795837649999996,37.51933781270208,1974.0,389,213,31.0,0.14553990610328638
8457cfe8-acc9-4408-b339-6cedeb20c1da,район Богородское,55.8074494,37.7160099701822,1965.0,127,60,7.0,0.11666666666666667
8458c212-40a7-44eb-af61-b86a6a4f4161,район Аэропорт,55.807322799999994,37.52606747539682,1953.0,125,55,12.0,0.21818181818181817
845a005f-18a7-4e72-855e-0f61ab3c3c36,район Аэропорт,55.8019873,37.5399417,1960.0,238,127,1.0,0.007874015748031496
846e68a1-c917-4078-a91c-69dd438329d3,район Нагатинский Затон,55.6852978,37.68355315692089,1966.0,411,175,6.0,0.03428571428571429
846ee583-3e57-4f21-8918-e46fe4f4edc1,Пресненский район,55.76178015,37.57224914387285,1962.0,114,68,16.0,0.23529411764705882
84732a34-3f79-4a89-977a-738e2ed77fcd,Хорошёвский район,55.78537785,37.510585396286366,1955.0,221,96,19.0,0.19791666666666666
847e5ffd-81c6-4818-bd4c-1f0b640a8f74,Таганский район,55.732511599999995,37.6631488825024,1995.0,84,47,6.0,0.1276595744680851
84832277-f12a-4805-ac02-f4480536a4f6,район Некрасовка,55.68277845,37.915925223091605,2006.0,424,191,28.0,0.14659685863874344
84857820-908c-4144-97b3-067e42e86bab,Пресненский район,55.7586792,37.56958337181304,1959.0,75,40,8.0,0.2
848a4aa9-2ab2-464a-b3f5-090e7bbf0978,район Арбат,55.7493232,37.59441316392447,1910.0,22,10,4.0,0.4
84a072b7-e021-4352-84dd-7af57d4092c2,Пресненский район,55.759467349999994,37.56400858787144,1979.0,322,138,3.0,0.021739130434782608
84aaae82-6596-4648-bd76-d77786b79e1b,Таганский район,55.742570549999996,37.66220857959994,1910.0,99,40,5.0,0.125
84d8b7a7-fdd3-41be-a39f-526dc3ca0776,район Нагатино-Садовники,55.68244235,37.65033646631305,1974.0,178,98,10.0,0.10204081632653061
84e6a09a-2ad4-41e7-8019-5bc57fe23033,район Филёвский Парк,55.736420800000005,37.49154540267066,1974.0,202,174,34.0,0.19540229885057472
84e8a08c-da92-422e-b203-6f0625754398,район Дорогомилово,55.73703785,37.5303353,1962.0,157,80,12.0,0.15
84e93f35-c0a1-49f5-95ba-02f7ecc04282,Бескудниковский район,55.86069115,37.55558925015125,2015.0,724,321,31.0,0.09657320872274143
84ead73b-47d1-4958-9ae6-304249bad40b,Рязанский район,55.71624325,37.7754514,1965.0,107,72,14.0,0.19444444444444445
84f05101-cb06-467f-a0b3-9c132c79d57c,район Тропарёво-Никулино,55.65858245,37.47148850872626,1982.0,245,126,14.0,0.1111111111111111
84f09d1a-37fe-43c0-811a-9838077c8891,район Хамовники,55.72275655,37.58079951722944,1961.0,224,131,7.0,0.05343511450381679
84f34898-3439-44c0-8ea5-4b402f7f2fba,район Восточное Измайлово,55.7905772,37.78958529759275,1966.0,138,84,17.0,0.20238095238095238
84f3a502-b56e-42da-8d8c-29872e9736be,район Котловка,55.6761174,37.59819731285029,1954.0,190,77,3.0,0.03896103896103896
8508a2a0-77ee-4dad-a10e-780bc7a067b5,район Северное Измайлово,55.806177950000006,37.79776852618761,1964.0,111,72,18.0,0.25
851159df-4afd-4a42-bcb0-0d6e50df82e5,район Арбат,55.74845985,37.5875695042285,1909.0,21,7,1.0,0.14285714285714285
85160941-84b7-418c-8b5c-bcc734a7ff3f,Нагорный район,55.656735749999996,37.609748001542485,1971.0,99,72,27.0,0.375
8517326a-b677-46ae-84b5-c98ba5f2928c,поселение Московский,55.5340738,37.461246770855055,2010.0,383,192,50.0,0.2604166666666667
852101c7-0d26-442b-8997-52b4bd5ab7aa,район Чертаново Северное,55.638092900000004,37.61210599962395,1977.0,234,111,15.0,0.13513513513513514
85562d54-966b-481a-a2aa-4e4ddcab47fd,район Беговой,55.7762774,37.555807135015286,2000.0,176,88,11.0,0.125
855fee83-486c-4f66-8cf1-65b7f84032ec,район Проспект Вернадского,55.67036775,37.50933498273665,1963.0,109,72,20.0,0.2777777777777778
85669f90-75ec-48ee-8e76-e6baa67f381b,район Сокол,55.7946108,37.5107739,1953.0,147,72,21.0,0.2916666666666667
85677fd7-25e8-46ac-abb3-027f9497b5bc,район Измайлово,55.79047679999999,37.7913966,1961.0,67,32,6.0,0.1875
856b0469-d939-483b-8d72-c3d5dcfceebe,Савёловский район,55.794151400000004,37.574075931523495,1974.0,280,151,33.0,0.2185430463576159
856c7dec-a7ce-404a-9be2-6f0a43f00122,район Марьино,55.6637726,37.7521939432979,1999.0,490,223,16.0,0.07174887892376682
857e322d-99e4-4f46-ad7c-921f2af76a01,район Вешняки,55.72172905,37.8081337774166,1983.0,262,127,3.0,0.023622047244094488
8588cdb0-0bd7-4d39-b538-bfa5952be670,Тверской район,55.7736318,37.590548017522735,1949.0,18,82,74.0,0.9024390243902439
858db4a8-958d-4346-8e63-556ceb30c192,район Гольяново,55.8148153,37.819868850000006,1968.0,154,85,8.0,0.09411764705882353
8594b691-119f-439f-83f6-6f1e0314f459,Тверской район,55.7805304,37.61300852733243,1977.0,191,90,17.0,0.18888888888888888
859fb9ae-a005-44f4-9b15-73cc81819931,район Левобережный,55.855552599999996,37.47531879711874,1965.0,464,244,46.0,0.1885245901639344
85a17a6b-23b3-46ab-a381-5de5e90cb106,Ломоносовский район,55.67573315,37.532341733869174,1964.0,102,72,15.0,0.20833333333333334
85a2fbb3-5884-475e-9b1e-d499b67ae0c0,район Перово,55.7646963,37.78758896882013,1973.0,154,75,15.0,0.2
85a60661-7b35-4f95-8037-57786dc07620,район Щукино,55.79686615,37.48776620828097,1954.0,131,55,6.0,0.10909090909090909
85b3e60e-324b-4f24-ab40-1ce537ef90fc,район Ростокино,55.8327422,37.661981965354556,2008.0,1019,547,167.0,0.3053016453382084
85b4d752-56d7-4bd1-a366-c307bd76c1d7,район Беговой,55.7876915,37.5592679141115,1959.0,79,48,10.0,0.20833333333333334
85b832e4-666f-4e54-a6ca-f6ed7a6cc952,район Очаково-Матвеевское,55.508215,37.2200714,2011.0,159,128,57.0,0.4453125
85c1df46-d0ee-441b-8d1f-934349b889e2,район Печатники,55.6880612,37.717654747225794,2001.0,321,143,33.0,0.23076923076923078
85d482e0-b6b9-4c96-bf7b-fd17376bd4be,район Коптево,55.83819885,37.539829447477274,2004.0,204,88,21.0,0.23863636363636365
85d75d0e-c670-4138-9f23-3e2db3d61d5a,район Ростокино,55.838461249999995,37.65224553208424,1966.0,142,72,7.0,0.09722222222222222
85e457af-d3f1-45d2-924b-de802357592d,район Арбат,55.7489214,37.585196,1901.0,32,21,10.0,0.47619047619047616
85efc76d-5d85-4c2b-b7dc-74b606a799a7,Ярославский район,55.876880400000005,37.71356320857328,1974.0,246,112,15.0,0.13392857142857142
85fa9b8d-8316-4579-9e69-874cc8e69274,район Кунцево,55.744785750000005,37.41557293838215,1965.0,96,72,18.0,0.25
860285e4-4c8a-4cb0-aa5b-64f14fe97c3b,район Черёмушки,55.664643350000006,37.56622853145019,2003.0,282,147,51.0,0.3469387755102041
8613e8bb-95da-4649-8cd6-46a4cc9a588b,район Щукино,55.802814350000006,37.45484337311991,1956.0,370,145,4.0,0.027586206896551724
86195797-d8d2-4818-918a-21af38b43ba3,городской округ Троицк,55.4785224,37.29719835,2003.0,350,163,3.0,0.018404907975460124
861c9a7a-40e7-4f93-9068-715e90c66993,район Бирюлёво Восточное,55.5837619,37.66656961576431,1973.0,287,178,16.0,0.0898876404494382
861d642a-88b4-47e3-bc88-b536e02ea9b3,Савёловский район,55.79721635,37.572267749999995,1959.0,99,40,1.0,0.025
861e154f-b1b2-4e61-8117-3a4f9abff451,Тверской район,55.7765601,37.58974490764704,1967.0,171,79,14.0,0.17721518987341772
8631433b-b153-4785-a57f-dbeb0e5a0e4a,район Тропарёво-Никулино,55.66667135,37.49230531914251,1969.0,305,143,14.0,0.0979020979020979
86365b46-0286-4453-9715-53e110a7893d,район Замоскворечье,55.740347400000005,37.63495640012096,1907.0,40,16,2.0,0.125
8640985f-31c4-45d2-ba26-60c0b7d2a64b,Алексеевский район,55.81474635,37.646220902037406,1961.0,47,32,6.0,0.1875
8664037b-4194-4393-9573-6e6960454723,Войковский район,55.826332550000004,37.49390579296447,1963.0,182,86,8.0,0.09302325581395349
867511b1-f798-4faa-8ac9-e93c66c74bba,Савёловский район,55.7924719,37.5699179,1963.0,103,54,7.0,0.12962962962962962
86acf3d6-1893-4f42-bb80-26b6a53e3c2c,Басманный район,55.7611409,37.6375512,1912.0,31,12,1.0,0.08333333333333333
86b7a930-2c01-4170-a10b-1df7f8c1ac60,район Митино,55.8425686,37.37921464563513,2006.0,1023,399,34.0,0.08521303258145363
86ba30ee-6e6d-4332-8456-02e81644cdb9,район Нагатинский Затон,55.6851774,37.686565786538466,1970.0,613,294,53.0,0.18027210884353742
86c87db8-31ee-4545-89b1-fae0d7852d8d,район Замоскворечье,55.7224351,37.620001488067935,2013.0,60,61,41.0,0.6721311475409836
86c8b4ea-9560-4f7c-ae6d-66f699655b92,Нагорный район,55.670669200000006,37.61154767996109,2015.0,212,192,107.0,0.5572916666666666
86d1e97c-5baa-4bda-ad1f-b4f6ded119e1,район Солнцево,55.6537864,37.397135000000006,2001.0,524,241,28.0,0.11618257261410789
86d7d9f1-a50b-446a-8160-b21bcd02ef00,район Левобережный,55.85507475,37.474475965631214,1964.0,197,133,47.0,0.3533834586466165
86e0a5f2-336b-4cc5-9ab4-3d8f0fc649e1,Мещанский район,55.78575565,37.6366728,1969.0,88,64,29.0,0.453125
86ecd4c6-454c-4ea3-8109-20f87f1956d7,район Левобережный,55.85820675,37.48347115430296,2015.0,398,221,30.0,0.13574660633484162
86f65a67-4e0e-4bad-982e-adb24d96d09b,район Хамовники,55.73207,37.58275972939493,1968.0,330,169,23.0,0.13609467455621302
871f2fb9-bb69-407c-83af-c250404b5da0,район Тропарёво-Никулино,55.658098550000005,37.4854725,1970.0,198,108,27.0,0.25
8726a31a-18e6-4070-bc30-b79df591a2be,район Ростокино,55.8373295,37.65495005316421,1967.0,412,188,13.0,0.06914893617021277
8726e257-73d7-46d5-8777-978b6a3966de,район Раменки,55.70130305,37.5073484290392,1998.0,846,384,44.0,0.11458333333333333
872f0f0d-1621-43aa-83b7-8efffd69dc0b,район Замоскворечье,55.73424955,37.63307195,1929.0,71,38,7.0,0.18421052631578946
8730e940-695b-4666-8d75-bd3959678bdd,район Северное Измайлово,55.806624049999996,37.814189549999995,1966.0,160,96,24.0,0.25
873bbdc4-dfe1-452b-aaeb-1fa105682c65,Даниловский район,55.71730655,37.611595179589486,1932.0,184,79,1.0,0.012658227848101266
8741bdec-4a56-43f0-94d1-b93a7133ab8f,Таганский район,55.734182950000005,37.671808728164955,1973.0,253,143,42.0,0.2937062937062937
874cbb54-f4ac-4cda-9499-e1798adf8fe1,район Левобережный,55.8563183,37.4848132,1997.0,652,277,60.0,0.21660649819494585
8750e142-b34c-42de-97b7-ad4c0519550f,Пресненский район,55.7664412,37.573381047630924,1956.0,31,16,6.0,0.375
87552382-585e-4b03-a18d-20f33b7f7144,район Кунцево,55.741745449999996,37.402602375609675,1999.0,798,400,123.0,0.3075
875ad713-97fd-4e0d-9e68-8e513ce4b8fc,район Арбат,55.748145449999996,37.58010101783779,1917.0,14,7,3.0,0.42857142857142855
87693e6e-020b-4609-bc61-8228611f090e,район Аэропорт,55.800612650000005,37.53407528542297,1938.0,561,226,1.0,0.004424778761061947
8772d6f8-19e6-4542-9052-096a7aa0383b,район Северный,55.9346367,37.5478903,1949.0,37,17,2.0,0.11764705882352941
877752a5-8c53-40cf-8c28-88ad2def2f57,Тверской район,55.777212250000005,37.609642013853424,2014.0,45,47,32.0,0.6808510638297872
87880229-8a6f-48eb-8d4a-95484e12c672,Дмитровский район,55.88858475,37.54028834992951,1995.0,126,70,9.0,0.12857142857142856
878fdfaf-61b0-4047-a9e1-036514822750,район Солнцево,55.6503587,37.411854899999994,2006.0,103,63,16.0,0.25396825396825395
87916856-b355-4147-9e65-e275643f83af,Гагаринский район,55.697265200000004,37.57963499106978,1974.0,557,300,36.0,0.12
8795b1b3-90e5-4ed9-bdca-3a5bfef966ea,район Ховрино,55.8745311,37.49099326701128,1967.0,157,95,7.0,0.07368421052631578
87a411c7-5c0e-446b-85b8-4d47131ef41f,поселение Сосенское,55.5428934,37.4917742,2015.0,158,120,45.0,0.375
87ad341e-4799-4351-9869-42a69f6fcef5,Ломоносовский район,55.679190399999996,37.52415543907321,1959.0,217,95,5.0,0.05263157894736842
87b6609d-cf6c-4c93-aeb9-d97ee4e2b196,район Филёвский Парк,55.75170655,37.51415679615953,1981.0,239,127,10.0,0.07874015748031496
87bb7d2e-472d-4497-95f8-788a9118778d,район Ховрино,55.865362,37.4988791,2005.0,294,126,29.0,0.23015873015873015
87bcf125-563c-4f6a-8285-bbee30315108,район Сокол,55.7979275,37.51481515636148,1950.0,123,62,12.0,0.1935483870967742
87c53eef-0dd0-4f4d-befe-db7544529c88,Бабушкинский район,55.87288225,37.669569571783896,1981.0,239,107,3.0,0.028037383177570093
87ca6acd-41e7-4528-bafc-b9a23d264fcc,район Марфино,55.8412836,37.58088616898114,1967.0,145,72,8.0,0.1111111111111111
87d563ad-9518-4910-9ea5-62717cd6cf71,район Кунцево,55.74321705,37.413975449999995,2005.0,290,181,11.0,0.06077348066298342
87d75f63-bff3-443d-9959-00af651a9875,район Новогиреево,55.742515299999994,37.784136151129616,1967.0,174,84,3.0,0.03571428571428571
87d88679-639d-465d-a98f-0e876c6636a5,район Митино,55.83797525,37.3922898749789,2003.0,335,159,27.0,0.16981132075471697
87e8233d-d532-4330-864b-e1538ba5e798,район Солнцево,55.655024850000004,37.3827984,1969.0,171,84,3.0,0.03571428571428571
87efdce5-76ab-483b-8247-4f081ba18ad9,Пресненский район,55.7655732,37.5970225,1910.0,229,124,44.0,0.3548387096774194
87f7cda2-9041-43dd-8b55-3cde1b7d3ed6,район Северное Медведково,55.89060715,37.663225805473914,2012.0,293,130,14.0,0.1076923076923077
87fd6ca5-1671-4f25-bd4a-485560152623,Красносельский район,55.76898465,37.63720467584952,1964.0,88,72,34.0,0.4722222222222222
88007041-b74e-480a-9cdd-d94babb74674,район Коптево,55.8391126,37.52796612591941,1967.0,293,142,14.0,0.09859154929577464
8802899b-fafb-4e62-85fd-4090e151f7fc,Даниловский район,55.70856395,37.638852032520354,1962.0,150,71,1.0,0.014084507042253521
8805078c-21b6-4fa5-bb54-05d0bc9e1ed1,район Новокосино,55.74292235,37.86037342079247,1991.0,423,218,12.0,0.05504587155963303
8805325a-b0b0-4cb5-97e9-6751bab401c9,Нижегородский район,55.733757100000005,37.74456765,1970.0,259,120,2.0,0.016666666666666666
8809ff62-1984-415a-bcc4-4d2b4b483b72,Алтуфьевский район,55.876148900000004,37.57616534958018,1972.0,192,98,13.0,0.1326530612244898
8823577a-d397-4cb8-bf5e-3a5cc1a3e846,Войковский район,55.8319635,37.488045187421804,1963.0,107,69,19.0,0.2753623188405797
883e7557-98f7-42a1-8956-4cf152b91703,Ломоносовский район,55.675540299999994,37.54095292006576,1997.0,321,157,41.0,0.2611464968152866
883f045a-2daf-41f9-9387-8ff734e013ef,район Аэропорт,55.80325095,37.53429603792743,1957.0,56,92,71.0,0.7717391304347826
8842fbc6-b0e5-4313-9ae0-c3cde49a00fa,район Кунцево,55.73205945,37.415641300000004,1981.0,337,193,20.0,0.10362694300518134
8843894f-06cc-4f2f-a6bb-1cae5812cd83,район Коньково,55.6348015,37.54115140568736,1973.0,189,98,10.0,0.10204081632653061
884fd085-d402-47ae-a050-787e9a29ea7d,район Зюзино,55.652050349999996,37.60365639100105,1968.0,169,84,12.0,0.14285714285714285
8850b23a-7641-4789-ad6a-bfa00dafc3cc,район Нагатино-Садовники,55.6804496,37.642569722732176,1994.0,174,106,24.0,0.22641509433962265
885334a1-9ae1-4a47-9850-9e417a0d7515,район Котловка,55.6811363,37.60655838232218,1964.0,100,72,16.0,0.2222222222222222
885aa36a-9432-4370-8b80-6dacc96eb81e,Войковский район,55.82059285,37.513450174105174,1975.0,194,98,11.0,0.11224489795918367
885c0288-da40-4a09-a262-43567d6afc52,район Измайлово,55.7998503,37.771108299999995,1960.0,162,84,14.0,0.16666666666666666
886033c4-3050-4b56-b030-ad4002b5f734,Обручевский район,55.66382525,37.53128901667607,1984.0,521,271,60.0,0.22140221402214022
886c39b5-bef2-419b-a05e-5b07f19e8319,район Измайлово,55.79032745,37.773981423168124,1980.0,247,125,18.0,0.144
886cdf0d-c44b-4b93-abb7-dfbe75e21419,Таганский район,55.7413693,37.65746567960498,1914.0,34,20,7.0,0.35
886f530a-abe0-4735-82e7-718a877a95a5,район Текстильщики,55.71772435,37.74058045732143,1970.0,159,81,11.0,0.13580246913580246
886fa9c7-7b1e-4919-8735-20abbe24d927,район Тропарёво-Никулино,55.6712534,37.47528177264233,2003.0,649,286,4.0,0.013986013986013986
887b1a42-5061-4cbd-b933-53d528747d9d,Пресненский район,55.76463545,37.59070700867834,0.0,15,8,3.0,0.375
887e2cf0-522e-469c-b1d1-d38c92e224fd,район Ховрино,55.87508475,37.489052649299595,1965.0,167,95,2.0,0.021052631578947368
8885e055-a560-45e7-929c-70407a401710,район Преображенское,55.8000216,37.712038,2016.0,706,482,184.0,0.3817427385892116
888d46a4-4cbf-4788-9c21-840ddccaa8e8,Савёловский район,55.80210825,37.57292506856988,1979.0,190,111,34.0,0.3063063063063063
88970aff-2f5f-4f93-924d-22096e335979,район Северное Тушино,55.85865,37.41925839182437,2005.0,250,184,59.0,0.32065217391304346
88b38e1d-a512-4132-bef0-1db8c1f803b7,район Марьино,55.6562703,37.776259204705866,2002.0,265,118,11.0,0.09322033898305085
88bc0674-7deb-4982-9042-d2f347e96ce8,район Отрадное,55.8661183,37.604594630409295,2003.0,485,256,37.0,0.14453125
88c3df5c-17a9-40dd-8c2d-4c4e21dc5124,район Северное Измайлово,55.8072911,37.77881805,2006.0,290,156,40.0,0.2564102564102564
88cae76f-1407-464a-af34-981300aaad55,район Нагатинский Затон,55.68383345,37.688775044458126,1975.0,315,141,18.5,0.1276595744680851
88cc640b-e591-4535-832e-1a61220398de,район Хорошёво-Мнёвники,55.782502750000006,37.47275446080724,1961.0,120,64,4.0,0.0625
88ce0181-15f1-41cf-a18f-730f70c85931,район Северное Бутово,55.56698765,37.577496800000006,2004.0,99,130,93.0,0.7153846153846154
88d79989-d190-49bc-9e2c-e69f5576ae24,Мещанский район,55.792157849999995,37.62779303941278,1962.0,400,162,2.0,0.012345679012345678
88dbe714-9b1e-4e2f-9e2a-f4edd0bb4cc9,Хорошёвский район,55.7981493,37.534697128264604,1965.0,99,72,30.0,0.4166666666666667
88dd0c7f-e604-46a3-acbf-31be24d422dc,Тверской район,55.77775925,37.61443456182121,1905.0,47,24,3.0,0.125
88e1b57f-f72f-4aef-b990-f0dc7dcab2ec,Таганский район,55.7401531,37.6610251,1966.0,143,83,12.0,0.14457831325301204
88e9c9e8-b281-478d-b310-5623a8404695,район Чертаново Южное,55.60752075,37.61327285673548,1972.0,237,178,65.0,0.3651685393258427
8903cd11-f803-43bf-900b-cb8a0b6a9b7f,район Коптево,55.83778945,37.52735715,1966.0,139,96,26.0,0.2708333333333333
890c9579-0489-4fe9-8aaa-38f875cc8bef,Войковский район,55.82296315,37.508712555546296,0.0,358,210,50.0,0.23809523809523808
8920ac65-f76b-4298-827b-dfe64811eeb6,Бутырский район,55.8257655,37.5799076,1968.0,151,84,11.0,0.13095238095238096
8930831d-1c05-481a-b2d8-a67640c8de0b,район Выхино-Жулебино,55.695908450000005,37.85159362531182,1995.0,251,111,8.0,0.07207207207207207
894a1c39-44f5-46a0-aa00-b2bdc1df4922,район Аэропорт,55.80640495,37.516866219710366,1959.0,235,108,19.0,0.17592592592592593
8957df7f-8831-4973-b8ca-a64fb1150cf2,район Северное Тушино,55.852080099999995,37.42868747260212,2005.0,360,171,22.0,0.1286549707602339
895f19d7-e8f0-4fd4-9530-ca84b60cfd40,район Замоскворечье,55.7386059,37.6300481,1969.0,171,107,15.0,0.14018691588785046
8968dc49-925a-4f0d-ab28-712d3b54629a,район Беговой,55.7762416,37.576261437699756,1964.0,164,81,4.0,0.04938271604938271
8976bd95-d5da-421d-8fb0-651f4e8436e8,Мещанский район,55.78690685,37.63536572081903,1956.0,352,171,36.0,0.21052631578947367
897946bf-9997-43cb-920f-ceca6fc66bcc,район Покровское-Стрешнево,55.81628355,37.46758329470194,1975.0,179,97,22.0,0.2268041237113402
8990f74f-d231-40f2-9539-acb5e09e1495,поселение Московский,55.8467933,37.5704741677778,2010.0,308,365,236.0,0.6465753424657534
8995cf15-53d2-4c33-a292-7cab6c5092b8,Алексеевский район,55.82039735,37.655386797231905,1958.0,126,49,7.0,0.14285714285714285
8995fb43-669d-4a61-9e1e-36482488edcd,район Новогиреево,55.74708535,37.81808547440724,1967.0,157,86,19.0,0.22093023255813954
899f525c-835a-47f1-9b3d-a19fefed09e3,Пресненский район,55.75299875,37.523357023585945,1960.0,115,56,3.0,0.05357142857142857
89a53864-4347-4c11-9bbf-e63bb0625ff4,район Черёмушки,55.669975,37.55613667471448,2010.0,167,98,39.0,0.3979591836734694
89a77cff-a0c2-49b8-a55a-acbda0e03e3a,Обручевский район,55.6643435,37.51609875184741,2011.0,365,193,59.0,0.30569948186528495
89eb440b-7f3a-47b0-8ca8-43e4f4385862,Таганский район,55.734742600000004,37.6506515496345,1962.0,92,68,18.0,0.2647058823529412
8a0ae0fe-9d64-4759-858b-557bfea744b5,городской округ Троицк,55.49581555,37.32642521143386,2013.0,40,16,1.0,0.0625
8a0fe200-37db-43bb-9bba-8857dc52676d,район Черёмушки,55.6741077,37.55362514781608,1963.0,95,70,23.0,0.32857142857142857
8a13fec1-d054-4eca-934f-1bd50976accb,район Филёвский Парк,55.7404526,37.499809115182245,1959.0,542,255,35.0,0.13725490196078433
8a240ba7-ba8b-4000-b8dc-74dd368fedb2,поселение Сосенское,55.5770639,37.47441729842623,2015.0,112,135,90.0,0.6666666666666666
8a25642f-6916-4acb-a944-d6cca580c6eb,Бабушкинский район,55.86425375,37.675173145838066,1978.0,118,57,5.0,0.08771929824561403
8a289221-0b84-4acf-b322-ca28904a2bea,Мещанский район,55.79059495,37.63225012407049,1967.0,146,84,21.0,0.25
8a2eea09-6c48-4b18-8efb-812246a62ce6,Южнопортовый район,55.70618785,37.6689235,1950.0,108,50,13.0,0.26
8a316eca-bbbd-4858-a6ff-b0dbc9edf6f3,район Раменки,55.694244100000006,37.48751800000001,1974.0,463,236,30.0,0.1271186440677966
8a31d959-9d21-43b3-b6b2-5fc392ebf1e2,район Измайлово,55.8025524,37.7936309,1970.0,159,98,20.0,0.20408163265306123
8a39623e-7799-4b8f-b668-2f19923f6b09,Савёловский район,55.79679245,37.583001949999996,1965.0,122,60,2.0,0.03333333333333333
8a3eda6e-c9a8-415d-ab44-9ddf443be9a9,район Солнцево,55.640975,37.39883848254178,2014.0,694,320,37.0,0.115625
8a486093-3cfd-470d-a88c-bb6e5ee7236c,Войковский район,55.83766875,37.49149600200536,1980.0,211,105,9.0,0.08571428571428572
8a4f3d07-eb03-4493-8a19-cb820f668167,район Замоскворечье,55.73744805,37.632967351700074,1960.0,135,60,3.0,0.05
8a510366-fe4f-4728-bd97-76e52774530c,Даниловский район,55.7007018,37.661026350303686,1971.0,145,78,14.0,0.1794871794871795
8a56c57e-8ae1-411a-b895-bdac2a6424cd,район Раменки,55.7230627,37.523678642682924,1966.0,145,84,15.0,0.17857142857142858
8a5d728b-7ac5-4411-9f76-3244dd8bdd04,район Щукино,55.8104615,37.453140256782945,1967.0,147,84,13.0,0.15476190476190477
8a719123-ec94-49b7-b69f-7d9ee915e111,Бескудниковский район,55.8613163,37.562879721774195,2002.0,354,160,5.0,0.03125
8a7956e0-d4e1-4393-ae78-7df9b6637111,район Левобережный,55.8556994,37.47693849737867,1970.0,127,72,23.0,0.3194444444444444
8a7d40af-a116-4e82-9217-a3cb25ba362a,Пресненский район,55.7591223,37.60318131161202,1903.0,36,20,7.0,0.35
8a7e82fe-8d3c-46ca-85cd-92652adc5616,район Царицыно,55.63481995,37.66372439578047,1982.0,175,84,5.0,0.05952380952380952
8a7f7cfe-5d01-4354-bf3a-b6dd8cdef9b5,район Строгино,55.7940572,37.397607949999994,2009.0,273,238,114.0,0.4789915966386555
8a822853-2045-45ec-b23a-39c5165c1af5,Алтуфьевский район,55.8762881,37.58079955,1967.0,137,72,5.0,0.06944444444444445
8a837e3b-467e-4ca0-8afa-ea8ad189a190,район Новогиреево,55.74911435,37.80624555,1968.0,164,84,14.0,0.16666666666666666
8a88be28-fa99-4643-b6e9-cdc1877d3567,Савёловский район,55.794246799999996,37.582778065813095,1966.0,136,96,21.0,0.21875
8a8f2d92-d2b0-417d-97e0-facbd098e526,район Преображенское,55.78687255,37.7087696,1960.0,59,40,12.0,0.3
8a8f40b6-0aa9-42a6-a391-9b41e1201b4e,городской округ Троицк,55.4954219,37.32521138368879,2014.0,19,9,3.0,0.3333333333333333
8a9362fe-20d3-4568-929c-f7d25826d075,район Измайлово,55.7909391,37.78519598269231,2001.0,74,42,20.0,0.47619047619047616
8a9b2f6c-51e2-437d-8bb6-0d69aec2e021,Войковский район,55.815797,37.503953,1953.0,544,243,53.0,0.21810699588477367
8a9c31ee-55db-4c33-baae-c2029ec9ea00,район Царицыно,55.62017285,37.662827258565436,1994.0,189,108,19.0,0.17592592592592593
8aa48c19-5553-44c8-8adf-a4b810370bfb,район Новогиреево,55.7522193,37.80469628656255,1969.0,149,84,14.0,0.16666666666666666
8ab710c4-1965-4d14-bb96-0d28abb1553f,район Богородское,55.8079265,37.70659789982767,1973.0,553,416,118.0,0.28365384615384615
8abb0cf8-3d13-4212-82ce-09f920428a3b,поселение Филимонковское,55.5319217,37.2378563,2010.0,29,16,6.0,0.375
8abc7b8d-3f30-4c4a-8d52-53d0fe53ed66,городской округ Щербинка,55.508831150000006,37.56791065,1971.0,170,77,1.0,0.012987012987012988
8ac12842-93f8-4729-8ae0-fdebe034a385,район Марьина Роща,55.795829499999996,37.61013605,1975.0,335,213,30.0,0.14084507042253522
8acb6b25-4ab8-431e-aa25-29a40a3bf980,район Ивановское,55.7784859,37.82063783583618,1977.0,212,111,8.0,0.07207207207207207
8ad7a8f3-d251-45c1-a6bd-d054545adbec,район Кунцево,55.78748225,37.359630100000004,1954.0,90,48,10.0,0.20833333333333334
8ae568d5-4360-487f-8796-fba071000689,район Хамовники,55.7400004,37.59006526125438,1930.0,69,28,5.0,0.17857142857142858
8ae759dc-cbb4-4873-93e8-7c5638beee2b,район Хамовники,55.72780685,37.58534519449296,1964.0,117,72,15.0,0.20833333333333334
8ae8eed1-0a90-430c-9546-6ed2054f1a61,район Гольяново,55.815385649999996,37.80692968374953,1966.0,356,177,28.0,0.15819209039548024
8af68a19-c0b8-45d3-a5fd-232bc566ddfc,район Ново-Переделкино,55.6517319,37.3567547,1989.0,278,166,30.0,0.18072289156626506
8afea0e7-8274-4358-9858-4491d953e79f,район Новогиреево,55.7506778,37.79786793324948,1968.0,491,221,16.0,0.07239819004524888
8b08bf7e-8391-4164-99b4-551ce533e5a9,район Зюзино,55.65404215,37.573367900321145,1964.0,110,72,21.0,0.2916666666666667
8b1532c6-50d2-4ee9-862b-38fc4cae2221,район Тёплый Стан,55.62395285,37.504524543423855,1972.0,995,431,2.0,0.004640371229698376
8b2515d3-3b6c-4682-9f03-0bfb3f9b6081,район Коньково,55.6387982,37.53352013461085,1999.0,436,201,31.0,0.15422885572139303
8b268c61-b77c-4639-a0b5-e29ac7cadb25,Пресненский район,55.7595644,37.59851617675235,0.0,45,25,10.0,0.4
8b2996ae-101f-4224-a7d5-8d88c6047130,район Аэропорт,55.798860649999995,37.553377415015504,1960.0,61,40,12.0,0.3
8b2dac0c-19d6-4eae-9ef6-35c9e01e6546,район Арбат,55.748944449999996,37.59922751980554,1933.0,98,46,7.0,0.15217391304347827
8b3f36ea-a806-4f5b-b95d-8d7221dcc429,район Хорошёво-Мнёвники,55.776244399999996,37.49368758665994,1964.0,98,68,14.0,0.20588235294117646
8b45e6fe-0887-4d09-b260-980bf07934d6,район Царицыно,55.620986099999996,37.64901930760742,1968.0,158,86,8.0,0.09302325581395349
8b58805d-ccc3-4819-a9ad-3ba24ac15a18,Войковский район,55.81907895,37.491667683100616,1974.0,170,91,14.0,0.15384615384615385
8b5aa221-0f70-49c6-8e28-534be843f140,район Якиманка,55.7239093,37.61152627863242,1978.0,94,56,11.0,0.19642857142857142
8b5c40c0-01fc-46e4-b13d-c48bfcc1c609,район Сокол,55.80419845,37.513403436315436,1953.0,178,94,27.0,0.2872340425531915
8b6d29b3-f8b1-4f18-a94b-0225575684e0,Нагорный район,55.6494909,37.611987096972484,1974.0,410,196,26.0,0.1326530612244898
8b6d3f56-da41-454d-a310-24a8dbf96c87,район Черёмушки,55.66012665,37.56826922468504,1977.0,210,111,9.0,0.08108108108108109
8b83e5ce-58da-44a8-b409-322d4433bbf3,район Арбат,55.7497057,37.59296637494998,1878.0,27,17,8.0,0.47058823529411764
8b8c40ff-1699-4a56-b785-e8bef58c8cf4,район Коптево,55.8368883,37.53166072796408,2000.0,250,119,19.0,0.15966386554621848
8b903f3b-ad4b-46bb-a7ee-ff072aa261b3,район Кунцево,55.7334628,37.414223550230716,1960.0,164,86,13.0,0.1511627906976744
8b91ab60-6dbe-4fa2-8657-e2531cc683ed,район Южное Тушино,55.84714125,37.440740269234475,1954.0,34,19,1.0,0.05263157894736842
8b942bc7-0911-49dd-93b6-66cce938a6f2,Донской район,55.710709800000004,37.598086993400955,1965.0,133,68,5.0,0.07352941176470588
8ba02b4f-20c0-4d0b-acfa-f6fd627ae882,район Москворечье-Сабурово,55.64626975,37.66565023915689,1958.0,69,33,3.0,0.09090909090909091
8ba0f17a-f59d-4091-83f8-f810c8a1d506,район Кунцево,55.7296322,37.42944895609993,1954.0,80,36,1.0,0.027777777777777776
8ba7a3b7-58e9-4785-88c8-a9d594ce3d20,район Хамовники,55.742571999999996,37.57752410345727,1917.0,74,32,6.0,0.1875
8baa6208-ecc1-4314-ba5f-5dc3226c85f2,городской округ Щербинка,55.5132058,37.530423939489815,1956.0,32,12,2.0,0.16666666666666666
8bac64dd-09ae-41ff-a3c1-07edcc5812b6,район Соколиная Гора,55.776255199999994,37.73348625,1961.0,162,78,14.0,0.1794871794871795
8bb28fe7-8aec-490e-865a-fb0c48b60465,район Коньково,55.6538885,37.5215025786825,1972.0,307,143,8.0,0.055944055944055944
8bbfb9ce-3bc5-4058-9f5a-ffabf60c01e8,район Очаково-Матвеевское,55.705984,37.46912908703787,1969.0,179,91,6.0,0.06593406593406594
8bc96b7b-f8f5-4878-94fb-658da6373c83,район Арбат,55.75186985,37.5885061655891,1994.0,32,24,13.0,0.5416666666666666
8bda6247-c51d-450c-a301-9219e5172b59,район Чертаново Центральное,55.6151627,37.58292884984974,1977.0,234,113,13.0,0.11504424778761062
8bf109b4-501f-4554-944a-740b59f23a29,район Сокол,55.80304285,37.519433731950215,1935.0,123,54,12.0,0.2222222222222222
8bfaeafd-e43d-4928-bb5c-c69196aeba73,Бабушкинский район,55.87008135,37.6727140964033,1967.0,141,81,12.0,0.14814814814814814
8bff173b-e87b-4f26-8b07-b209982a5ff1,район Кузьминки,55.697170799999995,37.790101989776886,1996.0,234,106,7.0,0.0660377358490566
8c02108f-5ac1-45b4-8b02-2632ed0f81d6,район Арбат,55.754485700000004,37.582727069556086,1966.0,285,175,54.0,0.30857142857142855
8c040ff9-791f-4309-b4d1-386dfd1b6aff,район Филёвский Парк,55.7385723,37.4935163142885,1971.0,460,246,28.0,0.11382113821138211
8c20adeb-eb73-45dd-87fd-e33a85641f05,район Царицыно,55.6343672,37.67066992806257,1969.0,196,84,3.0,0.03571428571428571
8c314620-3ca4-4a12-9378-72fc22f98e11,район Северное Бутово,55.56895845,37.56904357262523,2001.0,439,207,6.0,0.028985507246376812
8c3f703c-1883-4248-ac66-864862af7ddc,Рязанский район,55.725322,37.770372440536725,1967.0,54,29,3.0,0.10344827586206896
8c43b762-b2a7-459f-9471-2da766c5b85a,Тверской район,55.7731977,37.603656545600366,1930.0,746,325,27.0,0.08307692307692308
8c45b67b-f4a8-4c92-bd30-23666f1d1785,район Перово,55.742125,37.77173671185567,1968.0,124,80,22.0,0.275
8c49bd53-12ee-4f26-97d0-5deccbbd275d,район Северное Тушино,55.8616771,37.4339319,1997.0,147,68,7.0,0.10294117647058823
8c526e2d-b924-40a9-b49f-36525e6a9aa6,Тверской район,55.77864675,37.59228012325042,1960.0,252,130,27.0,0.2076923076923077
8c53d71e-01a5-45b8-b897-1bd4cbe46e20,район Щукино,55.795673550000004,37.46141419942943,1986.0,216,111,24.0,0.21621621621621623
8c5c1ddf-7ce0-496c-93db-ce034759e474,район Братеево,55.6339584,37.7611836,2001.0,484,238,2.0,0.008403361344537815
8c6897e2-eedc-4f5a-bc3e-bd21a7f28a87,Хорошёвский район,55.7816478,37.532064104910475,2006.0,130,64,23.0,0.359375
8c6d42d2-b553-4c58-ad38-ce3f57320425,район Филёвский Парк,55.7383733,37.50414677907341,1967.0,167,84,6.0,0.07142857142857142
8c6f316b-1cac-43bc-a0d5-120482cf8e9c,Пресненский район,55.75722805,37.55983025689334,1965.0,151,84,8.0,0.09523809523809523
8c735986-c108-4044-9a5a-2bc3f72386a0,район Богородское,55.8136703,37.719984168553516,1970.0,259,128,8.0,0.0625
8c775d0e-1df9-4d8f-a988-7a4e7bfe6d05,район Черёмушки,55.67913445,37.55893281174066,1960.0,80,64,26.0,0.40625
8c7f2612-3b38-4cc7-9b2e-3b36fdf26c84,район Нагатино-Садовники,55.6678002,37.6492429673105,1973.0,83,48,17.0,0.3541666666666667
8c823644-578d-424c-9117-9e42669ce960,район Солнцево,55.6505329,37.3881637,2006.0,504,239,38.0,0.1589958158995816
8c8a4304-bf8e-4be3-8b56-2468924b9c4f,район Очаково-Матвеевское,55.6788934,37.44653617463133,2008.0,250,136,33.0,0.2426470588235294
8c9160f7-16df-4fec-ad24-7458610731f0,район Щукино,55.801998850000004,37.45445556603322,1975.0,99,66,18.0,0.2727272727272727
8c931157-1d2d-4c81-8564-45803a2b4de7,район Сокол,55.79860035,37.50404499002525,1963.0,103,72,24.0,0.3333333333333333
8c9342cb-cafd-4751-bcb1-cd9ea3d97246,поселение Московский,55.6022875,37.34240907093141,2005.0,363,179,24.0,0.1340782122905028
8c9d6e9d-10c6-4f40-9007-03cbd5b1cfdb,район Нагатинский Затон,55.674432800000005,37.66753080088924,1966.0,330,163,33.0,0.20245398773006135
8c9dd9d7-aa1b-42e2-b886-895b1580ed04,район Аэропорт,55.79814285,37.5394584,1963.0,361,220,28.0,0.12727272727272726
8ca29055-87e9-4e19-9bcb-6e7707efc218,район Южное Тушино,55.8424537,37.4623223,1978.0,178,92,15.0,0.16304347826086957
8ca7688c-0752-47c7-bea0-77222a8bcaad,Алексеевский район,55.81454635,37.656844944239054,1976.0,178,98,9.0,0.09183673469387756
8ca8a397-92d1-423d-8b0a-7ff73ce9076e,район Ростокино,55.8322296,37.641002,1958.0,410,185,26.0,0.14054054054054055
8cb5ef57-ca76-4f6f-be17-881cc72bb275,район Черёмушки,55.651557600000004,37.555070550105,1964.0,125,84,27.0,0.32142857142857145
8cb602a1-4c68-4c48-8f1e-ddd58606de38,район Южное Тушино,55.844910350000006,37.42534594937478,1966.0,134,72,9.0,0.125
8cbaf775-878c-44a2-9e71-71526290b106,Басманный район,55.7771826,37.7068939,1971.0,176,96,8.0,0.08333333333333333
8cbb25be-3a20-4900-b27a-80dfe7ab8f7c,район Соколиная Гора,55.7850739,37.73537629160584,2009.0,48,211,189.0,0.8957345971563981
8cc02416-e46c-4b51-88c9-f82c9eaacbc1,Хорошёвский район,55.77993335,37.52177695336753,1959.0,76,40,5.0,0.125
8cc95b0e-da4d-48e9-91fe-f0d43553057d,район Зюзино,55.65780185,37.587712249999996,1999.0,335,187,63.0,0.33689839572192515
8cd5cd9e-a4dd-461e-a2bc-7a564fc18ec8,район Очаково-Матвеевское,55.7122365,37.4895115,2003.0,489,192,13.0,0.06770833333333333
8cd61a7d-31a2-4e38-a2fc-d03971203793,район Свиблово,55.8579268,37.63668669444732,1997.0,535,270,44.0,0.16296296296296298
8cdd36aa-0a98-4bfa-8dd8-b486b6c8e980,район Левобережный,55.86289095,37.474839242013736,2015.0,172,130,53.0,0.4076923076923077
8ce8a743-e811-40ce-b96a-c0ac434618b9,район Солнцево,55.6496846,37.407490884051676,1970.0,142,80,12.0,0.15
8cf1d9b1-60d0-4cf2-b491-ecb5e3e1f57a,район Лефортово,55.75643705,37.68164732806864,1974.0,210,105,12.0,0.11428571428571428
8cf3f38e-196f-4fcf-9695-228faebeb243,район Сокол,55.7969043,37.503456556432326,1963.0,582,320,67.0,0.209375
8cf5ef62-4c2a-4c36-8ff9-38e29558b752,район Щукино,55.79132525,37.48590949618351,1959.0,218,115,1.0,0.008695652173913044
8cfb6a28-27ad-4993-b4a5-2797f7177428,район Люблино,55.680611549999995,37.76112918948984,2007.0,255,128,22.0,0.171875
8d126ef4-1adc-4eca-8f7b-5c47715e3b09,район Замоскворечье,55.731148700000006,37.63417040605803,1953.0,233,111,24.0,0.21621621621621623
8d17ddee-32d9-4acc-bd29-5bcf651b2fad,Пресненский район,55.7646614,37.582521250165954,1972.0,186,95,5.0,0.05263157894736842
8d19e63e-15ea-47fa-b60e-e163d022207c,район Коптево,55.84313815,37.53924431861458,1977.0,210,98,3.0,0.030612244897959183
8d1d9d42-2147-4055-8b50-5b6c4652833e,район Ховрино,55.865227649999994,37.492150546381154,1968.0,300,143,9.0,0.06293706293706294
8d2820ce-4016-4b07-840a-149161786eba,район Марьина Роща,55.7903072,37.61285049873847,1972.0,193,98,2.0,0.02040816326530612
8d29351d-f6c8-4474-9389-2161366cfe10,Пресненский район,55.7596876,37.57079559949007,1937.0,61,30,5.0,0.16666666666666666
8d428376-313c-4b2c-9204-63bdcb81dbf7,район Южное Медведково,55.87225465,37.631447993716364,1965.0,183,84,2.0,0.023809523809523808
8d4a2a16-86f1-431d-a510-6ad13d210e35,Алексеевский район,55.8128376,37.652630329616024,1964.0,112,69,4.0,0.057971014492753624
8d4da930-01ec-4965-8c17-81d13c5a0085,район Люблино,55.67448315,37.7603880944543,2007.0,347,170,26.0,0.15294117647058825
8d5872b2-7e90-4b07-b4d0-6449e8080eff,район Ивановское,55.772255200000004,37.834167433243664,1972.0,931,434,22.5,0.05069124423963134
8d5ecac6-21ea-48f8-a182-65bd536cbd9f,Пресненский район,55.758098149999995,37.60639706413059,1914.0,51,35,15.0,0.42857142857142855
8d616534-0051-4e3c-a4cb-327e3329f12d,Нагорный район,55.6570372,37.61238633262444,1978.0,410,187,32.0,0.1711229946524064
8d763ec0-79b0-4fb7-8846-fa23d7e3c454,район Матушкино,55.7030139,37.9111119,1968.0,116,50,3.0,0.06
8d7a3b35-cc51-4805-8ee8-64a400dea1a1,Хорошёвский район,55.7889818,37.52157962267232,2005.0,361,253,120.0,0.4743083003952569
8d7c2781-f917-4a47-81c2-9a4585a16a14,район Ховрино,55.8723112,37.488576412355,1965.0,132,84,17.0,0.20238095238095238
8d838b59-d9e1-48eb-9ed4-be26b095bae8,Тверской район,55.7742958,37.5940083,1917.0,51,38,14.0,0.3684210526315789
8d8e123a-1fc8-49fd-863f-ef2d0958f37e,район Очаково-Матвеевское,55.70674845,37.466092849999995,1970.0,333,183,22.0,0.12021857923497267
8d953944-1499-4f5b-b61e-00dd46a8912d,район Новогиреево,55.7532409,37.8092541084541,1974.0,316,150,1.0,0.006666666666666667
8d987116-49fa-4f0f-8a22-41426ba4064f,Савёловский район,55.8071516,37.58042534343467,1962.0,103,67,16.0,0.23880597014925373
8da037d9-0463-43f0-999a-9d2541e9b53a,район Зюзино,55.6479961,37.573350269187735,1965.0,144,84,23.0,0.27380952380952384
8da9b1b8-1479-46ee-a4ec-923500acb901,район Гольяново,55.814705950000004,37.833975795842534,1996.0,340,167,21.0,0.12574850299401197
8dab3021-d584-48df-ab1c-1f73b2da3f2a,Савёловский район,55.80609135,37.57499309666667,1994.0,80,50,13.0,0.26
8dad483f-2a61-4c9e-a083-491aa649ae82,район Якиманка,55.73696905,37.6155237170783,1900.0,65,25,2.0,0.08
8db8e7cf-049e-4c89-9b9f-918e4a12d612,Обручевский район,55.659748300000004,37.516620501109195,2000.0,386,173,29.0,0.1676300578034682
8dbf6ba3-b111-49d4-8022-70825573267b,Алтуфьевский район,55.88607225,37.59243255014363,1998.0,323,167,31.0,0.18562874251497005
8dc85b77-f774-48a4-b25b-9f2c09a5cd47,район Косино-Ухтомский,55.7051754,37.881566417877465,1940.0,19,9,2.0,0.2222222222222222
8dca3924-004a-471f-9878-36966bb6612a,Лосиноостровский район,55.876644299999995,37.6917711869644,1974.0,234,112,4.0,0.03571428571428571
8dcb8ff4-c7ff-4ded-98ba-ecef2faa22f2,район Измайлово,55.79599825,37.78606631052632,1952.0,131,69,18.0,0.2608695652173913
8dd8b70a-9b7f-452c-847b-bba57f54c58b,район Восточное Измайлово,55.79905275,37.82349535,1970.0,317,168,13.0,0.07738095238095238
8dee1383-47c2-4ecd-b5a0-1765eedfdffa,Таганский район,55.7349069,37.6606260067616,1938.0,79,34,10.0,0.29411764705882354
8df5d3fa-9ef5-45ff-b667-8a2305c94469,район Дорогомилово,55.744890600000005,37.555548003775115,1955.0,317,144,24.0,0.16666666666666666
8e00fd5d-2b10-4d7a-8d3f-005c7128efa6,район Ростокино,55.82958095,37.65962690095767,1964.0,123,72,16.0,0.2222222222222222
8e1bfa89-90b5-4e6f-b7e5-20fe2f46b679,район Арбат,55.7530061,37.58888680342181,1968.0,301,176,28.0,0.1590909090909091
8e2a3517-878c-4a08-953d-64d25470b3e3,Таганский район,55.73334055,37.6624715690311,1967.0,93,66,21.0,0.3181818181818182
8e2cadf3-bc1a-44f5-99ce-9298dc6f61bf,район Вешняки,55.723114699999996,37.82798627576935,1981.0,247,128,10.0,0.078125
8e300a95-4e4d-45c6-b999-87cd3c7b63f6,Алексеевский район,55.8073465,37.64062341079795,1966.0,105,77,33.0,0.42857142857142855
8e318820-aa37-4756-95de-09129bafa52e,Донской район,55.6924306,37.618083506091324,2006.0,476,201,6.0,0.029850746268656716
8e403b30-ee47-44ef-b0c2-85e29e76e146,район Щукино,55.7909357,37.48727825,1972.0,203,107,12.0,0.11214953271028037
8e41baf2-09e9-4533-90a1-0a91a200136c,район Замоскворечье,55.73825119999999,37.64190210731631,1905.0,24,10,2.0,0.2
8e50c11c-3195-4ca6-a154-e3b183eb783e,район Зюзино,55.6482406,37.58208635362522,1979.0,243,127,21.0,0.16535433070866143
8e53be0b-4bcf-46bd-8c65-72757e39c600,Войковский район,55.8246499,37.512362,1975.0,645,289,43.0,0.14878892733564014
8e6ec197-f68c-4a0e-b0ff-ddebcf7317a7,район Строгино,55.8164177,37.394458127909445,1983.0,2047,3088,2243.0,0.726360103626943
8e7c3941-afa0-4a3c-be52-42a460434c94,район Хорошёво-Мнёвники,55.7795661,37.47773811493644,1970.0,295,143,11.0,0.07692307692307693
8e7d295f-4287-4de8-a66c-a48090ba72d2,Ярославский район,55.85722625,37.69870569450984,2000.0,535,260,4.0,0.015384615384615385
8e80c55d-4ac5-4d93-9c38-6f919fdbd57c,район Сокол,55.80116795,37.516286625924785,1950.0,64,34,6.0,0.17647058823529413
8e85973f-87d6-4c19-a727-bec38d606045,район Печатники,55.69348495,37.72016412281083,2006.0,516,299,86.0,0.28762541806020064
8e860253-b24d-4daf-8948-8ca94cc7e61b,район Сокол,55.79632235,37.50654988798521,1967.0,104,72,26.0,0.3611111111111111
8e8f5480-c561-4849-9b97-3c9b5213c9e4,Даниловский район,55.7111529,37.6180847,1969.0,58,32,3.0,0.09375
8e91ae8c-e437-450f-b87d-f8c189495ad9,район Хамовники,55.7278139,37.5606804,1961.0,367,164,15.0,0.09146341463414634
8e963ee6-4f3f-4b0b-a8bc-5918952d993b,городской округ Троицк,55.8597666,37.6653206,2004.0,48,28,11.0,0.39285714285714285
8ea616cd-a390-43c8-af77-f491ba83b816,район Вешняки,55.73402585,37.81765627598116,1973.0,311,144,4.0,0.027777777777777776
8eac9e58-0c47-4204-b2a6-6e66076d410b,городской округ Троицк,55.486923700000006,37.2973345914193,2006.0,364,167,12.0,0.0718562874251497
8eb1decd-b372-4912-966f-4f25e2a8f904,Пресненский район,55.76352935,37.59023511694251,1981.0,37,22,8.0,0.36363636363636365
8ebbe53d-2f96-4f5e-a109-d1e09d3d54fd,Тверской район,55.78278635,37.59218396316436,1968.0,397,180,29.0,0.16111111111111112
8ebdf4a7-4780-452d-a0e2-2cc8422e9827,Басманный район,55.765061900000006,37.65412212262837,1950.0,337,156,19.0,0.12179487179487179
8ec003ee-1759-4083-bd0e-d14a53b226d5,район Замоскворечье,55.7343885,37.638395404247575,1926.0,86,38,3.0,0.07894736842105263
8eccdc72-bea0-4cc3-a37a-e61c74ebdb4c,район Левобережный,55.85672865,37.47433332087466,1975.0,165,96,33.0,0.34375
8ecf4a89-9604-4518-ba36-f08943787cc6,район Арбат,55.75431515,37.58749972895775,1895.0,56,32,7.0,0.21875
8ed0d6a2-8453-40bb-aafe-c0397260d2d9,район Печатники,55.69165525,37.72146791635995,2005.0,520,254,16.0,0.06299212598425197
8ed95f1e-9e58-4945-ab64-fa92fae60952,район Беговой,55.7778962,37.5536131,1977.0,132,72,6.0,0.08333333333333333
8eda98ab-e2df-41e4-aba3-94d392a51b81,район Гольяново,55.81283355,37.7962065992255,2010.0,300,161,32.0,0.19875776397515527
8edbd24e-b59f-47e5-b93f-a03a62e4385a,Академический район,55.689067800000004,37.59270905024303,1960.0,194,80,1.0,0.0125
8ef0fdf1-e14b-4902-a6ba-e9934274bde2,Тверской район,55.7734266,37.58916292341928,1902.0,16,8,2.0,0.25
8ef385a5-4890-48a2-8147-31a2b26cc04c,район Богородское,55.811958700000005,37.72740489019551,1963.0,113,72,21.0,0.2916666666666667
8efc20aa-c338-4994-a8cf-5e1cd9cc9d57,район Орехово-Борисово Северное,55.610531550000005,37.69749291338029,1989.0,153,128,63.0,0.4921875
8f01db91-bfce-4e1d-9d15-0397b7682c5c,район Замоскворечье,55.744207900000006,37.63965511234454,1956.0,388,219,87.0,0.3972602739726027
8f089c31-947f-4dba-8acc-5818b7a9e35e,район Люблино,55.668401200000005,37.775158265015406,2004.0,397,229,32.0,0.13973799126637554
8f108aed-8f08-404e-878c-f46fe449978d,район Щукино,55.802551199999996,37.47481722541795,1957.0,605,227,2.0,0.00881057268722467
8f24b78e-c514-43df-a14a-85b86b85439e,район Коньково,55.640862299999995,37.514517917924174,1993.0,431,202,8.0,0.039603960396039604
8f260f4f-0e46-4723-9fdb-6792ee1bab59,Пресненский район,55.75943355,37.60580760842801,1876.0,137,78,34.0,0.4358974358974359
8f269f38-b98d-4357-b382-61ea9d337ac0,район Марьино,55.6615392,37.74396204079573,1999.0,473,202,16.0,0.07920792079207921
8f3b2da2-1b0e-405b-9b55-7208ee2dbd86,район Лианозово,55.89679675,37.574347445063125,1976.0,942,488,28.0,0.05737704918032787
8f3ecc87-65c1-4f31-94e7-dbb2480b5841,район Измайлово,55.798021750000004,37.78769954888419,1957.0,210,86,6.0,0.06976744186046512
8f4612c1-8aa0-4338-91b0-a15bc665c7cf,район Кунцево,55.73995125,37.42900410104712,2009.0,877,403,1.0,0.0024813895781637717
8f4cbe1b-ebea-48fd-91be-7c600643d67e,район Хорошёво-Мнёвники,55.7770924,37.4711353110646,1958.0,155,80,3.0,0.0375
8f59da19-2d96-4278-b98a-1bf2a17b589a,район Измайлово,55.79426985,37.783242651615275,1969.0,125,81,22.0,0.2716049382716049
8f5b91f1-af0d-4581-8482-f25c08208d6c,район Марьино,55.659197750000004,37.74652337386011,2000.0,347,226,65.0,0.28761061946902655
8f605572-a8fb-415c-8ec3-424adf151e8b,район Раменки,55.7044926,37.500832,2014.0,429,263,110.0,0.41825095057034223
8f6615b3-1765-4532-bec0-25f3ff81e6b5,район Текстильщики,55.7181925,37.72985709981313,1988.0,93,59,5.0,0.0847457627118644
8f6f413b-2eae-40f6-ab82-097f7388f745,район Якиманка,55.721889,37.60710081246696,1963.0,110,72,22.0,0.3055555555555556
8f83c8ab-3db0-4db9-bca5-7bbe7821e6a7,городской округ Щербинка,55.504127749999995,37.556162815436835,2004.0,245,115,15.0,0.13043478260869565
8f86484f-067f-45c3-8bd4-5264006719eb,район Южное Тушино,55.846612050000005,37.425032943423226,1966.0,123,72,13.0,0.18055555555555555
8f8b264d-079d-4286-9909-ac763e38b39f,район Филёвский Парк,55.73737075,37.497631988781265,1995.0,224,128,23.0,0.1796875
8fa4a051-6b00-4440-aa3d-b1aad572065c,Хорошёвский район,55.7795937,37.522372587048,1978.0,94,60,20.0,0.3333333333333333
8fa57916-3023-4370-98b2-31f43567feac,Останкинский район,55.8108974,37.63673140186248,1959.0,616,279,34.0,0.12186379928315412
8fc2cf16-169a-4cb1-9b8e-d23430addb57,район Зюзино,55.6584315,37.58941750629715,1999.0,763,313,6.0,0.019169329073482427
8fc9a8e4-2aa0-40de-8cf9-9c3bfcae059b,Тверской район,55.7740872,37.58971089415445,1985.0,92,43,7.0,0.16279069767441862
8fcc509e-58d0-43c2-9608-7797e2ed326d,Академический район,55.68972745,37.57423110544104,1958.0,166,73,6.0,0.0821917808219178
8fcdf5b2-9a96-4e27-b010-05e1fcc30c38,район Ховрино,55.86275945,37.50122420863336,2003.0,220,87,9.0,0.10344827586206896
8fd56a4e-5d41-4d3f-8d25-5ec83da82623,Академический район,55.69002055,37.57634218347356,1957.0,109,64,16.0,0.25
8fd93ed3-a910-454c-a65f-c5806c90a303,район Северное Тушино,55.8502526,37.42084000303565,1983.0,177,97,14.0,0.14432989690721648
8fdcb93e-4e21-417e-b691-a67b2609830e,район Свиблово,55.8493672,37.64015259733753,1964.0,109,72,18.5,0.25
8ff8406f-2752-4cfd-a3fb-4cecd8d7276f,Пресненский район,55.7540496,37.6010306,1937.0,103,49,13.0,0.2653061224489796
8ffeb1c3-eee8-4286-9dbe-47b6e68e8f08,район Северное Тушино,55.85551985,37.43384829803964,2006.0,199,86,6.0,0.06976744186046512
900d887f-17f3-4289-a52e-52e6c767cc79,Тверской район,55.5428694,37.2030491,1958.0,210,88,2.0,0.022727272727272728
901ad80b-a31c-4c00-8cb1-ddfc91956a0b,Таганский район,55.747441949999995,37.660681499999995,1959.0,96,60,13.0,0.21666666666666667
901fdd7a-1db3-463c-bc2e-f07a91edebe9,район Сокол,55.803316949999996,37.51443699184783,1966.0,135,94,33.0,0.35106382978723405
90220ac2-27c0-439c-9102-f38d3d1d0472,район Новокосино,55.7408739,37.874637181697224,1988.0,190,110,19.0,0.17272727272727273
90251189-8aad-4f7f-9c11-1304ac43742e,район Сокол,55.802844449999995,37.510717248693254,1962.0,284,191,57.0,0.29842931937172773
90358a09-80be-4420-b6a2-753f3d9a1857,район Хамовники,55.736994800000005,37.57333368535865,1992.0,187,77,9.0,0.11688311688311688
903b792e-b41b-46fc-850c-2a8b0015ee60,район Перово,55.76207205,37.79205589863887,1957.0,178,92,9.0,0.09782608695652174
9040ad0f-0bab-456a-9185-038452d8716e,Бутырский район,55.808042900000004,37.582749377992656,1953.0,324,136,27.0,0.19852941176470587
9043e546-c9c2-4c55-aa54-dc0bff1bd4e8,Тверской район,55.7811029,37.587953555767214,1960.0,239,126,8.0,0.06349206349206349
9049b0de-45b2-4a36-bfd8-8035186bffbc,район Западное Дегунино,55.8637779,37.53729347440048,2006.0,164,168,98.0,0.5833333333333334
904a3ae3-0ea1-4650-885c-b818167f203f,район Черёмушки,55.6680052,37.57319533799042,1998.0,406,194,34.0,0.17525773195876287
90568a0d-5c39-4b4f-84fa-88b6bde47ebe,район Гольяново,55.8194592,37.805504600000006,1967.0,158,84,6.0,0.07142857142857142
905bef15-b957-44f7-bff8-8c37c4f2f9ff,Гагаринский район,55.6932139,37.549359,1958.0,1170,524,56.0,0.10687022900763359
905c137a-514a-477d-914e-f42189ad62d3,район Сокол,55.79389605,37.51474605370928,1953.0,208,83,6.0,0.07228915662650602
9062ecff-1877-4f09-b7bb-80c53e8088b3,Басманный район,55.768100000000004,37.673578846123014,1917.0,18,6,1.0,0.16666666666666666
9066c726-47a4-4c35-b1ac-97096c978923,район Соколиная Гора,55.786046049999996,37.73501237610013,1962.0,121,60,7.0,0.11666666666666667
90761b79-9b73-433a-99c1-89cde6eecde8,Останкинский район,55.81619095,37.62620545133723,1966.0,168,84,2.0,0.023809523809523808
907b2959-b5b3-4041-968f-89b0ffadaf5f,район Новогиреево,55.7536568,37.8222606,1970.0,168,94,18.0,0.19148936170212766
9081c6c3-18fe-45b7-ae2e-67bbf6a24cf8,Пресненский район,55.7569279,37.59808020315578,1927.0,87,46,10.0,0.21739130434782608
908eb970-b816-41f0-a3ae-5b6446d9cdbf,район Хорошёво-Мнёвники,55.7699834,37.485449879142976,1962.0,110,64,9.0,0.140625
9099e9c3-cc14-4bc1-9c68-dd0d76da76c0,район Левобережный,55.86689435,37.463471078765586,2009.0,279,147,37.0,0.25170068027210885
909a2179-8b8b-4314-9c8f-a8bc72ab15c9,Мещанский район,55.7757493,37.625167649999995,1974.0,349,168,11.0,0.06547619047619048
90a05272-2984-4d3a-a61e-db45203c7481,район Сокольники,55.79426775,37.685917890200436,1975.0,186,99,13.0,0.13131313131313133
90a07fc8-4126-457d-bb25-d98176cfc4f2,район Измайлово,55.79501165,37.799846872543824,1964.0,101,68,19.0,0.27941176470588236
90acc3be-9d68-4092-9958-bd0d622555a4,Рязанский район,55.712564549999996,37.7948337,1970.0,166,98,14.0,0.14285714285714285
90b49a40-264c-405f-b7cc-3054c76d1a74,Войковский район,55.818855850000006,37.4938220961871,1959.0,141,60,3.0,0.05
90b6e5c2-b9ff-45c6-9a3b-7a9093fc03c1,район Ховрино,55.85479425,37.49947140161877,1998.0,324,149,12.0,0.08053691275167785
90b8e773-3cde-4145-90ba-3a254b6fbcc0,район Чертаново Южное,55.6014801,37.62094332419214,1973.0,461,191,15.0,0.07853403141361257
90c1971f-0777-4155-b646-3061d8392e24,Обручевский район,55.666128,37.52300696320961,1963.0,81,72,38.0,0.5277777777777778
90c5846a-a638-4f1c-8a99-60254cd8b756,район Филёвский Парк,55.744322600000004,37.49518701498317,1977.0,130,77,23.0,0.2987012987012987
90d13e75-e326-4568-8f08-901a9e3af863,Таганский район,55.73147215,37.683341921463224,1957.0,85,41,8.0,0.1951219512195122
90d872d9-b669-4aa5-ad3c-51e30ec2e6fb,Лосиноостровский район,55.8862048,37.68379880118444,1998.0,264,135,29.0,0.21481481481481482
90f1e2b5-48b8-4852-9572-7a2a981bf67e,Обручевский район,55.6440812,37.497464771760775,2004.0,365,156,18.0,0.11538461538461539
90f2843c-11e9-4317-9351-d17735fd6191,район Кузьминки,55.70110345,37.78277289763003,1996.0,269,135,21.0,0.15555555555555556
9100851b-54ed-4c5d-ba89-f120080c436c,Тверской район,55.7811303,37.59298869608487,1938.0,46,18,1.0,0.05555555555555555
910c2ab9-5982-4a6d-8cff-ce12652b2353,Бутырский район,55.828170799999995,37.578529141520214,1966.0,145,92,21.0,0.22826086956521738
91162b79-52ce-4b96-981c-a142de917257,район Ростокино,55.8391786,37.658847022435154,1962.0,140,60,5.0,0.08333333333333333
9118d2dd-b965-47ad-967d-fb10a08a1b82,поселение Филимонковское,55.5319217,37.2378563,2011.0,31,17,4.0,0.23529411764705882
911e1e9f-5264-459d-bad8-661797031772,Войковский район,55.82147895,37.510665797418525,1963.0,71,33,1.0,0.030303030303030304
911f3165-16cc-4403-a21a-744419f392dc,район Ховрино,55.87679575,37.48412365315069,2010.0,558,238,19.0,0.07983193277310924
912134b8-a395-443b-b77d-0f8fbe1d566f,район Ростокино,55.832115349999995,37.650551199999995,1961.0,136,71,3.0,0.04225352112676056
91305fca-509e-4b53-b7a0-91e9c2099216,район Коньково,55.640001600000005,37.51379957067405,2003.0,304,140,39.0,0.2785714285714286
913f092b-edf3-4385-aec6-1a1754316f88,район Сокольники,55.79526665,37.68629039152579,1972.0,287,143,25.0,0.17482517482517482
9150b767-f391-44b9-9515-33a56019295e,район Аэропорт,55.805726750000005,37.517004718002696,1959.0,75,63,20.0,0.31746031746031744
9153aa3a-72d4-426d-b52f-1c883cb2b0c9,район Царицыно,55.63177015,37.6796457,2002.0,406,203,21.0,0.10344827586206896
91644160-6fb3-4758-970d-da0f210165f9,Таганский район,55.7511109,37.66338242036975,1957.0,67,41,9.0,0.21951219512195122
916b9aa8-396c-4a2d-98d4-e49847844d68,Гагаринский район,55.70562085,37.58256532209606,1963.0,106,71,7.0,0.09859154929577464
917afd86-2dbc-4750-bfc6-3e5d2c9f6a78,район Царицыно,55.637623399999995,37.65765921350523,1997.0,276,133,11.0,0.08270676691729323
917b8f7a-a76f-4efa-9b70-4a666ca67ca9,район Дорогомилово,55.75039755,37.56980468160317,1975.0,115,83,32.0,0.3855421686746988
918810e7-6d48-4ddf-83c5-f30c2230a718,поселение Сосенское,55.5732402,37.46880121741681,2014.0,493,361,138.0,0.38227146814404434
918e74df-56b0-4474-8cf4-434613fe5bb7,район Аэропорт,55.80390725,37.52739181385514,1978.0,134,73,25.0,0.3424657534246575
919018e6-a285-4256-8b03-027046d3443b,Мещанский район,55.768705999999995,37.62671755353237,1932.0,33,11,1.0,0.09090909090909091
91a7dbdd-ec56-4ffb-ba4d-07e509920c7e,район Якиманка,55.73263655,37.61613793612181,1931.0,181,59,1.0,0.01694915254237288
91be47d7-1a7d-48fa-93cf-1ae700fad96d,район Якиманка,55.72266535,37.609239321040434,1972.0,145,98,17.0,0.17346938775510204
91c2ef46-e600-4066-9732-7fd2fe808ad0,поселение Сосенское,55.5773704,37.47411009144642,2015.0,135,135,80.0,0.5925925925925926
91cd1f93-0ce5-4329-b4e7-d21011081b28,Тверской район,55.78384175,37.59095813730363,1966.0,321,179,38.0,0.2122905027932961
91cd3bfc-a361-446b-8c23-00f92e478a04,район Филёвский Парк,55.737479199999996,37.498864988715056,1995.0,206,128,33.0,0.2578125
91ddcdfe-b464-43ce-8bf6-1f0e26b5dca1,Бутырский район,55.824449900000005,37.577939763246754,1994.0,227,116,20.0,0.1724137931034483
91e1ee38-3c51-4c8d-a36a-c4a1f2c372bc,район Хамовники,55.7260859,37.568657931295334,1966.0,118,72,13.0,0.18055555555555555
91e3dbe3-1bd2-46c1-8e1c-dc4900c02e86,Мещанский район,55.7880595,37.63223835005509,1974.0,420,207,30.0,0.14492753623188406
91f1205d-328d-4ae1-9918-9b3c185a753f,район Якиманка,55.7339833,37.614655,2007.0,19,11,6.0,0.5454545454545454
91f1addd-f0ac-491b-978d-ab591088301f,район Свиблово,55.8496896,37.63767796052212,1970.0,296,148,22.0,0.14864864864864866
91f1f7bc-7b9f-4940-a1e5-b02e436ccbc1,Алексеевский район,55.811458,37.65816967200842,1955.0,371,181,52.0,0.287292817679558
91f4ece4-e0cb-4403-a2a2-96ec4db51505,район Щукино,55.80558155,37.468539605464116,1936.0,97,47,13.0,0.2765957446808511
91fd7945-4cad-4885-8589-7f7daaa1272b,Нижегородский район,55.736093,37.73610128368102,1968.0,129,80,26.0,0.325
92045865-119b-46d3-af20-1c7f7f1daba2,район Покровское-Стрешнево,55.83394665,37.46858569979111,2002.0,13,22,18.0,0.8181818181818182
920ceb90-1c1f-41ac-898f-5ff9dadbff3c,район Бибирево,55.89662185,37.5975844,1974.0,636,286,27.0,0.0944055944055944
922d0103-a551-41ef-8674-cd1abd00b433,Пресненский район,55.757175849999996,37.52044610400474,1965.0,193,82,2.0,0.024390243902439025
9233ccbc-7b46-4b75-9b80-06a1fd05f6b7,район Сокол,55.79271695,37.51169530700599,1952.0,83,39,9.0,0.23076923076923078
923ae26d-01b0-4d2c-8038-2e32e024b236,район Северное Тушино,55.8640367,37.430641550000004,2002.0,472,208,8.0,0.038461538461538464
923c93d4-a417-4400-8600-42005759e713,район Раменки,55.702463949999995,37.49688245679938,2016.0,532,353,136.0,0.38526912181303113
92527053-e674-4b4f-94a0-f77678333b7e,район Филёвский Парк,55.7424124,37.48875325,1977.0,114,77,29.5,0.38961038961038963
92645ce1-4fa3-44ac-9ca9-855ca3c9a127,Мещанский район,55.774637549999994,37.630802543230004,1998.0,146,79,17.0,0.21518987341772153
9265062d-148b-4824-a2d5-eabdb1d376e1,район Лефортово,55.773641350000005,37.71180521831562,1965.0,96,68,27.0,0.39705882352941174
92735037-a874-445e-a71f-216c91a0a9c4,Тверской район,55.764017100000004,37.610751687236586,1938.0,177,109,44.0,0.4036697247706422
9282c5f0-1e97-4e78-8e5a-459856ca477d,район Черёмушки,55.650789849999995,37.55892096350344,1965.0,144,84,14.0,0.16666666666666666
92919960-e48b-4f65-be93-d8e11a66f791,район Аэропорт,55.809203600000004,37.5263669506831,1950.0,66,40,10.0,0.25
9294c7ac-9a22-4acf-ac05-83f6c1139ac2,Академический район,55.686610650000006,37.59267989999999,1960.0,172,72,2.0,0.027777777777777776
9294d191-ce3f-4cf8-833f-0664157ce78d,район Коптево,55.84046055,37.52841425,1997.0,266,119,21.0,0.17647058823529413
929c9a02-9571-416f-b526-a8eaef03331d,район Текстильщики,55.70301885,37.743276379124396,1980.0,240,103,1.0,0.009708737864077669
929ffbf1-878d-4772-b5e4-7f251e8e5ea2,район Хорошёво-Мнёвники,55.77015405,37.4736633994811,2015.0,1177,624,114.0,0.18269230769230768
92a00109-7737-48bc-954b-010947290fe2,район Измайлово,55.8096368,37.7874219,1970.0,258,165,29.0,0.17575757575757575
92a5c865-3beb-40e1-86e8-bc493b2c6480,Гагаринский район,55.6947564,37.56218687571135,1967.0,197,111,4.0,0.036036036036036036
92a70753-981c-4529-8e4d-fa4f20e92102,район Арбат,55.749236350000004,37.5766824185163,1954.0,437,228,72.0,0.3157894736842105
92a70fd5-febd-4325-b81a-16d5994eecdf,Тверской район,55.77599435,37.599441292866324,1957.0,90,35,1.0,0.02857142857142857
92ac48cc-8d19-4b72-961f-aa98ccb8afe9,район Вешняки,55.7220813,37.81071636228876,1970.0,452,214,19.0,0.08878504672897196
92bd0b2b-a59f-4dfa-bf4a-bb8f607e31db,район Кунцево,55.7297784,37.4316027,1959.0,11,51,46.0,0.9019607843137255
92c69607-10d6-434d-92a9-e78940778e3d,район Тропарёво-Никулино,55.6599644,37.4947759,1970.0,189,107,30.0,0.2803738317757009
92ca779f-04ae-49af-96f1-1dbfd9c87daa,район Ново-Переделкино,55.63660575,37.36216038511269,1988.0,431,222,44.0,0.1981981981981982
92efdff6-dd49-4755-b4f8-65553307e6e0,поселение Филимонковское,55.5319217,37.2378563,2013.0,23,15,6.0,0.4
92f338e9-4b14-4346-9941-82ca3ec0a53c,Донской район,55.70352389999999,37.595341839727084,1949.0,13,12,5.0,0.4166666666666667
9303781f-ff83-4cbb-9e75-df67165f7121,район Северное Измайлово,55.80479285,37.79785040058781,1963.0,120,72,19.0,0.2638888888888889
93042b54-152d-47b3-8ddb-2141456bf280,район Котловка,55.6732873,37.59330636380442,1964.0,106,68,14.0,0.20588235294117646
930d8f8e-849b-4573-b778-99def67ac125,Тверской район,55.78684045,37.591119689018655,1990.0,94,55,11.0,0.2
93103f05-35b7-400a-915f-90da10a72f5d,район Марфино,55.845320150000006,37.57959877619766,1963.0,142,71,9.0,0.1267605633802817
93296727-57ec-4157-a72d-cfe76afb3931,Басманный район,55.76189865,37.64965287245364,1927.0,127,69,10.0,0.14492753623188406
9339e4b1-bb40-423a-aee4-f08a90d1dd57,район Некрасовка,55.702801050000005,37.92240860801163,2010.0,936,384,11.0,0.028645833333333332
933a3395-f3d9-4b0f-ae92-a2a35dc4f4a3,район Кунцево,55.7390561,37.41878079999999,1966.0,140,96,41.0,0.4270833333333333
935313fd-f0b7-4ec8-bb97-e55426afb516,Мещанский район,55.778886099999994,37.63958724560632,1917.0,49,27,8.0,0.2962962962962963
935a3e03-957c-476f-bf43-a622c2e42b21,район Щукино,55.790190249999995,37.49193339590566,1954.0,198,79,2.0,0.02531645569620253
935c7a15-7333-463e-85d2-79d509b687ef,район Замоскворечье,55.72173345,37.62581558606543,2001.0,520,333,108.0,0.32432432432432434
93676527-daa9-494f-b892-21eca7b753c2,Лосиноостровский район,55.875371599999994,37.691972750000005,1967.0,152,84,10.0,0.11904761904761904
9369bf6c-e4f4-4bec-a041-0d3733b18904,Таганский район,55.73372645,37.65438543305238,1972.0,314,178,21.0,0.11797752808988764
936ba0c9-8323-4daa-a8a4-c57033621cdb,район Богородское,55.81799905,37.7115258742997,2002.0,363,180,34.0,0.18888888888888888
93765af4-3c14-496f-b792-ac28d7765dae,район Нагатинский Затон,55.67803485,37.67740654962575,1967.0,311,178,9.0,0.05056179775280899
937a222a-5e7d-4f89-adf2-6970d9e30b6c,Тимирязевский район,55.81001545,37.56870428036591,1989.0,101,52,1.0,0.019230769230769232
937efb14-b003-46c6-9264-0913d311d10b,Академический район,55.69419795,37.58184606546227,2002.0,176,63,2.0,0.031746031746031744
9389e9cc-beae-4f86-b439-9e337baf1172,район Восточное Дегунино,55.86846165,37.568282499999995,1972.0,271,178,26.0,0.14606741573033707
938c94c3-a898-46ee-abbe-8811c542820e,район Проспект Вернадского,55.672330849999994,37.507084951342634,2019.0,208,128,46.0,0.359375
93908935-da45-422e-ae32-60173fcecc4e,район Новогиреево,55.7516313,37.809112150000004,1969.0,149,84,12.0,0.14285714285714285
93976321-04e2-4406-a017-4c0a701d4b7c,район Западное Дегунино,55.86457575,37.5385597047023,1968.0,138,84,20.0,0.23809523809523808
93a9ed8d-0ddf-4ce8-a2f2-0396d3d9e93d,Басманный район,55.757208950000006,37.63707683010354,1930.0,118,50,3.0,0.06
93d544fd-b567-4fc8-87b5-86b82ae9f917,район Аэропорт,55.79906835,37.54998198850875,1958.0,40,21,7.0,0.3333333333333333
93f1fa2e-362b-45c7-b420-efd56b13a8c2,район Нагатинский Затон,55.684943649999994,37.68772474643423,1973.0,139,80,10.0,0.125
93f3344f-9a28-4c27-a70c-4e760558a1e6,Ломоносовский район,55.5416914,37.2041884,1956.0,203,89,15.0,0.16853932584269662
93fd9cbc-0b94-4171-8224-0252e81f8e62,район Люблино,55.666162850000006,37.781107245789556,2003.0,554,246,23.0,0.09349593495934959
9401ba6b-24fb-4611-867a-75a90eef4074,Пресненский район,55.757146399999996,37.58118952155915,1930.0,14,10,5.0,0.5
9410b0f8-d925-4e0f-83ea-5f34555e4744,район Свиблово,55.85118805,37.63698380677741,1975.0,176,98,14.0,0.14285714285714285
9414dc36-722e-4c1c-9806-2e178e1baa7e,район Новогиреево,55.74419035,37.80151636851719,2013.0,315,209,73.0,0.3492822966507177
941ebf03-a98c-4b7a-9536-9fbe7b9f6297,район Чертаново Северное,55.62969625,37.59339613206332,1973.0,173,99,2.0,0.020202020202020204
942213d5-38f4-4f3f-b584-9020a4be7f26,район Ховрино,55.856940949999995,37.50007974562226,2000.0,340,174,46.0,0.26436781609195403
9422943a-9dee-484d-a62a-43b1db1daec2,Басманный район,55.7595209,37.641360137371535,1955.0,35,21,5.0,0.23809523809523808
9425714b-4ddc-4e04-a27f-72119084a6ca,район Богородское,55.81253025,37.72204180245389,1962.0,107,68,20.0,0.29411764705882354
9430b939-3c94-4c44-af90-f2e6b5c8cec6,Пресненский район,55.76145425,37.539221013288284,1958.0,124,49,6.0,0.12244897959183673
94316299-6072-4921-a6ed-650703f3d626,район Печатники,55.6925576,37.72640950598959,1973.0,374,143,4.0,0.027972027972027972
94322655-3fd1-4375-a57d-06815a4e5d32,район Южное Тушино,55.8472385,37.4432269946726,1973.0,326,144,4.0,0.027777777777777776
9440a3af-8101-4128-8a79-b22e18413a8d,Донской район,55.6936104,37.61062432879814,1971.0,191,84,5.0,0.05952380952380952
94470a90-b6c6-4341-be0a-8a3dbb5f194f,район Замоскворечье,55.74043485,37.627465655209036,1917.0,135,63,6.0,0.09523809523809523
944f7b75-c89e-4e76-9445-422bd776a7b5,Южнопортовый район,55.7132417,37.6679007,1952.0,107,58,13.0,0.22413793103448276
9450e1ae-70ae-4761-bab8-9c8ee974a3e5,Головинский район,55.847373000000005,37.4881732460034,1967.0,163,84,3.0,0.03571428571428571
945ba5fa-b612-408c-baaf-033515cdf1e1,район Люблино,55.6740377,37.75509191572712,2002.0,187,83,6.0,0.07228915662650602
9463a123-654a-4606-bc31-7c74d9876e6a,район Гольяново,55.82316245,37.828590649621304,1973.0,600,288,41.5,0.14583333333333334
946465c5-33b3-4658-a410-3beccf01a5e4,район Левобережный,55.8627149,37.47858762663629,1963.0,127,72,7.0,0.09722222222222222
94688d8c-d2e0-4a81-a036-47c488de2a0b,район Замоскворечье,55.722311149999996,37.621591749348305,1961.0,348,176,13.0,0.07386363636363637
946d6a9f-20a8-4914-8f89-7df99b7c1e5a,район Хамовники,55.720413699999995,37.581037661736296,1955.0,396,197,53.0,0.26903553299492383
946e9cec-8c09-4624-890f-8967ec2cb0b9,поселение Сосенское,55.56840445,37.48680618163537,2014.0,121,79,25.0,0.31645569620253167
947d14e0-64af-4486-8dca-fd90a9c618d3,район Чертаново Центральное,55.61394385,37.59984340684342,1970.0,979,493,88.0,0.17849898580121704
94867f4a-d972-405d-a2fa-bf5113002935,Ломоносовский район,55.67821605,37.53576711201923,2006.0,289,174,77.0,0.4425287356321839
949169d2-d5ef-4cab-b1fa-d69291e4d7f9,Таганский район,55.7394384,37.6580194,1917.0,85,43,4.0,0.09302325581395349
949c927f-2bcd-47f2-885e-420f32582c7c,район Ростокино,55.8299563,37.66411547138628,1970.0,161,98,29.0,0.29591836734693877
949d5b4a-4bfa-448c-b7a4-04c4b32d4ab5,район Царицыно,55.6328717,37.6644550907569,1973.0,246,120,5.0,0.041666666666666664
94b41c1d-7f06-4af5-b001-da32e34c4e0b,район Измайлово,55.793543799999995,37.804737751032114,1965.0,146,65,1.0,0.015384615384615385
94c19217-2af2-4f0c-aa2e-b28bed00c818,Войковский район,55.818605000000005,37.493279949009334,1961.0,119,60,10.0,0.16666666666666666
94c26934-1313-40f9-b41b-b73f3cc85edf,район Лефортово,55.764400300000005,37.70113117388294,1987.0,204,111,11.0,0.0990990990990991
94c45219-4492-48f4-8f46-0eb84963116d,Бутырский район,55.8134673,37.58492265985901,1952.0,76,33,8.0,0.24242424242424243
94cbc5d1-6cbc-4d21-a550-88056c72d941,Мещанский район,55.77960865,37.632432537974694,1951.0,61,32,13.0,0.40625
94cc1abf-af03-42e0-8e6e-7cbe1d020252,Мещанский район,55.7864442,37.62990265786325,1969.0,145,84,20.0,0.23809523809523808
94d19326-cba4-4fac-b38a-28bc803c4d95,район Хорошёво-Мнёвники,55.781534699999995,37.472125681153855,2002.0,479,228,37.0,0.16228070175438597
94d86e01-743d-46d6-8313-e7372f3ecb99,район Новогиреево,55.7474237,37.791088330033276,1968.0,150,84,21.0,0.25
94da39bd-af64-4fba-ae64-ab3fceb1c1e9,район Зюзино,55.653966049999994,37.59990225,1966.0,101,64,5.0,0.078125
94ddeb41-934b-437d-b0f7-f124acb6be64,район Ивановское,55.7650189,37.83024961006096,1973.0,320,143,6.0,0.04195804195804196
94f466fe-cd99-434b-b132-66cf0490a23e,район Некрасовка,55.7002181,37.92368493908526,2013.0,433,192,22.0,0.11458333333333333
94f4d0a9-d350-4075-b517-2b8affc199dc,район Преображенское,55.7990586,37.7294674514062,1971.0,171,91,4.0,0.04395604395604396
94f5c7eb-e1ac-4bf2-b676-e1b303e6b392,район Хамовники,55.740309499999995,37.58939634718602,1929.0,104,40,4.0,0.1
95063ed0-0e95-4d49-afe9-51847127d08b,район Беговой,55.781397150000004,37.57619730806824,1955.0,222,116,44.0,0.3793103448275862
950fe2bb-7489-4c17-8e88-9deb47f7b596,район Преображенское,55.8000144,37.70432650895652,1963.0,171,80,9.0,0.1125
95110f37-9fd0-46d3-91c4-65f813304118,район Черёмушки,55.67668355,37.55161545,2001.0,484,203,15.0,0.07389162561576355
951c9632-69d7-4490-9481-53b8bd5b01b4,Басманный район,55.7747097,37.6823193,2000.0,366,181,28.0,0.15469613259668508
9533882b-b4bb-4ac6-9039-c7ae0820d359,Нагорный район,55.650346,37.60953850455982,2001.0,472,222,37.0,0.16666666666666666
9544ff35-89eb-4eff-94d5-77bb4a371b42,Пресненский район,55.7728107,37.58043946675866,1962.0,113,68,17.0,0.25
95519315-42df-4d7d-b944-7611a6574a25,Басманный район,55.7715766,37.6804567,1917.0,103,42,3.0,0.07142857142857142
95593f17-bd15-489f-85a2-c8d785f77b4e,район Гольяново,55.8129641,37.783123922505624,1978.0,171,93,5.0,0.053763440860215055
955b5f22-6445-4976-bc08-53f7a650dca2,район Печатники,55.688318,37.71972772657005,2001.0,315,151,43.0,0.2847682119205298
955dbe98-ef25-40c7-9a22-00ea9348a3e5,район Новогиреево,55.74892035,37.788324208981706,1967.0,500,217,8.0,0.03686635944700461
95634139-5ee9-41f6-a1d7-10fba657bd92,район Некрасовка,55.704344649999996,37.92100360744648,2010.0,607,260,34.0,0.13076923076923078
95637e29-8c23-4696-83c7-6d62a7a88afe,район Хамовники,55.7302069,37.592456600000006,1960.0,279,112,5.0,0.044642857142857144
956aed21-9c2d-4369-9e94-94a9752ee84a,городской округ Троицк,55.81079525,37.52949391328912,1981.0,278,143,23.0,0.16083916083916083
95757d57-0b52-41ff-bede-01e6723db811,район Проспект Вернадского,55.67476585,37.500125249999996,2010.0,438,240,55.0,0.22916666666666666
957cf1b2-e63a-4a55-afdd-6cca42cad343,Алексеевский район,55.8242782,37.6459241,1960.0,557,250,18.0,0.072
95874e15-16f4-49bc-bd08-cd150d5e08b6,Нагорный район,55.651047500000004,37.6093433010453,1966.0,129,96,38.0,0.3958333333333333
958b2b02-40c6-4c04-85ba-4961efb65628,Южнопортовый район,55.7077514,37.671939140000006,2005.0,250,142,38.0,0.2676056338028169
95934d37-e813-404b-8315-5e8e7d135e92,Пресненский район,55.773648449999996,37.58517383923579,1975.0,193,120,47.0,0.39166666666666666
9597322f-f1aa-433e-8f7d-771fbdd08aa5,Тверской район,55.77195525,37.59833107178364,1962.0,67,60,26.0,0.43333333333333335
95a4f135-bf09-49aa-9984-91853931a7af,район Кузьминки,55.7041567,37.76865,2014.0,219,138,51.0,0.3695652173913043
95a6fe38-27c6-480e-9512-0e0f1a53afa6,Пресненский район,55.7538623,37.6012648,1900.0,109,51,10.0,0.19607843137254902
95b0103f-d872-4eb0-8f1e-04187786816f,район Раменки,55.7260176,37.52900618559703,1973.0,275,155,35.0,0.22580645161290322
95b7a9b4-50bb-4c15-90b7-8b410cad924c,Академический район,55.692501899999996,37.58327726535371,1964.0,30,17,4.0,0.23529411764705882
95c2bae4-b760-426b-a22c-b05475b1e7f0,район Соколиная Гора,55.7680819,37.744381534113046,1966.0,132,73,2.0,0.0273972602739726
95c40d65-1b50-4175-837d-d5868dc26633,район Марьина Роща,55.794696200000004,37.60375131251254,1973.0,121,92,25.0,0.2717391304347826
95cc8fbc-6b69-467f-bb72-27a840c70cd9,район Хамовники,55.7452695,37.581656,1961.0,127,69,18.0,0.2608695652173913
95cea1a7-3286-490e-96c4-4a351d28f8b6,Тверской район,55.7775263,37.6175666795188,1963.0,93,65,23.0,0.35384615384615387
95dcbeda-5cf3-483e-81f8-5f23f8fe877d,район Южное Бутово,55.5440993,37.54062320042363,2003.0,342,168,15.0,0.08928571428571429
95e11226-3ccc-48c5-aa77-260d5dc25bb9,район Кунцево,55.74349,37.414724176585715,1963.0,109,72,12.0,0.16666666666666666
95e23413-1b34-4937-8fc4-67dd7feada51,район Раменки,55.72124625,37.5247482325,1963.0,117,64,2.0,0.03125
95e60880-48e3-4cf2-88b0-8e72f4cd5683,район Измайлово,55.8083081,37.7986786,1966.0,287,144,23.0,0.1597222222222222
95efd4dd-1702-423f-a246-ca923e6f9513,район Москворечье-Сабурово,55.6458602,37.664429930855775,1959.0,88,44,3.0,0.06818181818181818
95f07056-5c93-40d5-8bed-57d8f17b6986,район Сокольники,55.7962555,37.697081830867646,1928.0,157,60,1.0,0.016666666666666666
960544e8-dd25-44d9-8401-bb808f5b27ef,район Ховрино,55.855482499999994,37.49832035740542,1975.0,205,94,16.0,0.1702127659574468
9614895e-dca7-42d1-859e-bfd4ed8ee6f2,Хорошёвский район,55.7826559,37.5209837,1968.0,190,118,40.0,0.3389830508474576
9615508d-1721-4a3c-be70-86aa8b1e7abb,район Черёмушки,55.6714578,37.576695166595464,2000.0,682,330,55.0,0.16666666666666666
9625bb3a-f549-49b4-aad6-92ba618c16de,район Арбат,55.7488939,37.58795182412771,1917.0,43,21,6.0,0.2857142857142857
96371d8c-5c3f-43d7-9d30-04ef252d90c9,район Очаково-Матвеевское,55.6984669,37.45816765605733,1968.0,152,80,10.0,0.125
963be7ef-eb66-4f86-abba-009bbf080d3e,Тимирязевский район,55.8104174,37.557978587631176,1966.0,167,91,12.0,0.13186813186813187
9643287d-1768-4cf9-870e-d6fc71844c5a,район Орехово-Борисово Южное,55.60873305,37.73191487980132,1977.0,283,178,8.0,0.0449438202247191
96444c8a-66f8-4388-891c-5e1442842b9b,район Кунцево,55.744963999999996,37.39242562263004,1970.0,289,145,29.0,0.2
964926c6-076a-476e-80fb-6f8e0426cce1,район Раменки,55.7273189,37.52550472991523,2005.0,286,186,58.0,0.3118279569892473
96497ee0-35f1-4d89-9ea1-9a3f868c893e,Пресненский район,55.7557198,37.6010977,1914.0,80,28,2.0,0.07142857142857142
966230e1-6bf8-450d-bc14-fdb676f70eec,район Лефортово,55.771954050000005,37.70834093578689,1969.0,120,59,7.0,0.11864406779661017
96649f19-09a0-4062-a92a-fb0a1c99afad,район Хамовники,55.7367414,37.58660347,1976.0,77,60,26.0,0.43333333333333335
966bc218-7411-42a0-aa87-8ccc14afe339,район Замоскворечье,55.7398831,37.64318573642498,1956.0,275,139,55.0,0.39568345323741005
966cc7b5-4174-4aa8-9651-a21601ea3034,район Бибирево,55.893809899999994,37.60993147519413,1976.0,360,191,34.0,0.17801047120418848
9675e08b-cc8d-4c87-a982-50e179fbc952,район Сокольники,55.795176600000005,37.6840322449234,1973.0,293,142,14.0,0.09859154929577464
96825215-4aff-4a0f-b3a4-d6e3fb9f3981,Тимирязевский район,55.82053085,37.56199559875753,1965.0,153,84,8.0,0.09523809523809523
9687b699-cb2e-4c2d-a250-127f3b3a15bb,Таганский район,55.73907855,37.64928812491231,1964.0,78,64,24.0,0.375
968b9f87-32b1-4fe9-ac9e-dc1499171d06,район Выхино-Жулебино,55.70850395,37.80978347103449,1944.0,91,65,22.0,0.3384615384615385
968e567b-5403-4b10-8a07-7ab31611c9d9,Можайский район,55.71409455,37.401696888493646,2012.0,185,147,65.0,0.4421768707482993
968f32da-be29-49f8-85ea-85c5bd77951b,район Богородское,55.8164004,37.70891944941485,1965.0,140,72,1.0,0.013888888888888888
96c43bf2-6a4b-4d0c-9daf-f79db1aab6e7,Бабушкинский район,55.8638814,37.67057730018262,1969.0,144,84,23.0,0.27380952380952384
96d72e29-9f86-4921-9898-03da442c6678,Лосиноостровский район,55.8686617,37.682499745124574,1965.0,111,68,13.0,0.19117647058823528
96ed0618-d8ec-4b0e-aa99-798de66183e9,район Некрасовка,55.70327055,37.916748999999996,2012.0,293,147,10.0,0.06802721088435375
96f5efd8-9e6a-473c-9dcf-0f06bf2ff5cc,район Зюзино,55.6471935,37.603685676110274,2005.0,348,184,30.0,0.16304347826086957
97072972-aa0b-44b7-90be-c4b8ef7531ec,район Щукино,55.79424455,37.46012775455705,1998.0,749,339,22.0,0.06489675516224189
9707922c-2a63-4309-aaa4-09f639f39f91,район Текстильщики,55.706196000000006,37.74107334939628,1961.0,124,60,5.0,0.08333333333333333
9714bbcd-ad24-43a0-a723-98be02029f42,район Северное Тушино,55.86140845,37.41718399311131,2005.0,430,192,11.0,0.057291666666666664
97156d1c-48c8-44f3-86ef-da067bc945ce,район Преображенское,55.7927841,37.71269311455331,1979.0,109,66,18.0,0.2727272727272727
9715d0e6-9c70-40db-a072-67711be1622d,район Новогиреево,55.747678449999995,37.7950693,1969.0,153,97,18.0,0.18556701030927836
972dd9c8-367e-4ade-8a5a-4ead245c7c77,Ломоносовский район,55.7822509,37.6740865,1958.0,439,193,1.0,0.0051813471502590676
972df579-7d1c-4634-9c2d-55475e039aab,Алексеевский район,55.819018299999996,37.651735,1967.0,132,96,23.0,0.23958333333333334
97333ffe-97b8-4920-ac28-9a3b9345650d,район Измайлово,55.7982007,37.769757262978146,1966.0,166,80,6.0,0.075
9750c3ee-6474-4c7b-b6a2-9786175fb9e3,Ярославский район,55.85660215,37.685833201683295,1992.0,196,104,26.0,0.25
976269ab-48cb-4b2c-86a2-a57e422e0b25,район Сокол,55.794635549999995,37.51395957926857,1950.0,144,70,13.0,0.18571428571428572
976a1320-7da0-41df-9bfb-d4742381b05a,район Измайлово,55.7953631,37.8000826,1960.0,111,68,24.0,0.35294117647058826
976a3365-a7ea-430e-95bb-39a40617689f,Пресненский район,55.7641839,37.57375911580557,1964.0,100,72,29.0,0.4027777777777778
977c4316-151d-469d-91ce-5d0525598889,район Гольяново,55.81441725,37.79767383622428,1966.0,232,180,54.0,0.3
9781edee-7df3-499b-9cf7-177544d684e2,район Левобережный,55.86763995,37.469435896302286,1962.0,110,72,24.0,0.3333333333333333
97828020-a0b3-4c17-bdb2-d7efccc96004,Пресненский район,55.7650349,37.56546805186705,1966.0,178,106,30.0,0.2830188679245283
9784604e-3b4f-44ba-a236-6cd56fa30838,район Метрогородок,55.8274965,37.76668935,1964.0,127,72,10.0,0.1388888888888889
979461db-2987-447b-b4d8-a5cdbb12ae3e,район Вешняки,55.717378350000004,37.822423312693076,1971.0,343,146,22.0,0.1506849315068493
979ae1d3-e1ac-4b7a-9fa2-f129a87071e2,район Аэропорт,55.805566049999996,37.534881461847824,1975.0,123,70,18.0,0.2571428571428571
97a5c921-377b-40a4-9a0d-6b10dfa38591,район Выхино-Жулебино,55.69616475,37.855294814144735,1993.0,628,271,22.0,0.08118081180811808
97baefd9-d5aa-420c-af2b-5937d316fb91,район Сокольники,55.79345845,37.69344327436442,1962.0,96,44,5.0,0.11363636363636363
97c73898-e023-4f92-9ab5-06770864151a,Алексеевский район,55.80342315,37.64613378870655,1934.0,73,33,2.0,0.06060606060606061
97dd9c13-2d02-4b03-b491-e91f5f12ddc0,Савёловский район,55.7951867,37.58306276359414,1960.0,110,128,64.0,0.5
97e53643-0d62-4a64-96d7-7ea446ec68a6,Гагаринский район,55.5416914,37.2041884,1954.0,140,72,21.0,0.2916666666666667
97e7427f-c3e8-433d-9732-ed7dc9c3cf26,городской округ Троицк,55.590140950000006,37.376043826770676,2004.0,76,28,1.0,0.03571428571428571
97fdbde7-fa58-4e3e-94ef-4207efbf54b9,район Аэропорт,55.79488425,37.54791045226644,1973.0,177,91,21.0,0.23076923076923078
980d7620-c956-4545-a1ec-5dee39aa5c9c,район Черёмушки,55.6680498,37.56802425,1962.0,128,71,7.0,0.09859154929577464
981bc8c5-2a64-4415-9221-663beaa57279,Даниловский район,55.71550755,37.6627256132989,1930.0,153,60,4.0,0.06666666666666667
982b62cb-6b76-4507-b662-d2a86f3354cf,район Арбат,55.74674785,37.585776914551055,1971.0,63,32,8.0,0.25
9833bf00-8813-4033-ae4d-22cde8d00387,Пресненский район,55.77134475,37.57032789874575,1912.0,50,21,2.0,0.09523809523809523
9834b61f-35d4-44f0-b069-937d0de143f2,район Хамовники,55.74593885,37.59507112268707,1936.0,295,121,19.0,0.15702479338842976
9839b70c-78fd-499a-8f53-674fd1058a8d,район Сокол,55.79989005,37.50283340470618,1951.0,96,45,10.0,0.2222222222222222
983dafd8-1d19-46a0-9671-13b9d11fce59,район Измайлово,55.78876865,37.78907689833025,1966.0,171,96,5.0,0.052083333333333336
9846737b-f9cd-4072-8acc-dfd056db692b,район Дорогомилово,55.7447369,37.5463549,1945.0,1043,572,150.0,0.26223776223776224
9858ebe9-417d-45c5-a576-ab817f3809af,Войковский район,55.8234906,37.512503941463414,2000.0,197,81,5.0,0.06172839506172839
98652087-23f1-43c5-b53b-2dc569b5af38,район Кунцево,55.73820135,37.429581680733264,2009.0,279,168,38.0,0.2261904761904762
9875439f-7369-4c06-8ba5-893603f00448,район Вешняки,55.73777065,37.82643270731177,1971.0,736,289,2.0,0.006920415224913495
9878b21b-f94c-485f-a449-7be0e5cfb8bb,Тверской район,55.780260999999996,37.611090044131025,1973.0,222,105,10.0,0.09523809523809523
9880bde4-4abe-432b-9961-fc224c41b0b5,район Южное Тушино,55.8474442,37.44514864458394,1972.0,290,133,13.0,0.09774436090225563
988fc41b-c869-4ecd-974e-63f31cec245e,Тверской район,55.7895551,37.58890213301766,1943.0,59,25,4.0,0.16
989a63ef-5eaa-479b-987c-e5f89324a255,район Сокол,55.79583825,37.510302806813314,1951.0,224,84,2.0,0.023809523809523808
989f87f5-4412-4d02-9267-722f3008006d,Тимирязевский район,55.82551345,37.56961900170718,1960.0,269,125,11.0,0.088
98a0c351-a039-4675-a945-ec2c30dd227c,район Южное Тушино,55.8426178,37.4560941,1977.0,156,88,20.0,0.22727272727272727
98abbee1-1c2f-47d0-8bb0-a2a0547fa645,район Черёмушки,55.652588300000005,37.558375675143225,1965.0,133,84,22.0,0.2619047619047619
98ad86b6-e75a-4b96-94ee-e8edd585828b,район Коптево,55.8293427,37.52641815,1960.0,83,40,2.0,0.05
98b144a1-f84e-4669-809c-a7b78fbeb828,городской округ Троицк,55.472006199999996,37.29975847107093,1974.0,178,120,13.0,0.10833333333333334
98b4fbdd-315f-4f07-8772-bef9f866c8f5,район Сокол,55.800328199999996,37.49941139701676,1952.0,179,71,7.0,0.09859154929577464
98d6c913-e0ca-4e2c-843f-66161fa6a33a,район Северное Тушино,55.8538331,37.412961569337014,1968.0,162,96,3.0,0.03125
98d6d8f8-322c-41bd-a50f-5d1ebb6f9ff9,район Перово,55.758603300000004,37.78525461238205,1959.0,117,56,1.0,0.017857142857142856
98d8033f-da36-4055-8f47-ef3350a73624,Ломоносовский район,55.680284,37.54602200291872,1964.0,113,72,17.0,0.2361111111111111
98e771a2-a21c-45b2-9fc1-cf50df592142,Рязанский район,55.73132015,37.768152465591776,1965.0,117,73,17.0,0.2328767123287671
98fe7d52-1e84-4f0a-bac6-e5e958bb74bd,район Ховрино,55.8726264,37.48662101872927,2004.0,182,104,23.0,0.22115384615384615
9905189f-d3fe-4689-82d9-89751b2b21ea,Нагорный район,55.646587600000004,37.608431800000005,2001.0,265,135,29.5,0.2222222222222222
9906310a-5305-4322-80bd-af2c22e0c7b7,Бабушкинский район,55.8605865,37.66284927369742,1972.0,160,98,13.0,0.1326530612244898
99066281-cc8f-45c3-9232-36f026f485eb,Бабушкинский район,55.87151205,37.67563086509949,1965.0,134,92,19.0,0.20652173913043478
990b8139-98d1-4e1a-9ef3-06c839d7431f,район Котловка,55.6830885,37.59813872439621,2015.0,302,144,1.0,0.006944444444444444
990c8d85-9e32-4cc6-a5e5-a63fbee637f2,район Кунцево,55.737572,37.429635629722924,1964.0,117,72,19.0,0.2638888888888889
9917ae33-0bce-4790-a795-57c8ccb99b53,Басманный район,55.7591689,37.6452839,1880.0,36,15,1.0,0.06666666666666667
991c1e34-64b9-47ee-a69f-b8f4097bc6a8,район Дорогомилово,55.7474442,37.5574267626552,1962.0,215,128,18.0,0.140625
992530e9-2644-4e20-bb54-458d49124234,район Котловка,55.666489850000005,37.59044405,1969.0,162,84,2.0,0.023809523809523808
9927b233-8b17-44f8-acfa-82214106fb43,Таганский район,55.743729099999996,37.66265138810379,1959.0,159,74,8.0,0.10810810810810811
99320e08-f63a-4980-a529-215619856673,район Коньково,55.63848205,37.5429888,1968.0,140,95,27.0,0.28421052631578947
99402d94-85b7-4518-8fbc-e2406c57ce5d,район Замоскворечье,55.7400909,37.62755569368804,1998.0,43,16,1.0,0.0625
99414a46-6d2e-48bf-ad12-a2b38e49234f,район Арбат,55.7522457,37.5789487,1967.0,300,176,28.0,0.1590909090909091
9946de71-1f61-4db5-a8f3-6b5141bb70e0,Бескудниковский район,55.85878995,37.5612488686084,2017.0,211,111,22.0,0.1981981981981982
99594b43-c85d-4691-a3f2-8de58b32ffcb,Тимирязевский район,55.809167,37.56598878260303,1964.0,173,80,3.0,0.0375
99599022-3aef-43b3-9892-c1efb4637989,Тверской район,55.77338695,37.600398612842284,1953.0,82,27,1.0,0.037037037037037035
9960d52b-b015-4823-8d7a-d7d8825473aa,район Царицыно,55.62643215,37.6548601589605,1969.0,156,84,9.0,0.10714285714285714
9970ae53-5c8f-4680-bdf1-b53d890bf344,район Печатники,55.6886689,37.720629665581875,2001.0,355,148,22.0,0.14864864864864866
997e2237-95d2-4fc0-a9e8-ba7c86b53f5b,Тверской район,55.766267299999996,37.61404396285354,1888.0,15,8,3.5,0.5
9981c5f2-1568-42cd-b35b-02a7e87890e2,район Северное Медведково,55.8795552,37.640495215551425,2005.0,174,104,24.0,0.23076923076923078
9982ba57-479a-4642-a2b1-2703dc6c25c2,Таганский район,55.7325228,37.6713911,1968.0,921,490,8.0,0.0163265306122449
9982d985-e943-4341-861d-525c989a6748,район Якиманка,55.741106900000005,37.62167711511632,1935.0,243,100,12.0,0.12
99938392-3e8f-4bb5-a291-166551bf54e9,район Бибирево,55.89385595,37.62019375,1978.0,232,111,13.0,0.11711711711711711
9993f346-aab8-40e4-aaf2-4aae33c557a9,район Кунцево,55.7460961,37.40899279052665,1966.0,108,96,38.0,0.3958333333333333
99a112f0-bf5d-4be7-bda3-6376d6f55294,Академический район,55.6880077,37.57701797763532,1959.0,78,40,7.0,0.175
99a42a51-fbc1-43c5-97cf-63bec7a9a35b,район Щукино,55.79099505,37.491388256464305,1968.0,132,80,17.0,0.2125
99b34850-8a7b-4a5e-b851-9daa63e9c1a0,Таганский район,55.735822799999994,37.65940447574825,1968.0,74,64,23.0,0.359375
99bab379-9e2c-42cb-9cae-05d516b1285b,район Марфино,55.8444013,37.57954580867689,1963.0,144,71,5.0,0.07042253521126761
99c31266-4b05-48dd-b3b0-848fb06ce507,район Кузьминки,55.7036595,37.77450435,2008.0,296,136,30.0,0.22058823529411764
99c77d01-a9b7-492d-a831-81e415da0540,район Зюзино,55.65200095,37.6027092,1967.0,150,84,21.0,0.25
99cb29d7-6a98-43b3-b85e-813055cffe6e,поселение Филимонковское,55.551798500000004,37.32793562730839,2013.0,36,18,3.0,0.16666666666666666
99cc6882-6e07-4b2d-bbb6-0e31799d68ab,район Свиблово,55.850094850000005,37.653534924876986,1968.0,163,84,4.0,0.047619047619047616
99e1cbde-4f8e-4883-9498-88a9e28f64ee,район Марьино,55.64894355,37.713501299262575,2005.0,174,75,1.0,0.013333333333333334
99e6ebbf-3407-4f32-9950-11a3fe51e85a,район Арбат,55.754932999999994,37.58461246749911,1953.0,619,254,31.0,0.1220472440944882
99ef102c-ab30-452b-ae33-72f6cb5aebb4,Даниловский район,55.714739550000004,37.663472855820686,2012.0,297,252,115.0,0.45634920634920634
99f1d11c-debd-47b5-8c84-45a0913d93ad,район Котловка,55.66685005,37.59357155,1970.0,415,179,8.0,0.0446927374301676
99fdd689-756d-43d1-998c-2f097731465f,поселение Филимонковское,55.549583600000005,37.32793559753189,2010.0,20,17,8.0,0.47058823529411764
9a045fbf-cf38-4804-9ec6-bceafb8677e5,район Сокол,55.7947554,37.517195162246686,1953.0,315,119,10.0,0.08403361344537816
9a0f019d-4865-42bb-9363-adaaf2111623,Бескудниковский район,55.86720485,37.56151879985126,2005.0,608,294,4.0,0.013605442176870748
9a11cbb1-c2cb-4dc1-a11e-4fb4b16c14df,район Беговой,55.77698035,37.5716091,1977.0,161,107,32.0,0.29906542056074764
9a159d0b-b34f-4eff-bf41-660f61b3c542,район Западное Дегунино,55.87392215,37.51514489569041,1997.0,409,202,26.0,0.12871287128712872
9a22259b-a6e2-4b54-b6d9-ab128a775f67,район Очаково-Матвеевское,55.690808149999995,37.46915763190475,2011.0,203,185,109.0,0.5891891891891892
9a3b3d1f-2ac0-46ae-ac04-2e1c77dc037c,район Черёмушки,55.65834015,37.57184497559399,1963.0,121,72,4.0,0.05555555555555555
9a442cce-6a7f-4646-87bf-5ab4d920e0d1,Гагаринский район,55.6867872,37.54575845689655,1958.0,215,95,13.0,0.1368421052631579
9a505d18-95c9-4a50-b57f-2ceaa468ad08,район Чертаново Северное,55.6121554,37.6031009,1991.0,1026,506,35.0,0.0691699604743083
9a5820d0-ed85-432e-a88d-b4a4ae25f0bf,район Лефортово,55.741865399999995,37.77513159599282,1972.0,155,80,3.0,0.0375
9a740658-075b-4b65-9300-d33de9c9b1e5,Ярославский район,55.867505449999996,37.703361919545515,1972.0,347,144,10.0,0.06944444444444445
9a7fd1db-49fb-44db-b4c7-17b88f557732,район Новогиреево,55.75494205,37.8166006,1966.0,167,84,1.0,0.011904761904761904
9a802c17-2420-4c1f-8a83-2f657f218b00,район Косино-Ухтомский,55.708866900000004,37.88899598552783,2005.0,572,244,14.0,0.05737704918032787
9a824208-8f99-4a2f-ae2d-db8e0f888d18,район Хамовники,55.729227800000004,37.57997739482941,1969.0,188,76,7.0,0.09210526315789473
9a8ab700-b8a4-42e8-ac67-3feab409d97a,Таганский район,55.7451909,37.681204111476724,1973.0,129,66,11.0,0.16666666666666666
9a9717f7-86bb-4052-8eee-e762c1e2849c,район Щукино,55.79685525,37.48944137738313,1954.0,78,39,9.0,0.23076923076923078
9aa454da-9dba-4252-bca9-f4479de72964,район Зюзино,55.64752785,37.584721854200126,1982.0,119,47,2.0,0.0425531914893617
9aacd7bc-d874-4576-9cb6-ef84ccfe8b79,поселение Сосенское,55.56719185,37.479329265855704,2014.0,260,247,117.0,0.47368421052631576
9aacfa23-82ac-47bd-b149-8258f159da50,Тверской район,55.7854288,37.599649314707435,1928.0,83,28,2.0,0.07142857142857142
9aaf88d4-7646-4da0-bfda-4970cf62919e,район Арбат,55.7565358,37.58841066250664,1931.0,112,58,10.0,0.1724137931034483
9ab97b41-8e31-402c-87a4-a4e7f5f07bf5,район Южное Тушино,55.85011025,37.4487274046724,1966.0,142,68,2.0,0.029411764705882353
9abb5608-a2f6-4472-a518-4466d4d235e2,Тверской район,55.77781015,37.61140786621732,1985.0,134,63,14.0,0.2222222222222222
9abee397-6807-4339-84f7-45da70dcb674,Тверской район,55.7760141,37.60838569972369,1956.0,36,18,2.0,0.1111111111111111
9ac46ad4-63f1-4958-aa4a-a3af3b7f653a,район Раменки,55.697618899999995,37.49387134999999,1970.0,441,214,37.0,0.17289719626168223
9ac47490-6529-4b44-89d2-30bc328679a9,район Перово,55.758191,37.77966742877747,1962.0,79,38,3.0,0.07894736842105263
9ac99c61-f3e4-47a0-8dbc-289d8e53974c,район Зюзино,55.6622376,37.5871212,1968.0,456,179,5.0,0.027932960893854747
9ad266f3-1ae0-441a-9035-1944dff98c3e,Головинский район,55.85010245,37.51152324608341,2005.0,264,154,48.0,0.3116883116883117
9ad2df73-9cee-455b-8d12-0d97d225e87b,район Марьина Роща,55.805945300000005,37.61318000674879,1999.0,140,61,5.0,0.08196721311475409
9aded119-e3dc-4567-8d49-40ac9adc347c,Бескудниковский район,55.871825,37.55706086940418,2007.0,404,182,17.0,0.09340659340659341
9adf6469-75c1-4c33-bafa-ff9377263477,Бабушкинский район,55.85937415,37.661336918834465,1967.0,122,72,11.0,0.1527777777777778
9aeb28a1-18d9-4e24-9d27-af267253c2c1,район Беговой,55.78614335,37.57000039934074,1960.0,293,132,18.0,0.13636363636363635
9aed7ab9-9d5c-4ab3-98f7-023253dbb4b9,Пресненский район,55.77069265,37.58676211528,1959.0,537,280,46.0,0.16428571428571428
9afd7b90-c0ed-4d62-b679-3592411a6c28,Красносельский район,55.776635999999996,37.642883692366084,2010.0,71,36,5.0,0.1388888888888889
9b005148-a0cb-4e43-a92e-d39c870d22fa,район Марьино,55.6516785,37.72169155,1980.0,579,286,6.0,0.02097902097902098
9b008f43-0314-4736-aae1-cd2b7f02bec6,Савёловский район,55.800223900000006,37.571327899012694,2001.0,188,119,28.0,0.23529411764705882
9b08a4da-7f78-42d5-94c2-bd7b04697c2f,Савёловский район,55.8023333,37.567759550000005,1959.0,71,40,3.0,0.075
9b0a3563-9eba-41ab-b72a-10587000df25,Хорошёвский район,55.78220545,37.52103432393048,1965.0,145,84,23.0,0.27380952380952384
9b0c81ed-ef55-480a-a526-ef54d17b7c6a,район Южное Медведково,55.87815115,37.62625895,2007.0,213,120,27.0,0.225
9b233016-b900-46e9-8b80-136bb7335b1d,Рязанский район,55.7118028,37.783745449651164,1974.0,155,98,19.0,0.19387755102040816
9b2d9b11-3c9f-4494-81df-de394a926566,район Ивановское,55.7549284,37.83027422482476,1968.0,142,77,5.0,0.06493506493506493
9b331c8e-ef66-42bb-8083-42129b0ce1d1,район Сокольники,55.79673485,37.68503590844748,1957.0,44,19,3.0,0.15789473684210525
9b350c1c-ce0f-416d-9b38-3a0f1d69c0fa,район Тропарёво-Никулино,55.663956850000005,37.46694615271122,2001.0,1066,465,68.0,0.14623655913978495
9b3573c6-b3d5-4342-a547-610dca1ad312,район Измайлово,55.793048049999996,37.770024041823305,2014.0,194,109,29.0,0.26605504587155965
9b38ef04-8102-4586-8acb-2c1d4fb5d498,Басманный район,55.75995415,37.644419304000635,1908.0,70,32,7.0,0.21875
9b52d6db-6dfd-4d61-940c-dbc11ef8ca20,Нагорный район,55.647471499999995,37.61066165,1964.0,102,72,26.0,0.3611111111111111
9b544e2f-ef95-463b-98e4-ff7d502488ab,район Марфино,55.8291779,37.5947418,1963.0,141,69,4.0,0.057971014492753624
9b573fff-284d-4814-9fc0-8cdf1bead46d,Пресненский район,55.7641669,37.56522422435948,1967.0,124,82,31.0,0.3780487804878049
9b5d70dd-d43b-45c6-8695-ca7e5e708fce,район Северное Тушино,55.855965100000006,37.405894769035214,2000.0,952,434,28.0,0.06451612903225806
9b635de5-7aa9-4741-b1d1-38d161085ea5,Пресненский район,55.7636886,37.598105513588294,1917.0,70,51,20.0,0.39215686274509803
9b6c566f-6893-4984-83a8-689fecda0553,Хорошёвский район,55.779905400000004,37.51339358783789,1957.0,11,100,96.0,0.96
9b7771f2-6c5c-4da6-baa0-90853c1ddf4b,район Дорогомилово,55.7401937,37.51508808209509,1967.0,149,78,2.0,0.02564102564102564
9b7ab164-cf53-4d85-9ec1-c0b71707516f,Тверской район,55.7782495,37.6128648,1977.0,251,101,7.0,0.06930693069306931
9b7c8958-6716-4d92-9379-61442f4275cf,Пресненский район,55.7642522,37.5904940472135,1917.0,33,16,3.0,0.1875
9b7d8a3b-a249-40c2-950f-ac27b6d0b7f4,район Кузьминки,55.7057162,37.75906574908398,1996.0,316,142,12.0,0.08450704225352113
9b84b6ea-4683-4326-ab27-a92ccaa98fcd,район Аэропорт,55.8030449,37.53948707281926,1957.0,113,64,11.0,0.171875
9b974956-93a7-4f5d-8619-f0e6c2f3cea0,Пресненский район,55.771614400000004,37.56978211263403,1959.0,156,73,2.0,0.0273972602739726
9ba415eb-d70c-4163-b0da-b230aaa1ebee,район Царицыно,55.61666125,37.6458731,1995.0,284,135,6.0,0.044444444444444446
9bab49ed-39ba-4bc7-8d53-5b954346b256,район Зюзино,55.64584545,37.60324841479375,2009.0,370,254,111.0,0.43700787401574803
9badb964-66a1-44ab-bbeb-8daded1b98d8,Пресненский район,55.75812995,37.522465135407245,1958.0,46,20,3.0,0.15
9bb8ece5-9f7f-4dbd-b3c7-7582892113d0,район Нагатинский Затон,55.67639245,37.678240493413455,1972.0,139,77,8.0,0.1038961038961039
9bc29855-5914-4951-a287-0e0eb71a1c0a,район Раменки,55.69182565,37.496787350000005,1985.0,423,202,15.0,0.07425742574257425
9bcbcf01-3382-4695-bdaa-131b0512e30d,район Восточное Измайлово,55.796399449999996,37.81696957487404,1960.0,112,56,9.0,0.16071428571428573
9bdb1e8d-4200-43aa-a232-20ccfbf85670,район Нагатино-Садовники,55.66049955,37.63001130344243,2000.0,433,189,8.0,0.042328042328042326
9bdec1aa-017a-46da-8394-557627fa1ffd,район Котловка,55.68411535,37.597204216402474,1962.0,136,72,9.0,0.125
9be9c040-dfab-4294-8cc1-80ae2a3f9fc3,район Южное Тушино,55.84673495,37.45069648171028,1963.0,192,80,2.0,0.025
9bed0c9e-c28a-4d51-86d5-705bfb4c2dc9,Савёловский район,55.7942415,37.57643587599982,1972.0,429,192,12.0,0.0625
9bf3751e-9837-4077-9d74-6e872f4e710d,район Ново-Переделкино,55.64792735,37.3396966701813,2007.0,568,252,6.0,0.023809523809523808
9bf6e6ff-6b8f-4569-bd02-851141898e86,район Коптево,55.83779375,37.540261050000005,1969.0,177,98,7.0,0.07142857142857142
9bf74cb1-6077-4dec-b4bc-6d13ad6957ad,район Арбат,55.7463497,37.5796625,1981.0,182,121,47.0,0.3884297520661157
9bfc7dbc-b917-4984-ae8a-b6e6f14fcdc8,Войковский район,55.821276999999995,37.495256116489045,1940.0,187,75,9.0,0.12
9bff3e99-1d3c-475a-8aaa-90fe3ae24e7e,район Коптево,55.8419067,37.549887309014466,2008.0,343,176,42.0,0.23863636363636365
9c00964a-d936-4674-ba82-02155e606f5a,район Котловка,55.67838345,37.59935877211192,1959.0,68,40,7.0,0.175
9c014208-8e44-43ec-a39b-8b9ea9aedf1f,район Новогиреево,55.7506968,37.81132723935018,1969.0,145,84,24.0,0.2857142857142857
9c066b94-1679-47b9-8452-5f542756294b,район Арбат,55.750891800000005,37.58743971911764,1915.0,12,5,2.0,0.4
9c09f982-acb5-4294-8b96-1ecda149393a,Пресненский район,55.75837825,37.60577530009368,1935.0,101,76,38.0,0.5
9c1338d7-fa09-45fe-a3a6-88e7d3891b10,район Щукино,55.801607950000005,37.47866271327433,1972.0,224,112,23.0,0.20535714285714285
9c157705-c2aa-4d93-9eb9-2b8cf76bd6b8,район Солнцево,55.6553294,37.4153736,2009.0,969,391,5.0,0.01278772378516624
9c184b2a-00b3-4c2a-9c01-4248ab368a5c,район Сокол,55.7990702,37.50016549701203,1951.0,76,35,8.0,0.22857142857142856
9c216810-5cf3-4123-9a42-4434f7ba8fa7,район Хорошёво-Мнёвники,55.77931975,37.48639754252717,1976.0,335,191,12.0,0.06282722513089005
9c3e66d9-92af-4757-b03c-31d2489710b9,Донской район,55.6933369,37.6073626495433,1987.0,224,95,4.0,0.042105263157894736
9c52fc90-6313-46af-aa36-2ac2af1fd508,район Беговой,55.78109755,37.573576896699635,1950.0,163,67,7.0,0.1044776119402985
9c57a014-70d8-4b1a-a828-00b910d6a99c,Останкинский район,55.804745,37.63002415113886,1972.0,151,98,22.0,0.22448979591836735
9c655d9e-47cc-4d5f-a812-0b6f5c79ca2d,Обручевский район,55.6690618,37.55131398689394,2004.0,763,409,93.0,0.2273838630806846
9c65a5f8-2dc6-4ba4-abf4-fd4767156ca3,район Марьино,55.6589876,37.7517401,2001.0,363,172,27.0,0.1569767441860465
9c7a72fd-df5b-4012-9a01-60df6424c385,район Восточное Измайлово,55.78974275,37.80732449638693,1975.0,132,69,14.0,0.2028985507246377
9c8962f2-ca46-4b88-bcf7-26183733c973,район Вешняки,55.72514885,37.82896125,1971.0,768,299,19.0,0.06354515050167224
9c8be4af-a8d8-4b29-9314-a74df505598e,поселение Первомайское,55.47076275,37.29984356318341,2010.0,24,40,31.0,0.775
9ca28e15-bd28-46ec-984c-12efdada9849,район Зюзино,55.643126550000005,37.59723143144757,2003.0,297,184,52.0,0.2826086956521739
9cc247f8-9004-4dcf-a986-3da4ce7b6e68,район Сокол,55.7968865,37.512513,1955.0,283,126,33.0,0.2619047619047619
9cc69f4f-5b37-4123-8f5a-e0d97e39d5ef,район Орехово-Борисово Северное,55.61266125,37.700828922912,1998.0,274,128,26.0,0.203125
9cd507ff-816d-4743-9cbc-575849be7f66,район Измайлово,55.7919156,37.82180477472103,1966.0,158,80,2.0,0.025
9cd5250f-13ea-40ea-81b4-14ea0a7d3be0,район Коньково,55.63744185,37.53734931375433,2001.0,509,260,50.0,0.19230769230769232
9cd83bcf-3f2b-4c8e-b308-b8650c52a1ff,район Северное Измайлово,55.8034528,37.80933464002278,1965.0,94,72,26.0,0.3611111111111111
9cd9189c-8e7f-4a07-8e32-07e0a496a23a,Мещанский район,55.76779135,37.62494434042244,1909.0,75,28,1.0,0.03571428571428571
9cdcac76-3dfd-4036-a2e3-f57bbc5ecc70,Хорошёвский район,55.7805526,37.531713944736836,2001.0,970,390,44.0,0.11282051282051282
9cdd9ade-fb73-4580-9b22-1f6815d42e4b,Басманный район,55.75306325,37.6409468830565,1900.0,12,15,11.0,0.7333333333333333
9ce06031-cac7-48ac-ab26-7cd5b4abe964,район Коньково,55.649325000000005,37.52420489999999,2001.0,274,146,40.0,0.273972602739726
9cf139c4-448b-4eae-acd0-c6f2ac07464e,район Арбат,55.75411715,37.5850729374031,1910.0,58,25,4.0,0.16
9cf26f43-5201-4ef4-a360-461ab0fb8931,район Южное Тушино,55.8490897,37.44775115066163,1982.0,595,286,24.0,0.08391608391608392
9cf3540c-912d-4145-a476-526e3a22e1eb,район Аэропорт,55.80670375,37.52441778400192,1959.0,224,111,26.0,0.23423423423423423
9d03cb9f-867e-4784-b04c-9d7afe3051c9,Лосиноостровский район,55.8767847,37.685254152767726,1980.0,239,126,4.0,0.031746031746031744
9d0f52b0-97c3-421a-b4ae-e1ace46b2c71,район Коптево,55.83678885,37.53021537247213,2004.0,243,128,33.0,0.2578125
9d286b43-2aca-42b4-81a4-782c3758db34,район Косино-Ухтомский,55.70082245,37.87611405,1958.0,13,7,1.0,0.14285714285714285
9d33f562-89ec-4645-850d-d31b8b61343b,район Внуково,55.6151426,37.26226743164054,2009.0,202,107,5.0,0.04672897196261682
9d3ba838-d7cb-41a3-a0f6-dead115c5055,Тверской район,55.7793056,37.59993123849638,1905.0,41,14,1.0,0.07142857142857142
9d41ba13-de1f-4f19-ba7b-4d5ff79584f6,Мещанский район,55.78610175,37.629816696986055,1913.0,38,16,2.0,0.125
9d564743-25f3-4897-bd65-274ad3aeccd4,Нагорный район,55.65395455,37.60607858358249,1997.0,170,77,8.0,0.1038961038961039
9d5bdf1b-c93f-4cf6-9115-415f744e91a3,Хорошёвский район,55.774996099999996,37.529561124182415,1989.0,202,94,7.0,0.07446808510638298
9d5ec56c-d761-48b4-a1f6-a385295ab5a8,Пресненский район,55.76650695,37.558871301268894,2002.0,356,164,25.0,0.1524390243902439
9d5efc01-52d2-44ca-ae04-1c728a294704,район Царицыно,55.619124600000006,37.6624636719163,1997.0,189,87,2.0,0.022988505747126436
9d65e07c-5bce-4cb1-9076-16e09bc44aa4,район Коптево,55.83547065,37.53053561060592,1999.0,209,95,12.0,0.12631578947368421
9d6c2787-cd26-452c-b3e3-8cfd21ee40f9,Тверской район,55.772303050000005,37.59697589797298,1917.0,14,6,2.0,0.3333333333333333
9d7548f1-c3b5-4cf9-9b63-c384b90ab649,Пресненский район,55.7612216,37.572256847510126,1966.0,258,128,13.0,0.1015625
9d764f7f-df86-4aba-936b-b65e972dd8fd,район Филёвский Парк,55.7360642,37.49732680615462,1998.0,345,176,38.0,0.2159090909090909
9d832410-64ab-49cc-b12b-ca7420e2a3cf,Пресненский район,55.75972590000001,37.57883350067171,1938.0,53,31,4.0,0.12903225806451613
9d951011-415d-4d31-8f14-e53c306f5026,Обручевский район,55.64638815,37.49995735,2003.0,418,165,17.0,0.10303030303030303
9d9f110c-7e69-41c9-bae1-171736e461a2,Алексеевский район,55.8094947,37.64137879811703,1979.0,205,111,1.0,0.009009009009009009
9da331de-bc3c-4ed1-ba6d-68fe700ddcc9,Красносельский район,55.77845575,37.658792247487526,1947.0,297,120,13.0,0.10833333333333334
9da6ea2c-ad8d-44c3-b4fd-996922fe7879,район Коптево,55.841328149999995,37.529114197303954,1997.0,505,208,27.0,0.12980769230769232
9db5f59d-46fa-4619-83a0-aab8c27b96d4,район Свиблово,55.84782,37.64622639339687,1967.0,512,287,23.0,0.08013937282229965
9dbd10cb-73d8-4872-a7f5-fe957cc886bc,район Ховрино,55.8607852,37.50285483234565,1976.0,283,142,5.0,0.035211267605633804
9dbdb279-68af-43cd-9b19-fa6e09d0114b,район Коньково,55.6356509,37.53436345277778,2001.0,258,174,43.0,0.2471264367816092
9dbf7ee1-3882-46c5-a45b-5ce542765835,район Раменки,55.6965231,37.5071272,2001.0,742,307,35.0,0.11400651465798045
9dcc356b-8c8b-446f-a61b-b577d465ad2d,Донской район,55.713610700000004,37.59837306858868,1964.0,135,72,7.0,0.09722222222222222
9dce0075-2df1-48ec-863b-0bbf7a5527dc,район Царицыно,55.63417535,37.65068834416526,1965.0,120,72,4.0,0.05555555555555555
9dd6056a-0b70-4451-8324-ca83d56c7266,район Нагатино-Садовники,55.6827958,37.64550182348487,2013.0,783,524,239.0,0.45610687022900764
9ddd0e58-eaec-482f-b844-31d76203fbc3,Басманный район,55.7573365,37.65520115482709,1962.0,519,246,12.0,0.04878048780487805
9de9708b-5bfb-47b0-984c-881ce78d4039,район Измайлово,55.800988849999996,37.77142489880457,1970.0,127,84,25.0,0.2976190476190476
9dee10c1-8f28-49c9-b44b-2e7586eb289e,район Хамовники,55.71727045,37.57399894615524,1959.0,105,64,11.0,0.171875
9dfb7616-0862-4698-a2b1-d21fc2999aec,Хорошёвский район,55.775354199999995,37.54600838784143,1949.0,75,42,12.0,0.2857142857142857
9e08353c-2cba-4a66-90eb-2232fe3c828a,Бутырский район,55.819680399999996,37.58931302780374,1968.0,164,96,9.0,0.09375
9e1563e0-f24b-4c05-9377-224c9744fac1,район Сокольники,55.78528205,37.679677441806554,1973.0,600,239,14.0,0.058577405857740586
9e15ff8f-7c4a-44d4-a9f1-0e1ec02ca2af,район Северное Тушино,55.8626495,37.4233362,2005.0,229,138,61.0,0.4420289855072464
9e170299-684b-4ba5-89c3-4ed04f8d0b7a,район Южное Медведково,55.8754858,37.63178270403003,2015.0,226,104,1.0,0.009615384615384616
9e1be36e-ee64-439b-9ddf-59cfd71e743b,Мещанский район,55.7822258,37.63943039852578,1928.0,184,77,2.0,0.025974025974025976
9e1d3b46-90dc-4584-ad37-0d36ef14d559,Тверской район,55.768006650000004,37.59866233425927,1902.0,114,39,5.0,0.1282051282051282
9e1f7dce-fb5d-4588-aa4f-390cc5e7b7bf,Басманный район,55.7540305,37.65285449871338,1935.0,95,40,3.0,0.075
9e2c6fd0-b694-406e-bdb9-16584908cce0,городской округ Троицк,55.8737926,37.5106287,1965.0,95,60,15.0,0.25
9e327808-3b73-4a65-aec3-a42c94c61f58,район Новогиреево,55.74809904999999,37.79649253002289,1970.0,146,84,22.0,0.2619047619047619
9e4b64a9-48a6-412d-81b3-24e464883618,район Соколиная Гора,55.783561,37.72660117475471,1963.0,156,81,14.0,0.1728395061728395
9e4d7153-11c4-4f30-872d-24e8247ee284,Нагорный район,55.666048599999996,37.614546399999995,1968.0,154,84,2.0,0.023809523809523808
9e51c072-6b84-443c-95ae-dcfc8fdd95f5,район Сокол,55.79782805,37.5098633385322,1967.0,104,70,24.0,0.34285714285714286
9e5a1808-12d7-4a09-be16-413d732b5927,Рязанский район,55.72260995,37.78567264129282,1964.0,116,60,8.0,0.13333333333333333
9e709ff3-e752-4409-8951-8583c10e00a7,район Печатники,55.6721732,37.720113622048544,1978.0,202,98,9.0,0.09183673469387756
9e73eea2-a675-40bc-ba5f-c6d56fbb0557,Гагаринский район,55.6852003,37.54617791777247,1968.0,149,112,46.0,0.4107142857142857
9e783fcc-148c-41dd-89e0-6d643596d7dc,район Кузьминки,55.70661905,37.77135523696563,1962.0,128,72,1.0,0.013888888888888888
9e7f25d5-69e4-4b14-809d-9bfc80aef82c,район Раменки,55.7318083,37.53168316428658,1965.0,146,84,13.0,0.15476190476190477
9e938129-9a0d-4170-9bc6-0f297e3950da,район Южное Тушино,55.84630605,37.42486656772117,1966.0,130,72,9.0,0.125
9e9787b3-69e5-421a-9e0e-7d7ab4418b54,район Измайлово,55.781043,37.7181631,1956.0,134,60,11.0,0.18333333333333332
9e9db915-832a-4736-b5ba-1b167d0d5ceb,район Замоскворечье,55.735723300000004,37.62971487462762,1960.0,80,40,1.0,0.025
9e9ed183-caf4-4e40-b324-e2f673391bfb,Таганский район,55.7303898,37.67527014104574,1966.0,110,68,7.0,0.10294117647058823
9ea1658b-4f45-4536-b0bd-d3033414a881,Пресненский район,55.7645181,37.5521376,1963.0,544,263,41.0,0.155893536121673
9eaa1f29-eedf-48d6-a31b-817f36638af6,район Богородское,55.80715925,37.718519636570264,2007.0,818,398,51.0,0.12814070351758794
9eaf65dc-ecd0-44df-8515-cf221ff407b3,Тверской район,55.76096805,37.61148432988744,1930.0,110,49,7.0,0.14285714285714285
9eb08f9e-9570-45e8-ab18-5025ef0b5e8c,поселение Сосенское,55.56657045,37.473820598289464,2012.0,255,171,55.0,0.3216374269005848
9ec8ca31-2ad5-4f28-b101-418d8a6fc032,район Нагатинский Затон,55.67626545,37.689443672757236,1981.0,898,574,168.0,0.2926829268292683
9eca6aee-283f-475a-a488-fe56b3f7f24d,район Проспект Вернадского,55.67928954999999,37.49755538075,2005.0,220,102,24.0,0.23529411764705882
9ecd4b71-9fdd-4eff-a5c0-7c268937c018,район Сокольники,55.7981985,37.69249050851566,1966.0,137,72,7.0,0.09722222222222222
9ecd553f-39d2-48c3-a7f6-f7f570125388,район Зябликово,55.6157805,37.746959998313656,1976.0,310,144,19.0,0.13194444444444445
9ecec74c-b9ad-4d0a-aff4-75e80ac5c5ca,район Дорогомилово,55.750044,37.5715658,1940.0,331,160,27.0,0.16875
9ecf17e9-c686-4566-9e08-46cf52df53ff,район Лефортово,55.7466916,37.703108535546875,1978.0,215,111,12.0,0.10810810810810811
9ed1ab81-0302-4726-94a4-f9b5745e7684,район Новогиреево,55.7507342,37.80870743922125,1969.0,158,84,6.0,0.07142857142857142
9ed7bf2c-4d77-4ffd-8efe-aeb53e762c06,Ломоносовский район,55.683103599999995,37.54181655564925,2013.0,593,300,64.0,0.21333333333333335
9ed93fda-26b2-47da-a33f-4f6bff159bfa,район Филёвский Парк,55.7394242,37.49654149018201,1968.0,393,215,20.0,0.09302325581395349
9ee46bd2-5a3c-41cd-8711-a014a25fbec2,Ломоносовский район,55.68150665,37.54322742890625,1961.0,330,185,17.0,0.0918918918918919
9ef30d2d-f9e2-4e68-b771-6998f0bbe880,район Ховрино,55.85776445,37.50382926586451,2001.0,180,87,19.0,0.21839080459770116
9ef45e54-3806-4591-9c8e-c946e7533211,район Новогиреево,55.74093805,37.779351793493404,2004.0,360,164,13.0,0.07926829268292683
9efeb0bd-da09-4d82-9934-912fb76011ff,район Аэропорт,55.79832285,37.54646810059563,1961.0,221,131,11.0,0.08396946564885496
9f08a57c-aac8-424a-97f2-c90a61e48433,Гагаринский район,55.5416914,37.2041884,1953.0,121,60,17.0,0.2833333333333333
9f0927a1-98b6-4402-a275-a7609d050067,район Филёвский Парк,55.738121,37.48955374169482,1957.0,133,56,4.0,0.07142857142857142
9f0fe329-e5c6-4c18-ad22-995e5d9b14a8,Басманный район,55.7637298,37.6516172,1998.0,188,84,13.0,0.15476190476190477
9f132dd8-9ba4-40cb-9a9e-7b32ccb58e93,район Левобережный,55.86779525,37.4643688,2010.0,204,84,6.0,0.07142857142857142
9f238135-51da-47e3-8a5c-ee10ad287a14,район Зюзино,55.65420735,37.57990927949156,1981.0,233,109,9.0,0.08256880733944955
9f239e43-f0b0-44b8-b816-89b1d12d839d,район Щукино,55.798271299999996,37.46310507699565,1973.0,586,240,18.0,0.075
9f2614ac-7c97-4189-9837-8bc2cc414721,район Лианозово,55.89987485,37.57766559748526,1977.0,231,127,1.0,0.007874015748031496
9f2b9cdd-0689-4f2f-aefc-a5f1169daafd,район Арбат,55.74997715,37.59401828902378,1909.0,29,24,10.0,0.4166666666666667
9f32ebd7-34eb-4bb4-9c44-bfe8d0750d9f,район Измайлово,55.798471199999994,37.77469481046676,1962.0,143,64,3.0,0.046875
9f3526fd-5e7c-495c-a8df-cdf1c1b3fc26,район Строгино,55.80738015,37.419905150000005,1985.0,226,111,12.0,0.10810810810810811
9f40b9c8-d518-48ff-88fe-ab4088f864c5,район Чертаново Южное,55.59413385,37.59811400556798,2013.0,516,366,164.0,0.44808743169398907
9f43d7b5-dc90-4b54-8f52-e9f0b7ed5877,район Некрасовка,55.703809199999995,37.916665910615265,2011.0,17,145,138.5,0.9517241379310345
9f457623-3d69-4a14-8e14-34cf376a62ae,район Замоскворечье,55.7382134,37.64135332328004,1906.0,49,32,11.0,0.34375
9f4cf202-e0df-4ee9-8ca2-b1b8143ab82f,Красносельский район,55.7693417,37.63947055964286,1998.0,23,11,3.0,0.2727272727272727
9f51892f-1540-4506-bd3a-1a0ba0e80d0d,район Черёмушки,55.668621200000004,37.572391550000006,1962.0,138,72,1.0,0.013888888888888888
9f523c60-da8e-4f9d-b674-c5c64f30cc7c,район Хамовники,55.7448912,37.588067905038415,1982.0,106,44,2.0,0.045454545454545456
9f5f0cfb-1d04-4a2d-8dc8-2445b86d108e,Бутырский район,55.8126029,37.5901753,1971.0,111,59,3.0,0.05084745762711865
9f6dc322-0a38-4bc4-b9af-20f5fe844ae7,район Левобережный,55.866108499999996,37.46926654450526,1974.0,174,91,9.0,0.0989010989010989
9f73883b-e0ac-4959-9165-38cd9fcde20b,район Якиманка,55.7217997,37.6106186,1986.0,106,63,14.0,0.2222222222222222
9f7ea3d7-8544-469a-99e1-f953705aef4a,район Сокол,55.80413045,37.506059733548845,1971.0,490,326,136.0,0.4171779141104294
9f8357fd-2ff8-4f9b-9b3a-1c9c62e98d0f,район Северное Тушино,55.8531149,37.450560724639445,1994.0,327,178,14.0,0.07865168539325842
9f9671c0-fd7b-4638-a906-bab10de8f0ce,район Северное Тушино,55.870966,37.4413056,2005.0,397,208,54.0,0.25961538461538464
9f9c5d1b-2ff1-43b8-8f1f-5cae71aecc24,район Текстильщики,55.6983209,37.734482055610115,1966.0,177,84,4.0,0.047619047619047616
9fa3d88e-3794-47ae-99df-48f8d2a86c5d,Можайский район,55.71367515,37.40076189657948,2013.0,381,258,69.0,0.26744186046511625
9fa51664-1e72-40e1-8544-26b40e9d41b9,район Измайлово,55.795532800000004,37.79853905,1963.0,139,75,3.0,0.04
9fa8eb0e-656f-4847-aad6-cae05367745c,Тимирязевский район,55.821300949999994,37.57096870000001,1968.0,175,84,6.0,0.07142857142857142
9fb6780d-1461-4949-abe5-40fba8306fc0,район Северное Медведково,55.89124485,37.65315139779718,1999.0,581,264,6.0,0.022727272727272728
9fc4e248-c890-4369-bfab-8b6f73a3215a,район Преображенское,55.80070445,37.72384147942055,1971.0,120,96,30.0,0.3125
9fd05447-a437-4cd7-811f-736b1a63a577,район Бибирево,55.89077355,37.60827275,1983.0,239,127,21.0,0.16535433070866143
9fd568ad-08e3-4319-8a41-fb97c0e18622,район Соколиная Гора,55.788543950000005,37.73917336444946,1961.0,114,72,20.0,0.2777777777777778
9fe6fb64-5429-4317-bab7-26a4c6a55d90,район Орехово-Борисово Северное,55.6253416,37.72589351432585,1985.0,449,283,83.0,0.29328621908127206
9febf282-dc3c-4d1f-a77c-1ed03262cc38,Красносельский район,55.783385949999996,37.672156301730595,1963.0,103,72,26.0,0.3611111111111111
9fee72c5-7cbe-482c-bc0e-6e934124d210,Таганский район,55.74891355,37.65338665612007,1962.0,201,82,6.0,0.07317073170731707
9fffa8cc-fead-4c4c-ac98-814fe899e330,поселение Сосенское,55.566142150000005,37.478320701844424,2013.0,294,260,134.0,0.5153846153846153
a0101fa4-d939-48a4-ae2d-c48bf9c6f6ce,район Дорогомилово,55.73925385,37.52481894640996,1936.0,176,79,2.0,0.02531645569620253
a02da938-063f-4fea-9bf6-59dd36296e06,район Очаково-Матвеевское,55.508215,37.2200714,1977.0,202,109,16.0,0.14678899082568808
a03f1b8a-4860-48eb-817b-0ab00b7c121f,район Выхино-Жулебино,55.6973237,37.8494078,1993.0,168,76,9.0,0.11842105263157894
a0478cfd-eacb-47ce-b01c-6563be576ddd,район Зюзино,55.64467705,37.60096455,1962.0,114,72,23.0,0.3194444444444444
a04f395a-9aa3-460f-9d43-82cf5c072c03,городской округ Троицк,55.49447335,37.32471782463234,2011.0,55,29,11.0,0.3793103448275862
a058140a-2e0b-474f-bb34-80b1e2b5a13e,район Хорошёво-Мнёвники,55.78228615,37.4630444314524,1967.0,127,81,27.0,0.3333333333333333
a0597dee-ab19-4246-83fa-75a091a48e51,Тверской район,55.7654523,37.59995337642977,1925.0,140,67,15.0,0.22388059701492538
a05a2280-f2d5-4eee-a49e-d353b27a1412,район Щукино,55.80661445,37.45181184601881,1965.0,137,84,20.0,0.23809523809523808
a05adcfc-3d38-4cb5-b7ce-3f5aa8500e8d,Хорошёвский район,55.7850304,37.5130882,1955.0,233,98,20.0,0.20408163265306123
a06d6c73-fcee-4324-9707-93bce6002f81,район Котловка,55.67853455,37.60540358702934,1968.0,160,96,12.0,0.125
a076a4b2-a852-4932-8ca0-46776006861e,городской округ Щербинка,55.5029684,37.55832738998792,2004.0,309,135,7.0,0.05185185185185185
a0774e35-5909-4001-92d2-2b29796c731d,Тверской район,55.77655505,37.614478996694885,1972.0,221,126,19.0,0.15079365079365079
a0778aec-eb26-4321-87d9-fc9b73a65fe0,район Чертаново Южное,55.6011131,37.58767895,1977.0,360,191,6.0,0.031413612565445025
a08427b8-0989-4191-9156-5ed816403bb6,район Сокол,55.800543149999996,37.5169690236458,1949.0,75,37,2.0,0.05405405405405406
a085c09a-fa6b-4240-b8ad-510b3f590ebb,Тверской район,55.78087055,37.601586992089324,1958.0,84,51,9.0,0.17647058823529413
a08c6510-e71b-41f8-a06e-4b7945d953e3,район Тропарёво-Никулино,55.66357385,37.4887782915824,1995.0,427,184,21.0,0.11413043478260869
a08cfcf2-28ac-45a4-881e-a62962e84cb0,поселение Десеновское,55.5017802,37.3327909,2004.0,358,204,34.0,0.16666666666666666
a0923894-bcd3-4d00-a864-74fca79a9174,район Раменки,55.70434135,37.5066251,1966.0,127,72,8.0,0.1111111111111111
a099c3f0-245e-475d-8004-b6111a01087a,район Новогиреево,55.754670399999995,37.81401845,1965.0,166,88,17.0,0.19318181818181818
a09ba05c-2ee3-41c8-8247-4f53202ddc7f,район Зюзино,55.65909565,37.604295500475075,1997.0,367,190,53.0,0.2789473684210526
a0a3d05e-ea36-46ab-88d2-f610d7ab4585,район Беговой,55.780145450000006,37.575566381025766,1951.0,277,148,51.0,0.34459459459459457
a0b2d722-e5c6-41c4-a71f-581ce4b46a9f,район Митино,55.8451946,37.34031242380833,1999.0,415,174,9.0,0.05172413793103448
a0b811db-5ad3-4dc9-a8a5-0d0742dfac04,Красносельский район,55.7804823,37.64517910012438,1972.0,409,196,39.0,0.1989795918367347
a0bf228e-5507-4644-8946-fb3ac1e8a4f3,район Новогиреево,55.7644356,37.79060207491115,1960.0,256,246,111.0,0.45121951219512196
a0bff866-5b14-4eca-9f90-ff742b367143,Даниловский район,55.7187273,37.61809261125785,1937.0,96,36,4.0,0.1111111111111111
a0c322de-bc42-4c05-8d66-a60c3f0c30c6,район Свиблово,55.85159985,37.63437528735896,2004.0,146,103,43.0,0.4174757281553398
a0c3b644-0b5e-4523-82dd-5dc2f772dc65,Войковский район,55.821676749999995,37.49355284472911,1965.0,128,84,32.0,0.38095238095238093
a0c9f330-1984-4e41-8326-154fe09fe42c,поселение Московский,55.8584185,37.6560008,2010.0,170,94,39.0,0.4148936170212766
a0f4fd39-c898-49a8-9a49-2c16b34dd27e,Тверской район,55.7693311,37.604131,1910.0,45,19,6.0,0.3157894736842105
a0f63356-016f-4e31-ba46-2265232f6285,Нагорный район,55.6424643,37.61684875,1962.0,118,70,14.0,0.2
a0f740a5-f38e-4994-a1d1-948e46bae06e,район Хорошёво-Мнёвники,55.7870497,37.481374945820676,1973.0,367,193,6.0,0.031088082901554404
a0fc2fd3-5f3d-4585-b7a4-e0e831fbbd02,район Филёвский Парк,55.74573135,37.49915705877413,1981.0,145,66,2.0,0.030303030303030304
a10b2ecc-7005-452e-9be7-8b855bbdc173,Тверской район,55.78276315,37.58895241266747,1964.0,104,60,10.0,0.16666666666666666
a1171b19-d7db-48f7-837a-ac6b0c31b240,район Новогиреево,55.749584150000004,37.791654866757945,1967.0,498,214,5.0,0.02336448598130841
a11ba6c1-609c-4a3f-8342-8d21dd3ac3e1,район Зюзино,55.6494985,37.56737255117038,1972.0,141,79,16.0,0.20253164556962025
a12018f9-c969-4034-8a83-a67c79f8cb0a,район Филёвский Парк,55.738098550000004,37.49325324866194,1976.0,298,133,12.0,0.09022556390977443
a1215612-126b-44e1-bf65-f264cb494dc6,Таганский район,55.74003125,37.666489610140815,1973.0,194,106,13.0,0.12264150943396226
a1347323-7d8b-4ada-91a1-08ec8e816ba9,район Чертаново Южное,55.5932788,37.60738837602433,1974.0,254,178,21.0,0.11797752808988764
a1416bb6-2110-42d1-8df0-82e13e79cf52,Алексеевский район,55.8116666,37.643210947298186,1982.0,194,110,11.0,0.1
a14a063c-b156-4efb-b0eb-c0ec4500adfb,район Раменки,55.71751795,37.52008156515794,1972.0,237,96,3.0,0.03125
a15e7bee-a7b9-48c0-84fc-4877f6ba14cf,Пресненский район,55.7659032,37.55951725549836,2003.0,300,163,28.0,0.17177914110429449
a16641cc-cf51-4433-b077-d686e1137a9d,район Зюзино,55.6476664,37.60267864386895,2005.0,351,276,122.0,0.4420289855072464
a1720e9e-0941-4712-abc2-f805ac53c093,поселение Первомайское,55.49959525,37.22339085959868,1961.0,60,36,9.0,0.25
a17c3383-1e12-4b88-bc90-a15c440d24cb,Мещанский район,55.7672812,37.6261837,1917.0,37,19,6.0,0.3157894736842105
a17f5d75-9ad2-4c4c-80cb-bdc060f72c6e,район Южное Тушино,55.841011300000005,37.43950582683201,2011.0,376,231,57.0,0.24675324675324675
a17f7227-6735-40b8-963c-b2de97b7e454,район Марьина Роща,55.79525845,37.60588332778923,1972.0,135,72,2.0,0.027777777777777776
a1823289-98b4-4f57-8fef-d1495ee53caa,Алексеевский район,55.82016255,37.64340135,1962.0,101,72,23.0,0.3194444444444444
a18fc722-4ff3-4115-af37-702bcfb127cd,район Покровское-Стрешнево,55.8283904,37.44855196428155,2014.0,891,490,152.0,0.31020408163265306
a1908ae5-e346-4b71-b00d-75b117486abe,район Богородское,55.8063652,37.707298208978784,1971.0,531,416,130.0,0.3125
a191cb4a-a7bd-42e3-a5ca-675285e669f8,Алексеевский район,55.81539050000001,37.64125650678788,1959.0,56,34,10.0,0.29411764705882354
a195dd81-4db9-4ca4-9cf0-ddd7e1fd6af7,район Богородское,55.808563,37.71990753787796,1958.0,129,60,6.0,0.1
a19c617e-e7ed-4814-a246-f67101a467ad,район Хорошёво-Мнёвники,55.78337775,37.47447366546824,2001.0,521,267,52.0,0.1947565543071161
a1a5b7bb-f917-4866-ac8d-d85b4c182df9,район Аэропорт,55.8091952,37.5247549,1959.0,95,42,5.0,0.11904761904761904
a1a6f1fa-0888-4597-b6cb-1b96e633d211,Мещанский район,55.78455565,37.63048743080492,1967.0,149,84,12.0,0.14285714285714285
a1d2bb9b-5500-49c7-8b12-398687ae02fa,Алексеевский район,55.824244,37.64752020767004,1971.0,123,84,29.0,0.34523809523809523
a1dcffbb-4fe0-4e71-ba56-694ab750fc50,район Кузьминки,55.7117355,37.7579424,1965.0,164,96,9.0,0.09375
a1e95745-172a-42fa-8261-5b304ce642f8,Головинский район,55.8443415,37.51980376822163,1931.0,48,24,4.0,0.16666666666666666
a1ecfa54-c490-4282-a9b1-1ce6bec3b60f,район Покровское-Стрешнево,55.83310565,37.417149421025684,2017.0,23,178,170.0,0.9550561797752809
a1f9bb81-6f1d-4cb0-9092-76a0ed186ca5,район Печатники,55.67060445,37.72092827325616,1970.0,315,178,36.0,0.20224719101123595
a20f2206-c775-4c30-b970-6dd779629081,Алексеевский район,55.808460499999995,37.63794775175772,1962.0,61,46,15.0,0.32608695652173914
a2170c02-2456-475d-b37a-2cfc6f28652f,район Отрадное,55.5319217,37.2378563,2015.0,292,168,33.0,0.19642857142857142
a21850bd-24f1-4297-b30a-2d982377f629,район Хорошёво-Мнёвники,55.7699037,37.4877679979522,1965.0,117,72,13.0,0.18055555555555555
a21d09ce-2ad0-4a0e-b7b8-46efdd9dbb01,район Чертаново Центральное,55.62275315,37.588295240229016,1970.0,173,98,22.0,0.22448979591836735
a21d4d02-cc05-4895-8f84-7d9e0573abbe,район Хорошёво-Мнёвники,55.77476265,37.4693233643339,2006.0,130,53,6.0,0.11320754716981132
a21fd88a-301c-4ac4-b534-fe6b21fcb622,район Новогиреево,55.755584549999995,37.816735057372384,1976.0,127,69,5.0,0.07246376811594203
a22e164d-bfef-4349-81ef-b7ead3da5cd0,Пресненский район,55.7603798,37.54162124588968,1950.0,71,30,2.0,0.06666666666666667
a2401d66-3192-4f0c-85cc-033c37563a4d,район Некрасовка,55.700563349999996,37.92584780489435,2013.0,433,192,21.0,0.109375
a24137fc-abe9-4c0e-be78-e1b5b57d8804,район Проспект Вернадского,55.67463645,37.51342438107811,1966.0,292,200,68.0,0.34
a24aa476-c762-45f7-b7f8-b55a40b9d460,Басманный район,55.7567139,37.6395154,1860.0,103,44,3.0,0.06818181818181818
a24d964b-048a-49e4-9db3-b8798fb51bbe,Лосиноостровский район,55.871404600000005,37.683828756875,1969.0,154,80,11.0,0.1375
a24f63d8-088f-409a-a5bf-53064f858ad6,район Кунцево,55.7342706,37.42062922510995,1965.0,173,84,12.0,0.14285714285714285
a25bbf4e-a20b-4cf8-b880-6a948475fec7,Басманный район,55.7725525,37.702704122104166,1973.0,190,112,11.0,0.09821428571428571
a27222d9-57dd-41c0-87a3-b6b9f86a8bb4,Таганский район,55.7321928,37.673857749999996,1989.0,107,48,5.0,0.10416666666666667
a273f329-ff66-4852-b8ec-17b2a58a0912,район Кунцево,55.74316465,37.402040935207694,1996.0,498,255,39.0,0.15294117647058825
a2856237-91e4-45d5-9892-414a68f1b67b,Таганский район,55.742128199999996,37.683084798388535,1969.0,157,84,8.0,0.09523809523809523
a289f3ea-75fb-42a2-b942-dda7e81148aa,район Бибирево,55.89420495,37.60120845,1977.0,258,124,10.0,0.08064516129032258
a28b7a75-61c1-41ec-a65b-898d8d98038d,район Южное Тушино,55.8504894,37.4513784,1966.0,117,68,12.0,0.17647058823529413
a28eb271-cda3-42d5-aaa6-bf80705d510e,Головинский район,55.844970950000004,37.49848825472365,1970.0,160,84,4.0,0.047619047619047616
a29023d3-742d-40fb-835e-aaff39da7296,район Строгино,55.8054559,37.419497772398444,1985.0,708,332,10.5,0.030120481927710843
a2a7d780-599f-4a2f-95ad-74f44cd5b63d,район Кунцево,55.73748055,37.413819973817645,2013.0,291,147,21.0,0.14285714285714285
a2ab847a-ad09-497d-a434-23983d6cbba8,район Коптево,55.842445749999996,37.533258423123975,1967.0,164,77,4.0,0.05194805194805195
a2b231d4-3c3f-4d94-8ad5-d73e160a713b,район Нагатинский Затон,55.68453475,37.6712928,1968.0,465,214,14.0,0.06542056074766354
a2b375da-383a-4b1b-8b08-f1588bc8b14e,Нагорный район,55.64822845,37.615583714822705,2002.0,763,345,76.0,0.22028985507246376
a2ccf18a-900e-42de-94f8-e4a6c0ac904f,Рязанский район,55.712482800000004,37.791355499999995,1970.0,173,98,13.0,0.1326530612244898
a2d5efd0-8d97-4f4e-8992-4ce61d153ec5,район Сокол,55.8029995,37.5227945,1966.0,150,84,21.0,0.25
a2ee9a46-d98c-4fee-baa8-2d187af36699,Мещанский район,55.7853994,37.6388765,1949.0,37,17,2.0,0.11764705882352941
a303fb75-cbe5-420b-b322-f4bbd55dca98,Тимирязевский район,55.81086825,37.5586403545089,1959.0,42,20,3.0,0.15
a30f1ba2-5eac-4c88-99a7-c8a0c3314d37,Обручевский район,55.66596115,37.53162625,1984.0,373,271,121.0,0.44649446494464945
a320587c-77d4-4bff-8b91-54a4a1359c48,Гагаринский район,55.68447135,37.54131420148091,1959.0,445,205,3.0,0.014634146341463415
a33cb821-97ff-4444-9d43-75b870f39746,район Северное Измайлово,55.803503649999996,37.80557789225388,1970.0,142,96,33.0,0.34375
a33e1af1-9cc3-4476-b301-207007c52f97,район Арбат,55.7504175,37.59336252316859,1929.0,142,98,36.0,0.3673469387755102
a33ea7ef-9f8f-48e0-a32b-c9cecc9525f5,Тимирязевский район,55.81192985,37.55898721144005,1963.0,168,80,10.0,0.125
a340b436-0c68-4cc5-aabb-1f9e2b70fa88,Басманный район,55.76216085,37.65042545944618,1927.0,83,28,1.0,0.03571428571428571
a3465be3-af1b-44d3-8f99-8520eea6c2e4,Головинский район,55.8539298,37.5015706,1976.0,182,101,11.0,0.10891089108910891
a35c95ee-1a10-4da8-8795-9cb132f0ffc2,городской округ Троицк,55.69863515,37.746553,2006.0,498,233,22.0,0.0944206008583691
a36249ad-5d96-4a92-be88-35378469ad11,Савёловский район,55.8024309,37.555470279363206,1972.0,163,98,11.0,0.11224489795918367
a36f8faf-0651-40e7-947d-f76539f8484b,Савёловский район,55.806878999999995,37.5768055488626,1961.0,119,71,11.0,0.15492957746478872
a370fef8-a34f-4809-ba65-b1759ccefc5f,район Преображенское,55.793205549999996,37.712860117940195,1967.0,330,168,1.0,0.005952380952380952
a3887e0e-1e3e-46ec-9ac1-a973db9e5013,район Новогиреево,55.7421366,37.7832693,1967.0,156,81,12.0,0.14814814814814814
a38f0434-076b-4582-816a-1a3f15f95fb4,район Печатники,55.67618645,37.72034564768928,1981.0,263,127,8.0,0.06299212598425197
a3904c20-74aa-4ad6-a1f3-45be4f8bbf82,поселение Сосенское,55.5665981,37.47155382645035,2014.0,582,528,279.0,0.5284090909090909
a3968c18-9444-4443-b9a1-47dc78ba0beb,район Хамовники,55.73190615,37.58974643734177,1967.0,97,71,29.0,0.4084507042253521
a39b225e-f1c2-442e-909b-faae3da35e3b,район Нагатино-Садовники,55.67972265,37.64193148655481,1969.0,138,80,13.0,0.1625
a3a4f91f-626b-40bc-a7f1-d4de839f8b05,район Хорошёво-Мнёвники,55.7695882,37.47779906792573,1962.0,90,68,19.0,0.27941176470588236
a3a651c4-c7cb-4a62-b053-94b314533e95,Пресненский район,55.76777285,37.56595799323766,1962.0,285,133,10.0,0.07518796992481203
a3ae7366-428f-4acb-a4e9-8a3e24959cc9,район Щукино,55.80494025,37.45269012787965,1960.0,141,69,3.0,0.043478260869565216
a3b48de4-687a-4a6c-9a07-35a3a9d0ab21,район Раменки,55.708945549999996,37.51189629999999,1965.0,82,72,30.0,0.4166666666666667
a3e215d0-e0b2-4fd3-917c-13feb112e5ea,район Коньково,55.6339003,37.52918610363333,1973.0,315,143,6.0,0.04195804195804196
a3e80350-f994-4a67-9a01-0c6c10be2370,район Кузьминки,55.6987441,37.77288524906953,1963.0,117,72,6.0,0.08333333333333333
a3f42a77-cdb1-427d-954d-c8c719951cae,район Арбат,55.7514958,37.59326706665104,1830.0,28,16,6.0,0.375
a3fde2aa-a465-44e8-9873-a4efd68a9194,Войковский район,55.816761150000005,37.514125279809164,1960.0,121,60,10.0,0.16666666666666666
a410c21d-e88d-4286-91b6-6b4ec4dc5326,Головинский район,55.84346685,37.49200875457622,1977.0,181,105,9.0,0.08571428571428572
a416f9e6-fb64-4d27-aa28-b7b4ee951d88,район Покровское-Стрешнево,55.8260122,37.45139259873257,1962.0,330,274,111.0,0.4051094890510949
a41bc640-5123-4ecf-8920-f716719ac105,район Марьина Роща,55.808630449999995,37.61400258620166,1970.0,159,84,6.0,0.07142857142857142
a41c0f52-7874-4b08-9f91-1067b87ddc6b,Донской район,55.691939500000004,37.620883966178155,1962.0,261,140,27.0,0.19285714285714287
a434c646-ece0-44a4-ae06-07266b17a688,район Марьино,55.65079475,37.7161765098916,2005.0,140,75,17.0,0.22666666666666666
a4395022-626f-4e69-a15d-5c10d2f1a4e9,Лосиноостровский район,55.87661005,37.69320078928571,1957.0,167,84,4.0,0.047619047619047616
a44cf1f2-3c78-4479-97de-8ce3c6d2fa27,Тверской район,55.78171155,37.58675309635818,1956.0,169,85,25.0,0.29411764705882354
a461c5f3-998e-4548-8752-01a8d74c0a7e,Донской район,55.702018800000005,37.59346111168647,1959.0,62,36,8.0,0.2222222222222222
a4635a0c-eb5d-4167-a7e2-81e0e6244ff9,район Замоскворечье,55.72516745,37.62177994998649,1995.0,295,130,5.0,0.038461538461538464
a465919c-12bf-4f75-bf69-2f406211f91b,район Богородское,55.816852600000004,37.70903486779476,1966.0,126,72,11.0,0.1527777777777778
a46a1db1-3314-429d-802e-9a06122e2995,район Лефортово,55.75780345,37.696632744099674,2012.0,21,220,213.0,0.9681818181818181
a4902f9a-3e55-4adb-8b7f-cd1a9330df35,район Сокол,55.81008555,37.492382058136776,1962.0,124,68,3.0,0.04411764705882353
a494f95f-b285-43bc-b353-33b6f2b2aedd,район Царицыно,55.6235195,37.6494675,1967.0,151,84,10.0,0.11904761904761904
a49ba28a-ff5c-4b7a-a712-20ca521d16a2,район Филёвский Парк,55.7428301,37.490392462664516,1964.0,155,80,16.0,0.2
a4a47487-cf8b-4292-bef8-f7dd1c7e631f,Мещанский район,55.7672355,37.62523378376068,1917.0,36,15,2.0,0.13333333333333333
a4a4dfb6-e753-4f71-a723-7c2cad1f6bc6,район Гольяново,55.82132315,37.78623138708613,1969.0,154,80,4.0,0.05
a4b1ca01-86d1-4d64-9e56-b6b5dd44526f,район Зюзино,55.662860800000004,37.59034505801759,1966.0,160,84,16.0,0.19047619047619047
a4c2e5ab-f1c7-4153-8601-0b3f9f91a73c,район Кузьминки,55.7032302,37.792482957636054,1965.0,109,67,17.0,0.2537313432835821
a4c5d4bf-ea3f-41ae-be12-6a105054ddcc,район Гольяново,55.81555525,37.79727789835881,1967.0,273,181,32.0,0.17679558011049723
a4cfc951-79ee-4cb4-a4e3-fc5d88e9e433,район Дорогомилово,55.7396826,37.541,1954.0,322,129,1.0,0.007751937984496124
a4da21e9-9044-462d-8e9a-654a52d6f03c,район Южное Тушино,55.849762600000005,37.446354514050384,1966.0,109,68,17.0,0.25
a4e26483-2568-4c6a-9882-bf874bdea1a9,район Тропарёво-Никулино,55.6702378,37.46696587778659,2004.0,589,240,10.0,0.041666666666666664
a4f2a19e-8e46-47d0-adbc-a7a398279a74,район Печатники,55.6563845,37.70016333060701,1956.0,30,13,2.0,0.15384615384615385
a50e910f-5eed-44bc-8a89-aa50c382f792,район Сокол,55.79708875,37.51823641207319,1953.0,172,72,13.0,0.18055555555555555
a5183125-36f8-44f9-97fa-654a596e00be,район Ново-Переделкино,55.63947345,37.3445041,1989.0,357,166,21.0,0.12650602409638553
a5184b89-68f9-45c7-9078-4102839a8aa6,район Марьино,55.655697,37.756249064737176,1997.0,929,426,28.0,0.06572769953051644
a520b9aa-6f62-4567-beb9-00aa235d5965,район Отрадное,55.86366635,37.62039142728993,1994.0,277,127,15.0,0.11811023622047244
a52c3e76-7faa-464c-9477-5f036c920d5b,Басманный район,55.7770661,37.68916156410594,1926.0,41,28,8.0,0.2857142857142857
a5318c82-19f8-472f-8a47-4eff186ae81a,Молжаниновский район,55.9453371,37.34507640347711,2012.0,365,144,5.0,0.034722222222222224
a538db76-236d-45a8-b110-b8a90922d2fa,район Коптево,55.84429605,37.548764838320146,2009.0,244,119,23.0,0.19327731092436976
a54c72e6-d903-457b-ad72-1fe091a0b97d,Гагаринский район,55.689239400000005,37.553415344108956,1980.0,210,108,4.0,0.037037037037037035
a54fce77-6675-4e0a-85ef-eec42e8633fc,район Марьина Роща,55.7920852,37.60028572971024,1928.0,192,72,1.0,0.013888888888888888
a54fd222-d5fe-4f6a-a55a-b6caa21ff5fe,Донской район,55.7169267,37.61043521582941,1956.0,119,48,7.0,0.14583333333333334
a552637e-3160-4093-a6e3-d15b7b561d61,район Царицыно,55.63143755,37.66280707233503,1971.0,225,112,6.0,0.05357142857142857
a55fc260-d9d8-48d0-a141-7d7e68cef7b1,район Коптево,55.8312005,37.52996185000001,1960.0,160,80,11.0,0.1375
a575f9ce-0d59-4ff9-a7a4-e229f0c75ae5,Тверской район,55.78522135,37.598933208739325,1928.0,64,33,12.0,0.36363636363636365
a578155b-31e9-421c-a554-d6203915be0b,район Сокол,55.80135905,37.50939412237017,1968.0,223,110,14.0,0.12727272727272726
a57c5304-1e9f-446c-b4a7-4f4575a572d4,Тверской район,55.779377600000004,37.61145480403415,1972.0,178,103,24.0,0.23300970873786409
a5801207-782c-4885-9be6-afa316126f07,район Замоскворечье,55.735393099999996,37.629337916222525,1931.0,155,62,1.0,0.016129032258064516
a583dfe2-5499-462d-a030-ce384958d869,район Измайлово,55.7934488,37.8102662,2003.0,114,66,23.0,0.3484848484848485
a586cdc3-2711-4ead-aeaa-d6e4da34a2ec,район Лефортово,55.7461098,37.70314737188498,1973.0,229,178,66.0,0.3707865168539326
a5872d57-705a-4f27-8381-f439c47a50c1,район Царицыно,55.61903864999999,37.64766493988916,1969.0,173,84,1.0,0.011904761904761904
a58756de-86e7-402b-a3c4-0af4f41b3ce7,Обручевский район,55.647065600000005,37.49522132760421,2002.0,297,150,38.0,0.25333333333333335
a597728a-2cfb-41c0-96d6-62d0b6bd7a9a,Савёловский район,55.7995746,37.571761139807094,2000.0,483,208,14.0,0.0673076923076923
a59dd177-6d49-4b62-af10-9afeb137f8ec,район Южное Тушино,55.8423088,37.457324379225525,1976.0,495,284,69.0,0.24295774647887325
a59eb994-1442-4e0a-a5f3-254e6e86c8c2,район Раменки,55.69275475,37.52966693106032,2013.0,518,447,216.0,0.48322147651006714
a5a1279a-d37e-4099-8deb-586988c0c77c,Тимирязевский район,55.824130100000005,37.562897166830666,1966.0,136,96,30.0,0.3125
a5b09896-8cfa-4493-b550-0d4df93bfb7d,район Сокольники,55.79508405,37.69238945794467,1975.0,374,221,38.0,0.17194570135746606
a5bf8297-d6af-4af8-90f5-a855e4eabc32,Останкинский район,55.8099487,37.63506155776237,1974.0,195,110,13.0,0.11818181818181818
a5dd55e5-e9e8-4377-837d-62d2d269e886,Пресненский район,55.7630843,37.5886505,1907.0,19,9,3.0,0.3333333333333333
a5e641ae-c179-462c-95cf-82b0a28608f6,район Замоскворечье,55.7327061,37.63323404405572,1962.0,109,71,17.0,0.23943661971830985
a5eda7b5-e1ff-4eec-a56a-1504ae874b60,Донской район,55.6908253,37.60963733298162,1966.0,96,72,36.0,0.5
a5ef6114-32e7-4301-83f0-947347c8f28f,Тверской район,55.77251725,37.6108411768929,1917.0,65,32,7.0,0.21875
a5f311d6-705c-455e-a4f0-ad285f69e8e3,район Чертаново Северное,55.62958275,37.606306000000004,1969.0,172,98,22.0,0.22448979591836735
a5fb6750-dd9e-4b8d-8ca6-6e83bc1890ec,Мещанский район,55.79230475,37.6251333,1963.0,282,140,16.0,0.11428571428571428
a6105d3c-836d-4e7f-b287-591af047ced7,Савёловский район,55.79919905,37.58306589453757,1978.0,606,270,25.0,0.09259259259259259
a61e7305-fd45-4464-afe9-21f1992a12a5,район Текстильщики,55.698768,37.73896704550395,1965.0,164,80,5.0,0.0625
a62f6a36-b719-4cec-b4df-7160149833fa,район Нагатино-Садовники,55.667526,37.648405308766435,1973.0,96,51,15.0,0.29411764705882354
a6310ab9-1db1-4cd2-9b6b-bd5bdfae3714,Тверской район,55.7750251,37.59884233229474,1956.0,182,78,13.0,0.16666666666666666
a634f6e2-736e-455e-b1dc-4abd1837a038,Ярославский район,55.87551185,37.72275204122101,1981.0,553,288,45.0,0.15625
a637be36-3bd9-4521-8aed-2df2575c6692,Басманный район,55.7687195,37.68359565,1960.0,128,60,2.0,0.03333333333333333
a63ffdad-908a-4e04-859c-dcd4c6064fe7,район Филёвский Парк,55.734393350000005,37.48920749626383,1960.0,97,53,13.0,0.24528301886792453
a6416129-7c4b-405c-bdcb-1cc1beb8ac45,Тверской район,55.7739253,37.61656785267394,1952.0,71,32,8.0,0.25
a647096c-f0c4-44c3-9469-11f5915a1f6c,Академический район,55.69253215,37.5904461,1966.0,121,95,29.0,0.30526315789473685
a64f5027-6f68-4d51-a0a1-e8d1d322f458,Пресненский район,55.76851205,37.57413729298308,1959.0,341,150,20.0,0.13333333333333333
a6542845-47ae-44e3-b0ca-7bb5e744ebf7,район Тропарёво-Никулино,55.668594049999996,37.45249055000001,1993.0,733,318,41.0,0.1289308176100629
a655e457-eae8-4abd-894e-5244f92a426d,Хорошёвский район,55.79642925,37.5232656532953,1959.0,96,60,21.0,0.35
a65deb4b-1fa7-485e-bbea-1208fe186e25,район Хорошёво-Мнёвники,55.7740753,37.49429214267542,1970.0,186,84,3.0,0.03571428571428571
a6767474-77cc-42cd-8d58-c51843c7552e,Пресненский район,55.7706043,37.558773200000005,0.0,156,87,16.0,0.1839080459770115
a6770e12-c8ab-49d5-95de-ef26e6b9e3c8,район Филёвский Парк,55.7466084,37.50704496034041,1975.0,180,111,15.0,0.13513513513513514
a67f98e1-51c5-426f-bfec-7b3d2578c0ac,Академический район,55.693484850000004,37.58463796570072,2000.0,170,77,13.0,0.16883116883116883
a684bf5e-ddb1-47a6-94fc-2d8cc77d3058,район Ростокино,55.837800400000006,37.6435833,1974.0,243,122,17.0,0.13934426229508196
a686fa89-0f72-487e-92b5-b4260d8c7d91,поселение Внуковское,55.65933575,37.32630535,1972.0,100,48,6.0,0.125
a69a04f0-4107-4765-be98-ec5c3b2381dc,район Беговой,55.77855155,37.572609656660156,1972.0,173,98,6.0,0.061224489795918366
a69ad1b5-5252-4a5d-b184-96605ca0ab36,район Царицыно,55.6342121,37.65920569938986,1972.0,227,112,7.0,0.0625
a69efc83-f70d-4603-b57b-b85643df1827,Басманный район,55.7566587,37.65102935790518,1917.0,26,10,2.0,0.2
a6a50055-ca51-4d3d-90a6-e3c6928f985f,Тимирязевский район,55.809621,37.565837861428975,1975.0,69,36,1.0,0.027777777777777776
a6b3830e-5250-458d-951e-5443db9669c9,район Восточное Дегунино,55.855573449999994,37.56799580497021,1973.0,288,143,18.0,0.1258741258741259
a6cbe1da-9a13-4354-86a0-9c1d29da0794,район Новогиреево,55.73948525,37.777486892634876,2002.0,494,192,1.0,0.005208333333333333
a6dc4719-33a9-4e48-946b-a8050f40cfb8,поселение Филимонковское,55.5319217,37.2378563,2013.0,35,16,2.0,0.125
a6de3a3c-511f-43d7-9a0a-00c953c53d38,район Коптево,55.8333483,37.52589799594489,1981.0,349,144,1.0,0.006944444444444444
a6e39de9-7fa1-48c5-af24-cf51d3b45bea,район Очаково-Матвеевское,55.68907405,37.47142215,2011.0,207,182,104.0,0.5714285714285714
a6e52b88-8a6d-4aa7-9c02-1164ee9e617e,район Строгино,55.8071382,37.42217261360551,1985.0,471,223,16.0,0.07174887892376682
a6e96688-de67-42df-a761-8dcd43ea06a6,городской округ Троицк,55.80578225,37.579981558958956,2002.0,309,150,1.0,0.006666666666666667
a6f8f9e5-d728-4010-867b-a7662e725314,район Соколиная Гора,55.7636533,37.731583013793106,2010.0,326,211,78.0,0.3696682464454976
a6fb2c91-1664-406a-b0bb-68d163c90dc3,район Зюзино,55.643456900000004,37.59971581581921,1964.0,109,72,24.0,0.3333333333333333
a6ffc6e0-1155-48ff-9e6f-58cb5eb311f9,район Коньково,55.636416049999994,37.5391481,2000.0,225,143,33.0,0.23076923076923078
a6ffe64b-5fa8-4b46-b242-88c8b7f888d3,Красносельский район,55.76526935,37.63263180487269,1914.0,27,73,63.0,0.863013698630137
a7010f5c-138c-4e59-95b2-7710900f25f1,район Щукино,55.7932866,37.4848932,1953.0,177,74,3.0,0.04054054054054054
a70c01a6-48bd-4e51-85e8-ebc3a152164c,Алексеевский район,55.807381,37.63944744256088,1966.0,102,84,38.0,0.4523809523809524
a710c4c8-bc11-4a65-90d4-e07ff7f151e9,район Марфино,55.8391468,37.58115603215768,1974.0,174,98,20.0,0.20408163265306123
a727d8cc-5e49-41f2-877d-4c06c274efdf,Мещанский район,55.7896362,37.632195,1973.0,365,224,68.0,0.30357142857142855
a734f46b-85ab-4738-9162-e718feeb4440,район Северное Измайлово,55.81021295,37.81215671916898,1966.0,157,92,6.0,0.06521739130434782
a7366760-dbc3-4180-8138-1a50d134fa56,район Северное Бутово,55.5687852,37.56695829518283,2001.0,500,217,20.0,0.09216589861751152
a73ac039-868f-4ae5-ad9c-b048f5ded0b7,район Беговой,55.7820269,37.57914003705031,1926.0,183,100,25.0,0.25
a73d44c6-f06c-49eb-987b-a623f752fbc5,район Коньково,55.636030399999996,37.539304099999995,2001.0,198,96,11.0,0.11458333333333333
a75c4943-4af0-4707-8266-8ecfb9238a3c,район Щукино,55.4955298,37.2027071,1970.0,160,98,19.0,0.19387755102040816
a761e24f-540d-422b-9add-7add5679d7a7,район Раменки,55.701349,37.5116556,2005.0,526,478,225.0,0.4707112970711297
a765227c-0f25-4e22-a7f4-89a137cbd230,городской округ Троицк,55.49605875,37.32619192042556,2013.0,23,16,8.0,0.5
a77b22b5-1276-45fe-8d0c-8cb23ac3276a,район Лефортово,55.75774215,37.713732781550206,1969.0,126,80,29.0,0.3625
a784d665-3cf1-431a-a448-172e619da267,Ярославский район,55.854539450000004,37.68504095980217,1971.0,550,208,1.0,0.004807692307692308
a786458c-861f-4e71-a818-069a45ff399e,район Зюзино,55.662232849999995,37.60050782485402,1971.0,497,238,23.0,0.09663865546218488
a78f3f87-9976-45b3-90a1-816359076196,район Марьино,55.6513201,37.745622371429874,1999.0,417,150,1.0,0.006666666666666667
a796ac72-4e3b-4cb4-8917-cbc24d6dd118,район Северное Измайлово,55.8100055,37.80610334875762,2015.0,308,143,22.0,0.15384615384615385
a7981d18-199b-4905-8220-60c4fc107810,Бескудниковский район,55.85720825,37.563753811846425,1999.0,679,319,63.0,0.1974921630094044
a79be8b1-62b3-48b2-8ff1-98307c3c7389,район Северное Измайлово,55.809412050000006,37.81231273061689,2004.0,450,220,17.0,0.07727272727272727
a7a58147-f252-4210-967b-363eabf950fb,поселение Московский,55.83958905,37.5400134447573,2010.0,470,366,186.0,0.5081967213114754
a7af21f7-69db-4cf1-81c1-effdfdbdfab1,Мещанский район,55.77683825,37.626729847600316,1973.0,424,177,10.0,0.05649717514124294
a7b1375e-c37b-4f5e-a990-9a412f0839f2,Ярославский район,55.87694535,37.7170877,1970.0,219,98,6.0,0.061224489795918366
a7b1c11c-de4d-418a-a699-8c5ba0c72aad,район Москворечье-Сабурово,55.636012449999996,37.725242444128895,2003.0,571,255,25.0,0.09803921568627451
a7b3dd05-46ed-4555-966b-04b739faf23b,район Хамовники,55.74250525,37.59874626323614,1914.0,52,24,4.0,0.16666666666666666
a7b5f6b5-cc91-4717-8aea-c98ed074be7a,район Нагатинский Затон,55.674964349999996,37.665046393452215,1970.0,414,186,5.0,0.026881720430107527
a7b74e7c-90e0-4825-9d03-6eb1f2bf8f2f,район Сокольники,55.7854009,37.6798671,1932.0,188,107,18.0,0.16822429906542055
a7c482e8-9215-4d25-a045-7edabf440b11,городской округ Щербинка,55.50058095,37.56634055,1974.0,220,92,7.0,0.07608695652173914
a7c7c631-7e72-4efe-b52d-e83bab5ff639,район Кунцево,55.7399774,37.40396121640524,1967.0,140,80,7.5,0.1
a7cda3ae-b797-4863-b7ad-b9412ed51a6f,поселение Сосенское,55.565173349999995,37.47075510346687,2015.0,397,363,183.0,0.5041322314049587
a7d3e68a-0a20-4c96-b269-81d5c5fd714a,Рязанский район,55.7322351,37.765592,1970.0,161,86,7.0,0.08139534883720931
a7df4e36-20d9-4cf5-8f5d-b0fd8f400f40,район Северное Измайлово,55.80708735,37.8215263,1971.0,191,98,10.0,0.10204081632653061
a7e1be86-4cde-4b4f-a968-1281797e6594,Войковский район,55.838358299999996,37.489356516231,1959.0,129,80,20.0,0.25
a7ed7d66-cbdc-49f4-bd20-d88e9eedde9d,Головинский район,55.8427237,37.4919669,1967.0,160,84,5.0,0.05952380952380952
a7f026b3-3712-4218-9468-ab5a1bfdd8db,Тверской район,55.7808299,37.59997564785223,1913.0,69,26,2.0,0.07692307692307693
a7f5a5c6-6c44-4d59-8f62-c32e06a49152,район Щукино,55.80180785,37.48996341552714,1959.0,101,60,19.0,0.31666666666666665
a7fc98b4-7ecc-47d7-bb70-16a67d5014f8,район Ростокино,55.833297099999996,37.65108930000001,1965.0,210,109,18.0,0.1651376146788991
a80c4857-68d5-4f69-bade-d046f7a7f792,Мещанский район,55.7806382,37.63472681857367,1965.0,81,68,23.0,0.3382352941176471
a80f8807-4495-4548-8afd-09502a288188,район Орехово-Борисово Северное,55.6265657,37.7259923787244,1984.0,220,105,16.0,0.1523809523809524
a82933e2-314d-4e82-995e-481ad9bef9ea,район Коптево,55.8364999,37.52901563611111,1957.0,40,16,2.0,0.125
a82fc3d9-1d8b-42a3-9a7c-62d7f6e3b3f0,Савёловский район,55.80600305,37.57875606827349,1965.0,173,98,14.0,0.14285714285714285
a834c6fa-6391-466f-9ad0-38bb853ef0a5,район Дорогомилово,55.744812,37.5584353,1965.0,233,170,37.0,0.21764705882352942
a84cd695-3a15-47fa-8a44-16dfd0c6fd9b,Савёловский район,55.79388565,37.56754416233842,1968.0,122,84,26.0,0.30952380952380953
a8526363-b701-4a4b-9aa4-481cca57453a,район Хамовники,55.7389545,37.58054758132687,1922.0,61,27,6.0,0.2222222222222222
a85541ed-ded7-45b9-8f95-a67826c21288,поселение Сосенское,55.56928310000001,37.49293702290254,2015.0,69,513,488.0,0.9512670565302144
a8594499-3c7d-4773-aaae-47a7fd7d31eb,район Строгино,55.801050200000006,37.397210172093025,1980.0,204,95,4.0,0.042105263157894736
a8618840-9aa2-43b2-b1c1-a7516aaef2d3,Рязанский район,55.7216523,37.784082463878626,1961.0,133,63,3.0,0.047619047619047616
a863098d-ef89-42f2-9e40-6c87c45c7504,городской округ Щербинка,55.5101684,37.56679778274728,1974.0,179,84,6.0,0.07142857142857142
a872b502-38c3-4fce-8b8a-04cb088ebeb1,район Котловка,55.684972900000005,37.595266527477136,1969.0,156,84,17.0,0.20238095238095238
a8738855-8a8c-4b12-8137-4d57c4bfff56,район Сокол,55.7930383,37.5224144,1950.0,246,112,18.0,0.16071428571428573
a8750274-0d4f-4ca8-a48e-33e5b81de3a6,район Южное Бутово,55.539316549999995,37.541263208054104,2000.0,130,79,8.0,0.10126582278481013
a8765bcf-dc2c-4c27-a4c7-93c72a5da95d,Хорошёвский район,55.7795373,37.519526299999995,1945.0,49,18,1.0,0.05555555555555555
a87bd560-b9cb-423c-89fe-8e58d392f537,район Чертаново Южное,55.59716095,37.582885725087166,2004.0,187,84,9.0,0.10714285714285714
a88548d2-0830-4a73-a7de-434a9ec5436e,поселение Московский,55.4970076,36.92618975817392,2013.0,321,230,87.0,0.3782608695652174
a88a53a9-9d3a-436e-a967-f20a8a6d5ffb,Таганский район,55.7445312,37.6831769,1979.0,130,67,7.0,0.1044776119402985
a89f533e-09c0-4b75-8eba-9477432aa1eb,район Новогиреево,55.74683645,37.82224745,1968.0,128,96,30.0,0.3125
a8a30f79-6287-4790-9614-f9a112387dcb,район Гольяново,55.81302155,37.79044585,2011.0,294,130,10.0,0.07692307692307693
a8a36c75-6cc4-4357-911b-747405f416d3,район Нагатино-Садовники,55.67947875,37.652101849999994,1950.0,73,35,6.0,0.17142857142857143
a8a5a061-d9f7-4c49-8cd2-60e272bc1589,район Хамовники,55.7410807,37.59525242836464,1907.0,24,12,5.0,0.4166666666666667
a8aa7db9-52bd-4a06-abca-e7110469af75,район Северное Тушино,55.86684165,37.44306902796461,2000.0,320,133,5.0,0.03759398496240601
a8ac1373-1e6f-4c5f-902e-e93ea7bf50ad,район Перово,55.760073,37.79500034223432,1960.0,62,32,4.0,0.125
a8c2f5e7-92ab-4174-91af-453e1b185960,район Выхино-Жулебино,55.694019600000004,37.81731850157371,1969.0,146,81,5.0,0.06172839506172839
a8c504e5-eb83-4b21-b8c3-aba8c16d25c4,Алексеевский район,55.823150350000006,37.6522519009798,1987.0,91,44,6.0,0.13636363636363635
a8c5db71-d3cd-4ab9-9b9d-d5d5e6a5189a,район Ховрино,55.871339,37.48686435,1965.0,173,96,2.0,0.020833333333333332
a8db07ba-8fff-45bc-b428-0b19c7ff0577,район Текстильщики,55.69508425,37.74567480572571,2014.0,192,120,34.0,0.2833333333333333
a8e24fd8-b647-4419-9332-17c51863ea42,Нагорный район,55.6528079,37.61091129827445,1972.0,102,59,15.0,0.2542372881355932
a8f43280-b987-40ba-ae67-edfed4471752,район Дорогомилово,55.740040199999996,37.54200838407803,1952.0,85,43,3.0,0.06976744186046512
a8fae6e0-9bc6-4c96-a6f4-6b0c8a994839,район Левобережный,55.86481175,37.47574915,1982.0,532,212,9.0,0.04245283018867924
a901455f-7a02-4295-b1f1-b0d647efff86,район Печатники,55.671460350000004,37.7234607229132,1970.0,301,178,43.0,0.24157303370786518
a9081c76-91f1-41fe-b7e6-30e1ae858782,район Котловка,55.68284765,37.6105528,1971.0,145,98,21.0,0.21428571428571427
a90c5e1c-9254-4921-a9e2-306af34fbb05,район Филёвский Парк,55.74106365,37.49849599271862,1961.0,220,115,18.0,0.1565217391304348
a90d7056-39e8-4e76-8f78-95328ab3522b,Савёловский район,55.798302050000004,37.567397676827696,1973.0,174,94,12.0,0.1276595744680851
a91adb55-54d1-426d-b31c-eff2d09bad80,район Чертаново Центральное,55.610670400000004,37.58939963039751,1972.0,179,95,4.0,0.042105263157894736
a92babdb-102b-4954-8458-5dd156de48df,район Восточное Измайлово,55.79207615,37.79161445,1967.0,284,168,30.0,0.17857142857142858
a932366a-1f1f-4434-9e81-d2ac8826ac00,Ярославский район,55.8763962,37.72584902245697,1980.0,432,192,2.0,0.010416666666666666
a937ace3-9eaa-46c3-b181-89e771abd2b2,Хорошёвский район,55.7795603,37.547067216926266,1978.0,218,111,17.0,0.15315315315315314
a938ce9f-6353-415c-9a92-0fa7cc088677,район Черёмушки,55.66853325,37.567687832303825,2005.0,307,161,27.0,0.16770186335403728
a942732c-6f64-49d5-adc1-5b266afdba47,район Черёмушки,55.663865799999996,37.57621355926343,2008.0,219,132,51.0,0.38636363636363635
a94a3bc3-641f-42a0-8ac5-8d66270f3afe,поселение Сосенское,55.565305800000004,37.4788609,2014.0,214,248,152.0,0.6129032258064516
a94d7281-a481-487d-8151-d603e2e61bec,район Хорошёво-Мнёвники,55.78723395,37.448030508266015,1970.0,200,96,1.0,0.010416666666666666
a94ecaf1-f067-4d26-850c-bf738b805892,район Кузьминки,55.69972955,37.766666209473115,1963.0,105,72,21.0,0.2916666666666667
a964e3e1-7349-4dfa-a2ec-c4773292a191,район Вешняки,55.720095799999996,37.823995919061815,1973.0,77,428,383.0,0.8948598130841121
a9726d54-e26a-48c5-9fd2-18b97a593fd1,Таганский район,55.748280449999996,37.649630626541374,1965.0,153,84,8.0,0.09523809523809523
a97c073c-7600-49c8-9b92-ebcb625f3dbc,Бабушкинский район,55.87142165,37.664192680448394,1979.0,386,191,11.0,0.05759162303664921
a98244aa-8ac9-4c67-bc49-92adeff96df6,район Коптево,55.8430616,37.54753438806475,1967.0,137,92,19.0,0.20652173913043478
a997807b-13b4-4d30-b759-2b96174030db,район Южное Тушино,55.840836350000004,37.45728489941515,1976.0,351,191,26.0,0.13612565445026178
a9aa25e4-d2d7-44b0-82c0-a5753fbaedca,район Зюзино,55.6614867,37.60721544999999,1974.0,425,168,8.0,0.047619047619047616
a9ac3f3a-7998-4d20-8c8a-7187603a6409,район Лефортово,55.756707250000005,37.679696233394836,1982.0,238,108,2.0,0.018518518518518517
a9af7d53-1db2-4971-beb7-0cc49d402f23,район Марьино,55.6453455,37.7530166691989,1995.0,529,252,2.0,0.007936507936507936
a9b35a82-ba07-4ba6-9eed-84b7fb1ab8ea,район Раменки,55.70648405,37.5058989247776,1965.0,124,72,9.0,0.125
a9b4c217-42d3-4b66-912f-729c9c11271d,район Марьина Роща,55.7991757,37.62286552494478,1983.0,344,191,1.0,0.005235602094240838
a9bdbe47-214e-4f3d-b916-d154c0e51177,Алексеевский район,55.8146189,37.64112419898593,1959.0,60,33,8.0,0.24242424242424243
a9c3e57a-9351-46a9-8890-b2f5ef8a0579,район Щукино,55.80234845,37.47296167900646,1955.0,352,123,9.0,0.07317073170731707
a9c68de4-6f1c-4140-8ab7-073f83a43466,район Некрасовка,55.7062892,37.935780424188465,2013.0,316,129,18.0,0.13953488372093023
a9d36cca-cf08-4f0a-b17d-69801309339b,район Щукино,55.801018049999996,37.479760413274334,1973.0,210,115,33.0,0.28695652173913044
a9e2871c-d4e7-49fc-ab93-a072534c86a8,Бабушкинский район,55.8645954,37.67524392587766,1965.0,126,68,8.0,0.11764705882352941
a9e2cad7-111e-4621-8f80-c68104271ed6,район Выхино-Жулебино,55.6887993,37.851970875894736,1995.0,168,72,8.0,0.1111111111111111
a9e6c11f-0b52-48a7-b648-9e446822b614,район Кунцево,55.73327415,37.42019710789526,1957.0,144,62,1.0,0.016129032258064516
a9e8a705-1c93-4bcd-ae19-9dcd409bf6c0,Нижегородский район,55.73878055,37.70731076859873,1982.0,238,113,11.0,0.09734513274336283
a9ea6632-b955-4d75-84c1-fc3e9f59f403,район Щукино,55.792538300000004,37.48933972806341,1975.0,100,54,5.0,0.09259259259259259
a9ee6022-6570-4dd5-82e5-a93e472a3ea9,район Хамовники,55.73992675,37.59119722604967,1937.0,106,52,14.0,0.2692307692307692
a9eebcd8-b50d-4f48-9ddb-18a7f87738ce,район Марфино,55.8294221,37.58954561757426,1969.0,180,112,34.0,0.30357142857142855
a9f91dbd-d2f3-4f3b-9181-2b5e767197a9,район Северное Измайлово,55.805920900000004,37.780587219828504,2006.0,269,154,42.0,0.2727272727272727
aa009f0a-67ba-49ab-bca6-84fa4a84496f,Тверской район,55.7807584,37.610968,1974.0,156,92,24.0,0.2608695652173913
aa049f15-3a89-440a-b6b7-7c1ad0921cf0,Даниловский район,55.705301000000006,37.61339898889505,1983.0,205,108,3.0,0.027777777777777776
aa0534b6-cdc8-4d0b-9924-fd23fc1a4213,район Северное Измайлово,55.80524305,37.79784156172025,1963.0,75,72,36.0,0.5
aa0cd2db-017a-448f-9afb-30947f8c1c3f,район Лианозово,55.9055794,37.57325179962989,2004.0,274,185,47.0,0.25405405405405407
aa0e86b4-8538-4cb9-8dc8-52869d969e75,район Зюзино,55.653051250000004,37.57659921883058,1981.0,234,105,1.0,0.009523809523809525
aa120b31-831e-493a-9e1f-4b89ad3c8a1e,район Ховрино,55.871315,37.4851952,2005.0,274,122,18.0,0.14754098360655737
aa1ff256-f66c-4669-91e6-6c53d74c5ef4,район Ховрино,55.86446005,37.4927598810814,1969.0,146,96,34.0,0.3541666666666667
aa207480-cbca-427e-9baa-7c1f592b3064,поселение Сосенское,55.5507664,37.499168870314364,2016.0,108,107,58.5,0.5420560747663551
aa25e705-149b-4fb1-b3da-5aeea66b34ed,Тверской район,55.790835,37.59330478865398,1954.0,82,35,9.0,0.2571428571428571
aa275724-fb00-4849-b233-dcdc583be5d7,район Северное Измайлово,55.80356625,37.812517497304654,1966.0,114,68,10.0,0.14705882352941177
aa2d34d3-41e2-490d-aabf-0ed85a076f1d,Академический район,55.691455000000005,37.5768407028397,1957.0,129,64,5.0,0.078125
aa46504d-d5a0-48fa-8f08-1c699574b962,район Нагатинский Затон,55.67512995,37.69269346819446,2011.0,237,123,23.0,0.18699186991869918
aa4cc6b2-fe10-4895-867e-15fce032d21c,район Хамовники,55.7438916,37.5791786741964,1937.0,132,57,8.5,0.14035087719298245
aa54fcd2-1e72-422f-a660-f0371c068d44,район Коптево,55.8395209,37.52514541096893,1964.0,134,72,4.0,0.05555555555555555
aa60e543-eb6e-477d-a363-ea81c1e52e09,район Ховрино,55.86487475,37.49033005,1968.0,416,214,28.0,0.1308411214953271
aa6141f9-02b6-4261-bf6c-f1e8b1c6cc1e,район Текстильщики,55.69676685,37.74523119427847,2012.0,216,131,33.0,0.25190839694656486
aa6638fd-7d7c-4943-abec-3a6ba9ccf871,район Замоскворечье,55.7295456,37.62762966380271,1940.0,112,67,19.0,0.2835820895522388
aa6b0033-b0ab-4c4a-9e25-6a1e5c431269,Пресненский район,55.764192699999995,37.60083437852644,0.0,12,6,3.0,0.5
aa6f86a4-2058-44b5-b11d-65522d987338,Нагорный район,55.663217,37.6196304,1963.0,135,67,5.0,0.07462686567164178
aa707a6a-ab37-4abc-bcaf-fb4648097e14,район Котловка,55.6789712,37.6076061,2007.0,245,107,1.0,0.009345794392523364
aa7521d9-94ff-47f1-8d15-f067230ba520,район Северный,55.912401450000004,37.5558124718504,2007.0,189,84,12.0,0.14285714285714285
aa7c1743-421f-4fa1-a3d6-637050aa6c10,район Черёмушки,55.6685647,37.55954697813574,1996.0,896,444,109.0,0.24549549549549549
aa8c955f-8af6-4dce-9f7a-2f929a3aa0da,район Щукино,55.797720999999996,37.48134578717579,1972.0,167,112,20.0,0.17857142857142858
aa8f15ec-72df-432c-8941-fb28282fbf00,район Богородское,55.813241399999995,37.71927333833524,1972.0,319,144,3.0,0.020833333333333332
aa98a467-f78c-4445-8678-11c32e2231c8,Таганский район,55.74116825,37.650341041359596,1939.0,418,179,40.0,0.22346368715083798
aaad75f4-3823-4a68-8cf2-3bb92436e184,район Марьино,55.6540153,37.76056318464744,1996.0,452,236,21.0,0.08898305084745763
aaaf1f1f-dd4d-41d5-8792-1149f7676542,район Щукино,55.802004800000006,37.49073576479425,1959.0,117,56,8.0,0.14285714285714285
aab1ac84-abe8-4687-8ae1-bb6e49c720d4,район Марьино,55.657885199999996,37.75612001351793,1997.0,424,211,29.0,0.13744075829383887
aab9f3ac-b35a-4695-a76e-81d67b35278e,район Выхино-Жулебино,55.689101199999996,37.86162552139581,1995.0,311,142,18.0,0.1267605633802817
aabae26d-f383-422c-8c56-3d21207cc49b,Бабушкинский район,55.864104350000005,37.66917740018269,1968.0,159,84,17.0,0.20238095238095238
aabc9293-bc6e-4768-9da9-cca1c925cd77,район Ново-Переделкино,55.651676800000004,37.34336061971281,2009.0,276,112,1.0,0.008928571428571428
aac9682f-d4a3-484d-92fa-442d7407ed3f,Дмитровский район,55.88472085,37.52176940861399,1967.0,173,83,4.0,0.04819277108433735
aad89394-9674-41e5-9a2b-48875f192b16,поселение Сосенское,55.56703435,37.472690064635245,2012.0,247,156,49.0,0.3141025641025641
aada4b79-010e-4a21-a7b9-098128e0a94d,район Котловка,55.6870777,37.60074415,1966.0,156,84,8.0,0.09523809523809523
aae5f4d8-b39b-470e-b8fc-6a3971653c3d,Алексеевский район,55.8118994,37.65543184936215,1956.0,409,170,15.0,0.08823529411764706
aaeea411-cf1c-4d3e-9d0b-8cf71f1b3ce3,Рязанский район,55.71626095,37.7875752,1965.0,206,109,13.0,0.11926605504587157
aaf601d6-766b-4625-be90-08ce19692a21,Нагорный район,55.6538318,37.60805284641954,1974.0,117,61,16.0,0.26229508196721313
aaf6dd98-6521-478f-a55b-8fdea570097d,район Аэропорт,55.8062797,37.52272225461165,1973.0,216,178,60.0,0.33707865168539325
aafa05e0-057d-4d1b-8287-6d283d94add6,Обручевский район,55.666619499999996,37.5200315036617,2010.0,350,197,42.0,0.2131979695431472
aafaa4a7-9aed-494e-aaee-4c2fd52ac178,район Восточное Измайлово,55.79583835,37.81212627665484,1953.0,84,37,3.0,0.08108108108108109
aafd9fc1-fb32-419f-bc27-4f9edb0eec5d,Басманный район,55.75981965,37.65821784394895,1937.0,136,45,2.0,0.044444444444444446
ab00119b-5204-4bb4-b0b4-e4441e8e28b4,район Замоскворечье,55.731920849999995,37.63581979785981,1959.0,79,56,15.0,0.26785714285714285
ab053410-9f38-4fb8-9464-df48276afdc6,район Соколиная Гора,55.776786799999996,37.713481361531535,1962.0,132,60,2.0,0.03333333333333333
ab08e999-cb14-4c42-b2ea-75e44eb466d9,район Марьино,55.6626856,37.76777937877263,2001.0,596,333,47.0,0.14114114114114115
ab0d1812-9650-4380-a777-0b01b02b5a53,Мещанский район,55.7796948,37.6368104,1974.0,154,69,6.0,0.08695652173913043
ab125d6a-ee49-446a-b198-265ad9b772c0,район Аэропорт,55.805491950000004,37.53884985284196,1974.0,214,108,26.0,0.24074074074074073
ab1d008b-4acd-4f9c-8884-1710e298c400,район Северное Тушино,55.86018885,37.427209958867394,1999.0,76,36,9.0,0.25
ab29c910-b5be-42f5-b912-187528da3b87,район Лефортово,55.757783200000006,37.68411015490307,1976.0,205,111,23.0,0.2072072072072072
ab2bbfe0-4223-4200-992b-125de9d88cb2,Пресненский район,55.7574994,37.521672686067014,1965.0,178,78,8.0,0.10256410256410256
ab2cac10-cbe4-44bb-bad5-26709fb0bf05,Алексеевский район,55.806736400000005,37.64074426373225,1966.0,110,96,36.0,0.375
ab41a89d-28c8-4c8a-9fb3-cefc8dcd4033,район Дорогомилово,55.747018,37.5566742,1963.0,128,72,6.0,0.08333333333333333
ab48bf53-c494-452c-b57a-8158022f7aa9,район Аэропорт,55.812686549999995,37.52304087498486,1952.0,141,71,5.0,0.07042253521126761
ab4eef92-ebe5-4c6c-a53d-68b7347bd52f,район Чертаново Южное,55.60135505,37.60682566618853,1975.0,359,190,29.0,0.15263157894736842
ab524e7c-3617-48de-b0b8-dcc11840c25f,район Фили-Давыдково,55.7173699,37.45820150980559,1972.0,265,178,12.0,0.06741573033707865
ab544695-54df-44a8-afab-c40441e42998,район Чертаново Южное,55.5923088,37.6088887,2010.0,535,312,69.0,0.22115384615384615
ab5bf208-e72a-4593-a288-92c34d1490a8,Тверской район,55.7714259,37.59643385721276,1917.0,15,7,2.0,0.2857142857142857
ab67450a-9dfd-49db-9c63-0f87760d8265,район Печатники,55.679548749999995,37.71817973820549,1990.0,807,338,12.0,0.03550295857988166
ab69e7b3-e4c7-4ddf-9465-1caa323e6c2f,район Щукино,55.796004749999994,37.48965151490866,1951.0,76,36,7.0,0.19444444444444445
ab7b5b75-f67a-4507-b589-0f922a64ba23,район Очаково-Матвеевское,55.7075142,37.46702973768628,1971.0,356,186,33.0,0.1774193548387097
ab7ec7b7-202f-4537-b9c5-b9046fd17664,район Строгино,55.8124116,37.393339,1979.0,1,380,7.0,0.018421052631578946
ab8b8102-de15-49eb-9189-7bdd48d298e5,район Митино,55.82984175,37.35796643836822,2003.0,72,40,10.0,0.25
ab93c82e-9e0d-43e7-a66e-2dafb063d777,район Восточное Измайлово,55.7918516,37.800535350000004,1963.0,69,40,4.0,0.1
ab974dbe-cc81-4572-9975-5cefff4ca02c,район Филёвский Парк,55.7459281,37.50163202755741,1962.0,158,80,16.0,0.2
ab9c0962-cb0f-4181-b087-cb0857913004,район Зябликово,55.620945649999996,37.75974891199312,1996.0,371,192,41.0,0.21354166666666666
aba64a0a-0cef-474f-a6a7-3108e3d4dd5d,поселение Десеновское,55.50382595000001,37.333609949999996,1962.0,82,48,9.0,0.1875
abadc468-08af-4d5a-a5cd-f4c4aeff91c0,Головинский район,55.8473166,37.51488273194684,1982.0,244,108,1.0,0.009259259259259259
abb342da-d24c-48d0-af35-5403b9c438e9,район Замоскворечье,55.734045699999996,37.63353744967513,1927.0,45,25,7.0,0.28
abbcce8e-5333-4148-8942-b85d8ef0a1e1,район Орехово-Борисово Южное,55.6106963,37.75551865468513,1998.0,813,339,9.0,0.02654867256637168
abd180ef-4e96-4901-8107-4dddfc498c00,район Сокол,55.7988664,37.50117336052726,1951.0,94,47,13.0,0.2765957446808511
abd23963-44db-4676-8d98-cb4f551f29e3,район Люблино,55.673893,37.75943942915225,2007.0,297,160,39.0,0.24375
abd7d3e9-1ba8-4de9-af3e-999fbaf2256a,район Арбат,55.7525143,37.5744621,1900.0,24,12,5.0,0.4166666666666667
abe12d70-dca1-48d6-a39f-449a2f76dd60,район Хамовники,55.72498155,37.57551246473799,1959.0,185,80,7.0,0.0875
abfb3348-69b2-480b-af22-959fae64ece8,район Аэропорт,55.7919422,37.565442800329876,1976.0,182,101,36.0,0.3564356435643564
ac0c8b8d-0e86-40aa-af56-c4ee172623a5,район Беговой,55.78910115,37.57273692486702,1962.0,256,144,22.0,0.1527777777777778
ac0ce96c-d191-4eaa-a974-a33b81d48f55,район Крылатское,55.7502975,37.41677839920337,1985.0,988,471,76.0,0.1613588110403397
ac1752e3-5cce-42a0-bd5f-b235f54a525c,район Свиблово,55.862762450000005,37.643196161585365,1971.0,167,93,9.0,0.0967741935483871
ac3c6584-d41c-44e7-886a-91f362791e26,район Перово,55.756705600000004,37.77962981177396,1966.0,114,72,16.0,0.2222222222222222
ac3d658c-22e0-4dc4-9518-86b30242d60e,район Ново-Переделкино,55.636465,37.3608936,1988.0,446,220,35.0,0.1590909090909091
ac446ee2-b1be-4aaa-ac65-70c2b1a60b0d,Тимирязевский район,55.831104249999996,37.57123675,1970.0,687,347,43.0,0.1239193083573487
ac476772-bd5a-4538-be03-b13fd45fd9a1,поселение Сосенское,55.574543000000006,37.47746035469726,2015.0,54,134,114.0,0.8507462686567164
ac51b4b3-67a0-4dad-8da8-246ae4cc9f65,Гагаринский район,55.68980525,37.53888076609398,1956.0,422,177,29.0,0.1638418079096045
ac71451a-a698-4b26-abf8-61f24f06c9cb,Красносельский район,55.778365750000006,37.647365102957735,1914.0,12,10,6.0,0.6
ac74995c-2211-4b48-af75-647df4454d7f,район Кунцево,55.742389700000004,37.41770627296512,1972.0,175,112,34.0,0.30357142857142855
aca0853c-bc4e-47ad-b075-81037c16584f,Южнопортовый район,55.719556350000005,37.6738318486331,2003.0,277,131,14.0,0.10687022900763359
aca6f925-187e-48ab-b759-3e9250700e2f,район Отрадное,55.8529049,37.58682775,1979.0,193,120,17.0,0.14166666666666666
acb1c023-6cea-4623-ada5-283ccb9cfcba,район Хорошёво-Мнёвники,55.782355800000005,37.460655128009535,1973.0,184,97,3.0,0.030927835051546393
acba7eed-90ee-4e85-b5fb-087374db315a,Мещанский район,55.777148350000004,37.62241697832032,1985.0,470,196,28.0,0.14285714285714285
acbe534a-b2df-4dae-bcb8-75d5ab8e4644,Басманный район,55.775613449999994,37.69896091063377,2002.0,289,159,39.0,0.24528301886792453
acc602ee-7f4c-42dd-9299-280d275d27dc,Тимирязевский район,55.81065275,37.5657084156346,1960.0,154,68,5.0,0.07352941176470588
acc8c021-1e65-40c0-b8f0-cada0c7d39e1,район Косино-Ухтомский,55.71305105,37.885174638002496,2006.0,596,265,22.0,0.0830188679245283
accbed2d-f2ca-4cf6-96af-c20412f8acfd,район Сокол,55.8008594,37.515664539888974,1949.0,90,43,1.0,0.023255813953488372
accfa6b9-5a40-498d-a291-e3591c0b5efb,район Филёвский Парк,55.7449717,37.51011750422878,1959.0,69,39,7.0,0.1794871794871795
acd2b90c-801b-4f39-adb1-d2589f5020c5,Басманный район,55.77031715,37.689222146736164,1968.0,26,81,70.0,0.8641975308641975
ace17cbe-e8f2-47db-a6a4-6f40e73d82e5,район Аэропорт,55.803819700000005,37.526068617641286,1964.0,292,199,65.0,0.32663316582914576
ace4715e-4d90-4dd3-80be-121230a4b3b7,Донской район,55.6946682,37.61349193826102,1983.0,260,111,1.0,0.009009009009009009
acfbc47c-b03f-46e0-a38b-b0b749ec4995,район Царицыно,55.63372705,37.67533151013829,1967.0,162,82,3.0,0.036585365853658534
ad041eb8-47a5-4e0a-8e02-a468e9e00181,Хорошёвский район,55.77496725,37.5452502688806,1949.0,67,38,12.0,0.3157894736842105
ad0ce3ae-e139-4b2e-aa0e-5ba697d6a0a4,Тимирязевский район,55.81000805,37.56738970442346,1967.0,476,215,9.0,0.04186046511627907
ad29bfa9-beab-4f7a-9b2f-82bd9a4068b2,Войковский район,55.8316049,37.48828789816757,1963.0,135,69,4.0,0.057971014492753624
ad453655-e3f5-492b-be92-d90837bb20f3,район Ясенево,55.6121567,37.53585458112009,1979.0,123,258,209.0,0.810077519379845
ad469832-c729-4750-85a8-4b0ec45dfff5,район Хамовники,55.7421474,37.58508315620996,1941.0,270,152,51.0,0.3355263157894737
ad46fc9e-e283-4487-9e65-6bea813ab2e9,Южнопортовый район,55.70563455,37.67448822850181,1960.0,153,79,8.0,0.10126582278481013
ad4f8bea-4c8c-478b-b8cb-c43aa1d382fd,Ярославский район,55.85277135,37.68262358504653,1970.0,461,215,14.0,0.06511627906976744
ad50d9a2-b6d8-4954-b263-7e6f076c93c0,район Измайлово,55.7973923,37.8045321,1982.0,250,111,8.0,0.07207207207207207
ad79bc36-56f2-452e-89e6-28d11ca8cef9,район Выхино-Жулебино,55.70303775,37.81616053407558,1977.0,168,98,10.0,0.10204081632653061
ad7f71ff-62e0-4432-b7b8-fc700636b5b2,район Левобережный,55.855840549999996,37.47172344071984,2019.0,387,295,109.0,0.3694915254237288
ad80df2f-adc5-4bae-819f-68889b442531,Тверской район,55.788620050000006,37.59916935000002,1959.0,113,59,5.0,0.0847457627118644
ad8b1871-bc52-489b-b01c-2da059e62c91,Гагаринский район,55.5416914,37.2041884,1954.0,129,69,23.0,0.3333333333333333
ad8dac02-a04e-44a0-bc33-7703ed0d6b28,район Текстильщики,55.69956395,37.7362710679687,1972.0,698,322,27.0,0.08385093167701864
adac7048-cd8a-47a5-a036-8e885abebc10,район Филёвский Парк,55.76383465,37.484953044930876,1981.0,239,125,2.0,0.016
adb5b1ac-9942-4ab7-8da6-afee00fc8744,Войковский район,55.821319349999996,37.508581832424774,1975.0,183,98,1.0,0.01020408163265306
adbd734b-61b1-42ad-beaf-143994fde6bf,район Перово,55.7477083,37.78611746149043,1978.0,112,69,15.0,0.21739130434782608
adbe878a-3a01-4b68-b6b8-82012ef544f7,Обручевский район,55.64507615,37.497181980734894,2004.0,307,121,26.0,0.21487603305785125
adc1fd77-5b6e-414d-ad1f-696de9c8efb8,район Западное Дегунино,55.8648667,37.53998315,2015.0,157,73,7.0,0.0958904109589041
adc6ca18-77c2-4501-9439-331c7bbab751,район Марьина Роща,55.80409985,37.61292457507583,1965.0,153,96,15.0,0.15625
adcbafd9-b73c-4f32-9860-5bf05c49bc28,район Дорогомилово,55.7477313,37.56900195223463,1973.0,342,164,21.0,0.12804878048780488
add4ccea-6e7f-461a-85a3-361eee83b90e,Мещанский район,55.779773250000005,37.6281710196027,1968.0,139,84,22.0,0.2619047619047619
ade43583-2a54-4c73-bfee-966dcfc42108,Мещанский район,55.778464,37.63950517495205,1976.0,189,101,17.0,0.16831683168316833
ade5b428-562e-4e70-ba26-9d4da8c07704,район Восточное Измайлово,55.79358335,37.80851525,1968.0,151,78,7.0,0.08974358974358974
ade9fce2-9946-4271-b3e8-46cf41acc1d9,район Хамовники,55.7404946,37.584293207827926,1944.0,185,96,15.0,0.15625
adf12acf-cfca-4b7e-acab-af962a58a5de,Тверской район,55.79122455,37.59877311487209,2009.0,188,123,34.0,0.2764227642276423
ae0772fb-5825-4366-897c-87c7ff4fbdcc,район Бирюлёво Восточное,55.58547555,37.695129806210986,2003.0,1016,438,10.0,0.0228310502283105
ae0d7e5d-e9e5-4e7c-a30a-3ba36532d892,район Кузьминки,55.7109853,37.76591323420361,1965.0,117,72,15.0,0.20833333333333334
ae15abb9-5db8-4119-997f-d3088075e8c0,район Хорошёво-Мнёвники,55.79088695,37.45823093593266,2020.0,1258,817,328.0,0.401468788249694
ae19b434-4e73-4ad1-b357-86ee6f930e4a,Гагаринский район,55.5416914,37.2041884,1953.0,140,76,21.0,0.27631578947368424
ae1ac5b6-6d47-4969-8490-e67dadf44f30,район Покровское-Стрешнево,55.816247649999994,37.468248034824526,1974.0,205,98,12.0,0.12244897959183673
ae1ed10a-dfd1-466b-bb54-c8d64e61d1ef,Тверской район,55.77481315,37.5939903731233,1914.0,119,59,15.0,0.2542372881355932
ae208a4e-3541-44bf-981b-d3f671bcab75,район Арбат,55.7505355,37.57946947219099,1917.0,26,11,2.0,0.18181818181818182
ae2e3487-1de5-4e18-a5b2-0fdc05110558,район Измайлово,55.78898864999999,37.79729295112598,1959.0,97,63,17.0,0.2698412698412698
ae32dd71-4f9d-4b85-b5dc-54d4f5a93db6,район Хамовники,55.73725705,37.58806496404563,1890.0,174,82,3.0,0.036585365853658534
ae39051b-3c60-436c-b282-1354fc04af79,район Беговой,55.786922000000004,37.57941442547009,1951.0,174,96,18.0,0.1875
ae4b98c3-236f-4c14-b52c-3abf17587111,Савёловский район,55.795242,37.57314972504259,1963.0,93,56,7.0,0.125
ae4bc35e-9a7e-4725-bdc6-53b20ae9af12,район Дорогомилово,55.738293299999995,37.564638488574055,1943.0,915,363,17.0,0.046831955922865015
ae51fcc7-9497-47f7-8d4f-072d45684160,район Фили-Давыдково,55.7117279,37.454946485252364,1969.0,160,83,5.0,0.060240963855421686
ae58a6df-5832-44fa-b96f-6593ee1b7a15,район Некрасовка,55.7054032,37.93703110809384,2013.0,642,324,28.0,0.08641975308641975
ae70d730-9e56-4220-91d2-c6a20f8881f4,район Тропарёво-Никулино,55.67073305,37.47133239804225,2002.0,527,218,6.0,0.027522935779816515
ae7757ed-0534-4d66-aac4-17f9dec1f761,Рязанский район,55.71660265,37.77524165118422,1965.0,101,68,13.0,0.19117647058823528
ae784a01-e34b-4f6e-a166-ffd0fe3b50c4,Савёловский район,55.79420295,37.57551043796584,1972.0,142,92,4.0,0.043478260869565216
ae796592-68ec-48b8-9b0c-dff95a04b8b9,поселение Филимонковское,55.552470549999995,37.33083825603658,2014.0,26,16,6.0,0.375
ae931390-16f2-4d4a-be93-3823186c780a,район Бибирево,55.89909005,37.610086499999994,1979.0,283,127,2.0,0.015748031496062992
ae96de81-2fda-4fc1-b882-d4b62b27390d,район Новогиреево,55.751591250000004,37.80205980000001,1960.0,145,71,11.0,0.15492957746478872
ae9adaf7-c97f-4b60-8a39-c809b6c18f46,Обручевский район,55.6642461,37.521166567564904,2001.0,263,97,12.0,0.12371134020618557
aeaae4cd-0e95-46c4-a982-b51d5f570959,район Ховрино,55.871070700000004,37.48050765265502,2014.0,1360,675,15.0,0.022222222222222223
aeafa3a0-7d0c-461e-bc93-477f5eac8ff7,район Аэропорт,55.80751615,37.514082452180745,1959.0,92,64,10.0,0.15625
aeb01b87-9a1d-40f7-8428-fea821a07edd,район Чертаново Северное,55.62530965,37.6053186754573,1969.0,482,283,65.0,0.22968197879858657
aeb2451d-6d33-4c8f-bf45-bcd50cc73d63,район Беговой,55.7935616,37.5644157,1970.0,130,74,9.0,0.12162162162162163
aeb29f13-7e09-4bde-900b-50350c22eda3,район Сокольники,55.7920405,37.65965355067469,1996.0,271,122,22.0,0.18032786885245902
aeb4e7ee-6378-4ca3-ae99-989139689f7b,район Дорогомилово,55.74228995,37.55101,1971.0,133,96,16.0,0.16666666666666666
aeb7ad70-c4b7-4796-bd14-c8498d4a977c,район Тропарёво-Никулино,55.65558225,37.49070964257167,1968.0,313,143,16.0,0.11188811188811189
aebf8727-8512-441a-ae32-dde7b6ad45cb,Бутырский район,55.81536405,37.58312834302071,1967.0,130,96,37.0,0.3854166666666667
aec0d155-400f-4985-a88e-7cf1f5ae7906,район Марьино,55.662717099999995,37.74714079785812,2001.0,297,143,18.0,0.1258741258741259
aed95a20-ce61-425f-82f4-d3a248405023,Тимирязевский район,55.80977145,37.57569384914854,1967.0,224,126,18.0,0.14285714285714285
aee302fd-6e81-4f64-829c-342cf768a5d6,район Братеево,55.63391035,37.74733608522652,1997.0,455,220,14.0,0.06363636363636363
aee51858-bcb2-42b8-ac28-e52cd85b9f40,район Северное Тушино,55.859341799999996,37.417345660531915,2004.0,549,320,60.0,0.1875
aeee2238-4fdd-4cc6-b06e-776be648f02f,район Южное Тушино,55.8438455,37.45723017746063,1973.0,162,84,11.0,0.13095238095238096
aef166e4-7406-4879-9d46-fc2dadfaa020,район Текстильщики,55.7146934,37.734464601612835,1974.0,254,179,30.0,0.16759776536312848
aef1750b-e7d7-4be8-b98b-364c8d4ba711,район Преображенское,55.8039128,37.729192100144665,1971.0,169,97,21.0,0.21649484536082475
aef933d5-8d66-473e-a6ac-827cee6e60f6,район Преображенское,55.8017785,37.72582608741072,1972.0,575,284,36.0,0.1267605633802817
af0fabcd-7015-4f59-a160-f869aab67648,район Ховрино,55.85894345,37.5002717037496,2003.0,430,272,53.0,0.1948529411764706
af161e6d-c92e-408e-aaab-6ed24af480aa,район Марфино,55.82509655,37.597969314077474,2010.0,256,160,50.0,0.3125
af167992-70d1-4dfd-ad10-4147756a742b,Таганский район,55.742909049999994,37.649174554111454,1953.0,397,166,19.0,0.1144578313253012
af1ab982-1393-4fa3-b884-407e6687d3b4,поселение Филимонковское,55.55103305,37.32600985889648,2013.0,52,25,2.0,0.08
af1f89d3-2ca0-4b74-8f12-5ef0edcd7dcf,район Очаково-Матвеевское,55.70898819999999,37.48603231140253,1970.0,191,98,7.0,0.07142857142857142
af239ddc-8fa2-444b-a05c-81d325010d55,район Черёмушки,55.67483755,37.554933240891565,1963.0,126,72,8.0,0.1111111111111111
af254ada-b2b8-41af-be2c-676aeaf5a7ba,Войковский район,55.8181733,37.48917580744353,1958.0,154,80,15.0,0.1875
af262dfb-878b-49a4-871b-0c5444cdcca3,район Северный,55.93057575,37.54506420856446,2016.0,1522,640,8.0,0.0125
af300382-a4c6-468e-b0db-cf5ebed6b83c,район Хорошёво-Мнёвники,55.78681065,37.49024743123738,1970.0,194,98,13.0,0.1326530612244898
af355563-7862-47a9-9698-69d2a308c920,район Царицыно,55.633139099999994,37.670422528265895,1967.0,169,84,2.0,0.023809523809523808
af52f8b1-3ebf-46a3-9301-9ac9178ea18c,Тверской район,55.7676572,37.59943480719005,1937.0,173,90,26.0,0.28888888888888886
af531731-0f9b-4476-be5e-a611e1b08faf,район Лефортово,55.7575037,37.6884428196409,1959.0,226,107,21.0,0.19626168224299065
af543f34-53a3-4d91-bd76-ecf0cae66191,район Ново-Переделкино,55.64160175,37.348011969278744,1989.0,304,166,42.0,0.25301204819277107
af57bada-9731-4541-a33e-d81a4bea8dd8,район Богородское,55.8084154,37.71045719147415,1969.0,189,84,4.0,0.047619047619047616
af5aff1e-5ac1-40f8-b9c3-0fd169f62a0a,район Орехово-Борисово Южное,55.60897225,37.73469215369268,1978.0,356,187,4.0,0.0213903743315508
af5ee868-805f-4da0-b00c-852a22116758,район Северное Измайлово,55.808451,37.81261061883421,2006.0,623,343,76.0,0.22157434402332363
af5fa1dc-600f-43ef-a1a3-eb54b261c002,район Замоскворечье,55.7381259,37.628622307171185,1968.0,144,108,43.0,0.39814814814814814
af606a19-5b10-46c7-b1e3-ad7fd1ae575a,район Измайлово,55.794909649999994,37.77782377469805,1960.0,76,35,1.0,0.02857142857142857
af61c061-c2c6-4801-9798-855bc9c83b97,Тверской район,55.78568745,37.59584832903339,1985.0,366,161,13.0,0.08074534161490683
af6dcfd0-2462-4586-a86a-ac982e45b61c,район Черёмушки,55.6592667,37.5619387,2012.0,94,680,638.0,0.9382352941176471
af7a6d71-b6af-4864-b53d-99b02a7d2053,район Кунцево,55.7416125,37.42390101435305,2013.0,534,213,11.0,0.051643192488262914
af7f2002-4e99-455f-b8be-1a6be395d98e,район Орехово-Борисово Южное,55.60033755,37.71410303790037,1974.0,677,285,2.0,0.007017543859649123
af80bbfd-f722-456c-b966-92b2e13ac1cf,поселение Московский,55.7468332,37.580412160247604,2008.0,435,283,103.0,0.36395759717314485
af8aea19-b907-4d49-b9ff-a3f8852d7716,район Марьина Роща,55.80160415,37.61102185,1970.0,176,98,11.0,0.11224489795918367
af8bb59a-2cc6-401c-8eab-fc24ec5462f1,район Измайлово,55.7925783,37.783758974702465,1966.0,121,68,5.0,0.07352941176470588
afa25182-b8bd-4f97-a47f-1cf8d5660ac5,Нижегородский район,55.73739785,37.70192166733638,1970.0,143,80,19.0,0.2375
afa3852a-5c9b-44b0-8bd5-bc2a6c3644e0,район Перово,55.7574398,37.75862965,1964.0,99,72,24.0,0.3333333333333333
afa53769-a147-467f-ba11-75f5c30ae2c4,район Щукино,55.7963244,37.49992812636423,1968.0,216,101,7.0,0.06930693069306931
afb4a8f2-ed70-4966-82ab-8157cea6877d,район Хамовники,55.74216665,37.602285916260655,1990.0,45,18,1.0,0.05555555555555555
afb532f2-3dbe-4579-81aa-c6f93c855969,район Щукино,55.799009049999995,37.45953940597282,1959.0,77,39,4.0,0.10256410256410256
afc21c18-bb8e-414e-8ba7-a5b63f7f8dd1,район Гольяново,55.8122637,37.80472209912124,1968.0,603,284,30.0,0.1056338028169014
afcc8acc-80d4-4958-952e-8cc88c1608d9,Басманный район,55.75529135,37.651145883723984,1917.0,151,72,10.0,0.1388888888888889
afea7f54-2ef4-4048-b6d8-1893b458c351,район Строгино,55.7932378,37.3976046036794,2012.0,755,440,102.0,0.2318181818181818
aff80a8b-2c7d-4590-9a53-4de4578e7d11,Мещанский район,55.77738305,37.630865813713584,1970.0,149,125,36.0,0.288
afff7b28-3b28-424a-af25-37cc80d581e5,район Хорошёво-Мнёвники,55.789046299999995,37.461320707590865,1973.0,167,112,19.0,0.16964285714285715
afffdf53-309e-45f6-99cd-aec4a53e1405,Ломоносовский район,55.680740799999995,37.52044847413792,1959.0,212,90,1.0,0.011111111111111112
b0007717-603e-429b-9c81-0eb4b7762473,Обручевский район,55.66788095,37.544014437455175,1966.0,142,80,11.0,0.1375
b00fa7f9-6026-4fec-94a7-0667cb94ba8a,район Замоскворечье,55.7277659,37.63639755,1968.0,195,102,17.0,0.16666666666666666
b0223bcb-3cc9-408a-96a2-45fd3be6a34f,Мещанский район,55.7672273,37.63034115208302,1917.0,15,8,3.0,0.375
b02b132d-3eef-4021-9524-2700348f63d8,Донской район,55.69313445,37.6009521,1970.0,194,84,1.0,0.011904761904761904
b02f806d-465e-4374-b2b5-ff00d821983d,район Южное Бутово,55.537979050000004,37.529686423346234,2000.0,197,96,3.0,0.03125
b0304363-da84-4a53-a898-eeabd992d363,район Левобережный,55.85627335,37.47857929346485,2004.0,250,139,47.0,0.3381294964028777
b03d2ce0-77b0-4dc0-9527-be017286cab3,Войковский район,55.815933799999996,37.506734779715124,1954.0,440,204,43.0,0.2107843137254902
b03fde9c-f6f1-44e8-83fa-e170e5ed02c4,Красносельский район,55.7699802,37.6396973572065,1914.0,17,14,9.0,0.6428571428571429
b042a823-e7d7-4016-9f0e-b7e2bda1957f,район Филёвский Парк,55.74788845,37.515336223637945,1952.0,59,35,1.0,0.02857142857142857
b05846d5-4a06-4eb5-b77c-7974ea21ae7f,район Тропарёво-Никулино,55.6549797,37.489424680837686,1968.0,292,143,26.0,0.18181818181818182
b062a31c-a971-4c8c-b59a-3ad04c82ad08,район Сокольники,55.7940636,37.684738057309644,1958.0,44,16,1.0,0.0625
b063f3da-e547-4294-b7b0-062cc2902531,Хорошёвский район,55.80004175,37.5237798549757,1952.0,286,129,27.0,0.20930232558139536
b06853de-8050-43f9-89dc-7d619f32fc03,Академический район,55.6889205,37.59529225,1959.0,174,80,4.0,0.05
b07013ee-ec60-42b6-ba40-5544a63c3667,район Тёплый Стан,55.633954,37.48686334751244,2013.0,465,312,132.0,0.4230769230769231
b0807eba-72ca-434c-8353-b913a804268b,район Ясенево,55.6003116,37.50933792035914,1998.0,258,138,27.0,0.1956521739130435
b08a1e9c-cd06-4ef3-adfe-c21e4cbe034e,Красносельский район,55.7701874,37.635503800000016,1913.0,56,27,7.0,0.25925925925925924
b0903145-b994-4de7-b07f-dc194c4b4747,поселение Сосенское,55.56754915,37.48730580226926,2014.0,235,332,234.0,0.7048192771084337
b09cb435-193d-4b5f-a1a9-6a281d5fb73a,Тимирязевский район,55.81480175,37.5647466707489,1974.0,140,69,3.0,0.043478260869565216
b09dea2f-03c1-45b5-a2ce-9aee0cdfe473,район Перово,55.75397895,37.7802971,1982.0,222,112,2.0,0.017857142857142856
b0a790be-9e32-430f-9338-0d8ca44a86f5,Ломоносовский район,55.67206695,37.54150032711162,2008.0,335,223,103.0,0.4618834080717489
b0ad1049-7877-4050-b9b6-a5cfe22707c1,Тверской район,55.78825695,37.59717390704135,1914.0,46,20,6.0,0.3
b0afa741-6324-431b-90e9-8904018e3ed2,Таганский район,55.74248205,37.685708810614756,2005.0,561,256,4.0,0.015625
b0b00af9-39b0-42aa-b0af-7dec28d6eb22,район Черёмушки,55.6582614,37.564672772601156,1965.0,155,84,8.0,0.09523809523809523
b0babd5d-512f-4e12-bd19-86e911641986,поселение Сосенское,55.5690927,37.47958301487151,2014.0,512,459,219.0,0.477124183006536
b0bc1eac-2f66-4b7a-b722-8ab0a2b216cc,Пресненский район,55.7679224,37.557370881302724,1999.0,276,152,45.0,0.29605263157894735
b0bf019a-692e-4816-a8ba-17dd2fb12655,район Коптево,55.831375949999995,37.529312899999994,1960.0,184,80,3.0,0.0375
b0ccf10e-64ad-4d7f-a580-9ae843ad082b,район Соколиная Гора,55.7813621,37.7355797,1970.0,186,83,4.0,0.04819277108433735
b0daf56e-fe4e-4cbf-bc00-c30f2bc4bfdb,район Лефортово,55.75717245,37.71529095307331,1986.0,133,80,26.0,0.325
b0df466f-ea35-43ff-80f9-7563eb773cc1,район Вешняки,55.72292315,37.83537217431055,1972.0,202,98,15.0,0.15306122448979592
b0e3e26d-b239-4dd5-8ff2-10ad3084a220,Мещанский район,55.7861028,37.638195207137535,1965.0,135,81,24.0,0.2962962962962963
b0ec2edc-ba7e-48fc-966a-e8e40bba298a,поселение Сосенское,55.5757766,37.47010944604932,2014.0,347,292,150.0,0.5136986301369864
b0f3f594-157c-4608-9b51-057361758188,район Беговой,55.78834535,37.5745055,1963.0,76,40,2.0,0.05
b112497b-6ed8-417f-8615-73c3010dd7cc,район Хамовники,55.720143300000004,37.58277986632138,1957.0,95,48,7.0,0.14583333333333334
b120a7fc-8f25-4d68-a695-89fbf72d28dd,район Строгино,55.797427850000005,37.39344902313407,1997.0,275,136,25.0,0.18382352941176472
b147323d-b1ff-497f-9797-be6f2715cb20,район Косино-Ухтомский,55.714237600000004,37.89342256269845,2004.0,603,308,41.0,0.1331168831168831
b167d0ed-61be-4a89-8ef3-ce1956ba6d6b,Нагорный район,55.64280355,37.61416860021676,1970.0,216,112,19.0,0.16964285714285715
b17c4007-b3fe-47aa-9f43-2e9271d8ba66,Головинский район,55.8604517,37.51307581982016,2001.0,182,87,14.0,0.16091954022988506
b18d9900-ed64-4f6f-bc93-dda682297cb2,район Ховрино,55.8636406,37.48719624137044,1976.0,188,93,21.0,0.22580645161290322
b19317a5-890e-4813-ba91-227e72d6b15a,район Зюзино,55.663367050000005,37.58973640550295,1966.0,118,84,35.0,0.4166666666666667
b1937b60-c022-46a0-b2c2-42bfa8de2d91,Нагорный район,55.6672347,37.61696450082938,1968.0,170,83,9.0,0.10843373493975904
b1955194-99c0-4723-a5ed-b1a172103d9e,район Лефортово,55.75003675,37.71553404428512,1933.0,180,108,24.0,0.2222222222222222
b197bb56-1d97-4a11-a541-328848e0fc73,район Кунцево,55.74084725,37.42581879782557,2011.0,286,131,16.0,0.12213740458015267
b19e96c4-b86e-45ed-9803-6940a1b5522d,район Тропарёво-Никулино,55.6605737,37.48977169317401,1971.0,281,143,17.0,0.11888111888111888
b19f86fd-970c-44f1-bfc7-773a5f84426d,район Южное Тушино,55.8447611,37.40327556329018,1997.0,423,168,12.0,0.07142857142857142
b1a5ea47-5a93-4089-9279-156e5ca71967,район Котловка,55.6769779,37.600460187411066,1957.0,138,86,21.0,0.2441860465116279
b1a7b43e-cd7e-4839-911c-11f9ad088f9c,Бутырский район,55.82580805,37.58221176257979,1968.0,139,81,13.0,0.16049382716049382
b1a89551-41ab-4e52-84fe-d188b2b538ff,район Щукино,55.7955151,37.4952348,1955.0,166,63,1.0,0.015873015873015872
b1c5eff0-7f3b-4d01-9e6f-42bef183b224,Тверской район,55.76558595,37.614695069951416,1917.0,24,12,2.0,0.16666666666666666
b1d496a5-7f51-4188-8bcd-4b6d8922863e,Бабушкинский район,55.877786549999996,37.6626227,1975.0,235,112,7.0,0.0625
b1d7f725-188f-4446-80d6-a18b37c793af,Пресненский район,55.7666626,37.5815041,1997.0,299,113,6.0,0.05309734513274336
b2070d55-b3e7-404e-8218-dbd50f3c6a13,район Фили-Давыдково,55.73205595,37.46714005,2010.0,200,138,59.0,0.427536231884058
b209a6b5-03b7-4e38-8b74-af94a4935728,Ярославский район,55.876238900000004,37.722196747662736,1983.0,357,191,35.0,0.18324607329842932
b212854f-486e-4162-a670-53a4134aefce,Савёловский район,55.79411855,37.571875579704255,1964.0,182,80,3.0,0.0375
b250d714-3852-46c2-86f4-2e5f17a518b6,район Измайлово,55.7971895,37.7756305246233,1960.0,83,64,20.0,0.3125
b2532828-5dd8-40a3-87f0-2b09c8c4a484,район Зюзино,55.65224295,37.573944652676005,1981.0,232,105,4.0,0.0380952380952381
b27838be-8b37-4022-8d8a-38b288065353,район Новогиреево,55.7410831,37.778388118874176,1969.0,163,84,7.0,0.08333333333333333
b27a1f8b-2a7a-4cfe-b450-14cc51767b70,район Замоскворечье,55.726882849999996,37.638363172985805,1958.0,141,69,3.0,0.043478260869565216
b27ee3c7-df5c-4ca4-9870-223125f8e085,Академический район,55.689034,37.57132913159626,1960.0,117,59,7.0,0.11864406779661017
b2811372-21d4-49b7-8db8-a840955cf826,район Люблино,55.6769715,37.75844245968445,2001.0,359,164,25.0,0.1524390243902439
b28512fb-370c-45c5-9361-cb9b6fd1fc14,район Коптево,55.83921665,37.53009822001842,1968.0,229,108,3.0,0.027777777777777776
b286bd83-ffa4-4989-93c5-66889b94d288,поселение Московский,55.5939841,37.365420683775014,2012.0,235,182,92.0,0.5054945054945055
b28f0e7f-c866-4bf8-9671-2ab2e8fb9a71,район Северное Медведково,55.88669945,37.64849897240799,1966.0,144,72,1.0,0.013888888888888888
b29cea0b-7682-4cd8-b698-89ce9f2247ab,район Лианозово,55.89239605,37.577394624922505,1970.0,163,85,3.0,0.03529411764705882
b2a8bcd7-c034-439c-93f3-a3c631b80625,район Солнцево,55.6530532,37.41654615,1969.0,389,288,123.0,0.4270833333333333
b2aac5a0-e1e3-48d7-bbc8-902646452a7c,район Южное Тушино,55.8364271,37.4539747,1966.0,180,84,7.0,0.08333333333333333
b2ab5e2c-48c0-4487-967c-7a60068fcbd8,район Бирюлёво Восточное,55.58150945,37.68632101732847,1983.0,670,355,21.0,0.059154929577464786
b2b139c8-1c14-4f10-b667-0174cad0180f,район Щукино,55.800668849999994,37.485903674083545,1957.0,97,44,1.0,0.022727272727272728
b2be9449-f3cf-4c70-bad7-a4efbd8628ea,район Арбат,55.7489535,37.5945714,1916.0,60,32,11.0,0.34375
b2cf09b1-5055-43d2-a248-ef84e7aae7c5,Тверской район,55.765507400000004,37.59783975503245,1908.0,68,40,17.0,0.425
b2dade00-95e5-42c3-8603-647ef2298b93,Обручевский район,55.662957399999996,37.522402200711866,2006.0,1103,524,77.0,0.14694656488549618
b2e3dc1c-87d1-4680-abcc-c9d23c45e280,район Сокол,55.79457735,37.507522610549486,1953.0,204,81,13.0,0.16049382716049382
b2e96298-5bec-472d-b713-665421e5fed2,район Северное Бутово,55.5643759,37.5813075,2004.0,261,134,17.0,0.12686567164179105
b2eeba0c-9e1e-40f9-b2b5-ed69ac831486,Пресненский район,55.7547875,37.59798801110034,1913.0,19,9,3.0,0.3333333333333333
b2f18b39-0ea6-433f-81d0-f3febd0931a5,район Ховрино,55.87248755,37.494342529645095,1967.0,150,84,9.0,0.10714285714285714
b2f2a701-5541-4a07-a491-bbf0042a1610,Тимирязевский район,55.82191975,37.56013279218259,1965.0,140,84,11.0,0.13095238095238096
b2f5d7da-a3ee-40b6-bad3-57441909dfd2,район Левобережный,55.8622116,37.47982355,1963.0,135,72,9.0,0.125
b2f88c0f-c2e4-45c3-b4a5-6dbc6399da50,Войковский район,55.82283835,37.5106541211979,2000.0,1051,399,45.0,0.11278195488721804
b2f8cf01-e961-45d8-925b-37a351bc1bec,район Коптево,55.837504800000005,37.524619999999985,2003.0,190,105,25.0,0.23809523809523808
b303e256-6c23-42d2-b325-895c3b057691,поселение Московский,55.8607912,37.66928658427176,2010.0,553,383,164.0,0.4281984334203655
b3174cd1-0060-4e98-b0c2-c9a4bf6a91a9,район Орехово-Борисово Южное,55.60918065,37.731054414734295,1983.0,360,197,12.0,0.06091370558375635
b3295437-036a-4e85-924a-d2f97374badb,район Соколиная Гора,55.7784068,37.72330302533666,1971.0,139,80,7.0,0.0875
b32cfc24-0dc9-4373-b73c-1f52935d0593,район Печатники,55.68902785,37.72480845,1969.0,171,84,11.0,0.13095238095238096
b32ee6dc-5f02-4bec-ba2e-a2de8ab61e5d,Таганский район,55.7408108,37.64808255104749,1973.0,692,375,37.0,0.09866666666666667
b3352adc-bba6-4001-bd7f-ea2e3554c2fd,район Зябликово,55.6114226,37.7203824,1984.0,340,226,22.0,0.09734513274336283
b335949b-e334-40ed-84ad-eb23dd90f254,Хорошёвский район,55.77617465,37.53883089435882,1973.0,109,63,16.0,0.25396825396825395
b33d2a7d-c8d8-42b6-89e3-a9faf592524f,Басманный район,55.7610152,37.64815077164793,1904.0,13,9,6.0,0.6666666666666666
b33f629b-7533-4755-84ff-96b2134b2c7c,район Соколиная Гора,55.775591899999995,37.72393427612057,1965.0,114,68,16.0,0.23529411764705882
b352def2-0927-4aaa-bc9b-d15efbc73e49,городской округ Щербинка,55.6453037,37.399501705291264,1954.0,118,63,12.0,0.19047619047619047
b36430f7-a40b-45b4-b587-51e93be85b31,Ломоносовский район,55.67961075,37.51422039136479,1960.0,98,62,15.0,0.24193548387096775
b36d6279-3a47-497a-9485-c5244d9b8261,район Чертаново Центральное,55.607156950000004,37.59931065000001,1972.0,586,241,14.0,0.058091286307053944
b3828ef2-672c-4180-af71-ab3aa895ab60,Нагорный район,55.6428144,37.6062401,1976.0,215,107,1.0,0.009345794392523364
b3856d61-95b1-428f-a8b1-b13b50abdfb7,Тимирязевский район,55.8107856,37.56009174938008,1981.0,170,83,5.0,0.060240963855421686
b38ed20a-ce9a-4a07-b07e-02e864ef4ac2,район Коптево,55.82060745,37.5276060768056,1963.0,187,100,14.0,0.14
b3909511-30ef-48da-b89d-ec8247e41869,район Лефортово,55.7675278,37.7055549,2016.0,497,399,182.0,0.45614035087719296
b3927bd9-e456-4081-bc33-62631edfda91,район Очаково-Матвеевское,55.508215,37.2200714,2018.0,113,78,32.0,0.41025641025641024
b39af7d0-fe67-458f-aeeb-6e3b108bf9ae,район Сокольники,55.7955772,37.69361444051239,1985.0,97,41,1.0,0.024390243902439025
b39cf803-5d0b-456d-813a-ab96dfcaef54,Бескудниковский район,55.870683150000005,37.55601636963496,2006.0,321,161,12.0,0.07453416149068323
b3a03c28-ba7e-40a6-a708-c2bf0df8071b,район Зюзино,55.65410595,37.58089549219484,1964.0,116,72,22.0,0.3055555555555556
b3a33de8-871c-40b5-89fe-a25eb03565ac,Южнопортовый район,55.7248797,37.666322550000004,1974.0,258,178,16.0,0.0898876404494382
b3a9db7e-c61b-435d-8c22-ddc7f97d6921,район Гольяново,55.80818865,37.76964152511299,1965.0,151,96,19.0,0.19791666666666666
b3ac52e4-83a9-4387-964b-db0e7bd0a4ea,Алексеевский район,55.820798100000005,37.65446320087537,1960.0,339,158,8.0,0.05063291139240506
b3aea4f8-9c7d-4cce-a99b-5340c258cb59,район Хамовники,55.7250254,37.580165926976036,1962.0,84,68,28.0,0.4117647058823529
b3b5d8ce-5624-4966-84d7-3d453c47b0d1,поселение Сосенское,55.569461849999996,37.4936145471964,2015.0,37,284,272.0,0.9577464788732394
b3cc590a-7c89-46c0-aad4-a327e3179925,район Зюзино,55.657958300000004,37.6020722,2005.0,445,251,74.0,0.2948207171314741
b3deb932-2dd1-4218-8255-d172c7a9aa29,Басманный район,55.77611945,37.69791422495278,1964.0,131,60,3.0,0.05
b3e6f326-9471-410c-86fe-3dd3041868a9,район Измайлово,55.78921895,37.788162549999996,1950.0,67,29,2.0,0.06896551724137931
b3ec9564-69d2-45d6-b112-11952487d031,Басманный район,55.7567977,37.653914162441744,1958.0,268,104,1.0,0.009615384615384616
b3ee99a5-febb-4984-a430-93a5195e459c,район Нагатинский Затон,55.67766245,37.68023075,1971.0,179,84,4.0,0.047619047619047616
b3ef4611-a7c9-4a61-99d1-f428dfcb2ee1,Академический район,55.67734965,37.571566417930924,2005.0,286,215,99.0,0.4604651162790698
b3ef91ae-e21e-49fc-a3bf-cf0eeaa28d64,Пресненский район,55.75918455,37.560519299999996,1890.0,40,20,6.0,0.3
b3f4bd0f-d7f8-477d-ae9f-c5c561b3d8c1,Рязанский район,55.72033285,37.796072981782785,1967.0,157,98,26.0,0.2653061224489796
b4014534-46bc-4368-8046-8c41e58a9df9,район Новокосино,55.74259295,37.86341667298473,1990.0,392,195,14.0,0.07179487179487179
b402f6b6-228b-4dcc-ae69-e10c93ddeb54,Бескудниковский район,55.863257399999995,37.56166627198795,1964.0,119,72,11.0,0.1527777777777778
b40dd312-a558-4f8b-9e3d-a9b24d822742,район Аэропорт,55.808253,37.53279725343246,1959.0,118,60,6.0,0.1
b40e1273-ecda-4ee2-b515-01a984e4fadb,Тимирязевский район,55.8170726,37.5693901,1973.0,270,130,17.0,0.13076923076923078
b4103deb-33f8-4e59-9294-7a5468082981,район Кунцево,55.743182,37.43140235890117,2000.0,927,338,31.0,0.09171597633136094
b410ce83-0a5e-4eac-b8e2-fce4f110af5b,район Коптево,55.8424483,37.54808260676941,1967.0,156,81,2.0,0.024691358024691357
b4160960-c0c9-47d7-a232-7a2c09238b14,район Фили-Давыдково,55.7305796,37.46662222875796,2005.0,218,184,87.0,0.47282608695652173
b42accbb-6112-4122-9372-f1f935f8ea1e,поселение Сосенское,55.5428934,37.4917742,2015.0,79,96,60.0,0.625
b42bce71-5b4d-4b68-b2b2-1fb841ec6905,Головинский район,55.8427482,37.493003333308536,1968.0,133,96,29.0,0.3020833333333333
b42fa276-6a2c-4d78-a379-91a79ecaf15a,Пресненский район,55.7629004,37.59625912155894,1867.0,89,44,7.0,0.1590909090909091
b431393a-3fb5-4211-828f-96c519592477,район Коптево,55.81727545,37.53021839684068,1965.0,267,144,3.0,0.020833333333333332
b433dc7e-c04f-47e7-8e26-11d2f1a1b3ff,Алексеевский район,55.8139842,37.63924344930133,1934.0,24,11,1.0,0.09090909090909091
b43439c0-9167-465d-b234-829e1d2540fd,Тверской район,55.7643039,37.6081951,1917.0,81,34,6.0,0.17647058823529413
b44178f9-3f7c-4148-b74d-a32abb2ec288,Тимирязевский район,55.824791399999995,37.56689770067482,1966.0,161,96,16.0,0.16666666666666666
b445623c-2b73-42d4-b0f5-a43abffe8fd4,район Северное Измайлово,55.8101267,37.8285474,1966.0,162,92,11.0,0.11956521739130435
b4481fdf-5690-4a2b-b086-29cdd0a6d52d,Тверской район,55.7714783,37.612849963565026,1917.0,12,7,3.0,0.42857142857142855
b451ee70-d083-4460-bede-9cb589eed8d1,поселение Филимонковское,55.55213095,37.328008823915354,2013.0,25,18,8.0,0.4444444444444444
b4538f01-8fcf-420e-b4c1-fd6a3c140b84,район Царицыно,55.62413705,37.654542751434974,1972.0,160,84,12.0,0.14285714285714285
b4660472-3afa-473b-9b13-1446a26c5aef,район Аэропорт,55.79893485,37.54239425610629,1963.0,134,96,37.0,0.3854166666666667
b46bc03b-00af-441e-a27a-014000ca3d63,район Кунцево,55.73697995,37.409673749999996,1960.0,158,73,3.0,0.0410958904109589
b46c7bca-d60b-4930-a1d1-cd0251e1d2e9,Даниловский район,55.7084217,37.61306565098556,1973.0,181,98,8.0,0.08163265306122448
b4719bb0-7f3f-4100-9d19-7f68261a4cbf,район Сокольники,55.78852275,37.670188564790834,1965.0,138,107,36.0,0.3364485981308411
b4798c6d-3984-468e-bc12-6b1fb075c46f,район Хамовники,55.7479146,37.60930904077919,1886.0,24,24,16.0,0.6666666666666666
b47f5de7-935c-4870-9ab3-ceb56edd16d4,район Нагатинский Затон,55.68112755,37.694711350646855,2016.0,366,216,44.0,0.2037037037037037
b48064db-3365-4366-bdb8-a6478be73c93,Гагаринский район,55.70719125,37.57746043326571,1960.0,1037,478,18.0,0.03765690376569038
b4858e69-201b-48a1-94fb-8211256f5861,Пресненский район,55.76484135,37.5800515600423,1971.0,326,160,4.0,0.025
b486ee8d-eb6b-4845-8423-928b8347f3fc,район Хорошёво-Мнёвники,55.77790745,37.49779029459893,1958.0,123,60,10.0,0.16666666666666666
b48b34b8-5991-410f-892b-b08677ebabcc,Хорошёвский район,55.783134149999995,37.513443631602215,1955.0,170,69,8.0,0.11594202898550725
b48caf24-2975-44f6-8e11-ef187faa4d01,район Якиманка,55.72496985,37.606457300274386,1942.0,219,100,32.0,0.32
b49e492f-18e7-4e72-9167-c035f42d5e8e,район Северное Тушино,55.8500431,37.42202913405782,1971.0,297,168,14.0,0.08333333333333333
b4a75bd7-557a-499e-a79d-37eec62df4b7,район Северное Измайлово,55.803496949999996,37.806548471410906,1962.0,128,83,27.0,0.3253012048192771
b4b0323e-d8a8-40f0-a950-4265ab83a1c0,Академический район,55.693080699999996,37.569666545013135,1958.0,166,80,7.0,0.0875
b4b0ce5e-20ef-458d-ab19-d1cf3efe8dad,Тимирязевский район,55.8439472,37.56655379042637,1970.0,162,84,13.0,0.15476190476190477
b4bda654-12ea-4d1b-a0bf-f066144ec57c,район Хамовники,55.72191675,37.57786460625,1959.0,192,84,10.0,0.11904761904761904
b4d300df-c815-47d9-b9e6-0c3241af53c5,район Чертаново Южное,55.5934097,37.599365250000005,2012.0,238,144,49.0,0.3402777777777778
b4d50c48-0511-42dc-b2f1-ba6b0498d92a,район Якиманка,55.72808955,37.617611068581894,1957.0,115,61,9.0,0.14754098360655737
b4dc690d-d425-4a0b-a572-8a9a74d1f21b,район Крылатское,55.7589063,37.41246892894546,1985.0,289,135,4.0,0.02962962962962963
b4ebf69f-074c-4f4e-bb43-fe38846ebc08,район Щукино,55.804936049999995,37.45368813964761,1962.0,112,60,3.0,0.05
b4eda5a8-21e8-4788-aa49-8ecf384c49fd,район Кунцево,55.7357745,37.43281673616444,2012.0,1408,698,260.0,0.37249283667621774
b4f0ad76-2112-4927-9856-6aa6d2160d16,район Коньково,55.64168975,37.53702195830053,1970.0,248,108,5.0,0.046296296296296294
b4f6bb79-1318-44e7-9fbf-6503e1e654fd,поселение Сосенское,55.547959399999996,37.4957988052511,2015.0,80,86,49.0,0.5697674418604651
b4fa093a-4b59-4f42-8c4e-25a0c7f7ea0b,район Раменки,55.68474245,37.54751308106472,1964.0,431,280,99.0,0.3535714285714286
b4fc7e34-73f6-4a72-8e44-5527fb1e0a9f,район Филёвский Парк,55.7368616,37.49954542918421,1970.0,140,80,13.0,0.1625
b4fd610d-0107-4906-813e-0e48a18b8fc2,район Кунцево,55.73532095,37.41233148747941,2008.0,672,320,31.0,0.096875
b4fde955-2aa7-4f3f-92a4-02ee8091e990,район Ново-Переделкино,55.64959625,37.343527775,2010.0,994,480,19.0,0.03958333333333333
b500a628-c7b4-45ab-b506-3a7d3afd536b,Красносельский район,55.7688912,37.638088786479315,1927.0,155,65,5.0,0.07692307692307693
b5049e61-692e-4cc2-a696-0ebbfc87fabc,район Богородское,55.8190958,37.7151590953951,1968.0,142,80,20.0,0.25
b504c416-e874-4c6b-b311-d7322e5d4e28,район Арбат,55.75661504999999,37.587126986643966,1950.0,55,24,6.0,0.25
b50dbb8a-c697-48a6-b07e-88aca5b02ba4,район Богородское,55.8084879,37.715112518811004,1965.0,272,138,9.0,0.06521739130434782
b5130055-ae6a-41df-b8e0-06330a432ab8,район Зюзино,55.6549355,37.5743617,2001.0,375,167,24.5,0.1437125748502994
b53a7663-d2f2-42c1-8363-bbf2df5791eb,Обручевский район,55.66152045,37.52001205083547,1981.0,201,127,41.0,0.3228346456692913
b53d0581-c901-4b2a-932d-9400fb0c18bf,район Котловка,55.66661015,37.58508836702268,2009.0,555,310,78.0,0.25161290322580643
b544b68f-7b31-4008-83ec-1920eb2b813d,Таганский район,55.74650295,37.65977913949254,1900.0,75,32,3.0,0.09375
b5459a94-1f4d-4bc1-aa67-3abe35c05d2f,Тверской район,55.76928445,37.61709610196714,1917.0,13,6,2.0,0.3333333333333333
b545b708-9c6e-42e5-82b1-aee1b3d5505b,Академический район,55.6833198,37.58864548141373,1970.0,171,98,9.0,0.09183673469387756
b54ec1fe-bf13-42f4-8f13-914249d3b166,Нагорный район,55.64933265,37.60961322515065,1970.0,207,112,9.0,0.08035714285714286
b551d347-58f6-4faa-bebc-c8307de2c54a,район Сокольники,55.795599800000005,37.69629163192616,1999.0,154,66,12.0,0.18181818181818182
b555bd0a-64eb-477d-a51b-798bcb710d31,поселение Филимонковское,55.55203085,37.32734478695478,2013.0,31,18,5.0,0.2777777777777778
b5615a60-e0fb-4741-83a5-c4aedad5ffce,район Новогиреево,55.74478855,37.784040065832485,1971.0,163,96,20.0,0.20833333333333334
b56b6d76-0ec0-4195-9cab-88dcf1ea9400,Басманный район,55.77445815,37.69610323826299,1999.0,254,118,17.0,0.1440677966101695
b577b9c0-8680-4627-8f5e-25d3160fad98,район Беговой,55.7796695,37.579874224492144,1940.0,188,79,13.0,0.16455696202531644
b58743c0-6ba5-4d82-828a-77568e3b12e0,Красносельский район,55.7716232,37.6495463,1954.0,180,91,32.0,0.3516483516483517
b589a8a2-8aa2-4f31-9b5c-b665fe4a9200,район Зюзино,55.66095795,37.60122165,1962.0,159,80,6.0,0.075
b58cdd10-23c7-4430-b094-3a26f2afc245,район Нагатинский Затон,55.68578785,37.685996594300946,1971.0,683,299,27.0,0.0903010033444816
b58e0520-bbca-4806-b754-8b687372f254,Бабушкинский район,55.8589367,37.66151333250545,1967.0,108,72,20.0,0.2777777777777778
b5a4ae7d-4d6b-4a02-8b1d-9e3ad27bcb0e,поселение Московский,55.73471455,37.62164784051862,1969.0,105,59,8.0,0.13559322033898305
b5b7d233-d266-4b5b-952f-7156ce2a31e7,поселение Московский,55.6539475,37.6331928,2008.0,361,229,66.0,0.28820960698689957
b5beb9c2-caf1-4185-986a-f7f89a310f05,район Замоскворечье,55.72116925,37.621746386153774,1959.0,192,119,30.0,0.25210084033613445
b5c66c65-68c9-4416-aaf4-553ee9022b9a,Таганский район,55.7372105,37.65129040239545,1948.0,219,126,42.0,0.3333333333333333
b5c76685-f484-4bf0-9187-3fbc65950fee,район Соколиная Гора,55.7797112,37.7230619,1961.0,204,112,6.0,0.05357142857142857
b5d28a1d-9647-4f11-9443-3e8a481d2012,район Северное Бутово,55.564953450000004,37.57977666047028,2003.0,140,255,198.0,0.7764705882352941
b5de9f02-e9fc-4c56-8dd2-03e44417c293,Мещанский район,55.767897399999995,37.63001600925487,1917.0,84,35,8.0,0.22857142857142856
b5e116fd-4aba-41d3-92af-44c8cdec3e01,район Беговой,55.78401635,37.57240770225739,1940.0,593,266,63.0,0.23684210526315788
b5e1ab61-d6be-4938-91e7-50491636609b,район Соколиная Гора,55.764092149999996,37.7311846838865,2009.0,117,60,21.0,0.35
b6053bb2-5e4a-4d52-9e2f-1fe6db28a566,городской округ Троицк,55.76986355,37.656475026821255,1970.0,155,96,8.0,0.08333333333333333
b60d3ad8-588d-465f-a159-ba1be8df01d4,поселение Филимонковское,55.5504879,37.32984469135954,2013.0,52,25,5.0,0.2
b60f089c-d7be-4750-936a-24faf9bd3876,район Ховрино,55.86333635,37.49868160258179,1969.0,332,155,17.0,0.10967741935483871
b62c7b8a-e9f7-48cb-9b5d-e0821e11c468,район Вешняки,55.72185815,37.83482435,1972.0,173,98,11.0,0.11224489795918367
b6303932-2ac7-45e0-918f-8469b1bd5d49,район Бирюлёво Восточное,55.58380755,37.6969525,2004.0,180,438,364.0,0.8310502283105022
b639aaa4-a8ca-40b6-bb67-e19e6ea9eab1,район Хамовники,55.7440488,37.59146595705943,1912.0,45,20,3.0,0.15
b63d8193-4bc8-4979-8ed1-a57dfdf676de,район Строгино,55.800896699999996,37.4010458492228,1980.0,177,95,6.0,0.06315789473684211
b6429e35-d1ba-49f3-bcf9-f9d07892ebb4,район Хорошёво-Мнёвники,55.77431045,37.4920136501545,1969.0,163,84,4.0,0.047619047619047616
b64b64ea-38ff-43df-a847-4341592c6331,район Северное Бутово,55.568181100000004,37.58323811335137,1990.0,250,135,34.0,0.2518518518518518
b658405b-8df5-43f2-a2d0-d05bdc90e366,район Капотня,55.63187365,37.79862717451896,1980.0,167,189,118.0,0.6243386243386243
b6634c00-2966-4c44-ab2b-5f855a75d0af,район Лефортово,55.770292,37.71476511071826,1973.0,184,94,3.0,0.031914893617021274
b6636be1-a0c3-40ae-b872-d5d6293db35e,район Гольяново,55.81265155,37.78750014345162,2013.0,604,301,57.0,0.1893687707641196
b67ee6cf-e2af-4f28-9ab3-ca237ca66c9c,район Перово,55.73963565,37.77066437735097,1968.0,138,81,14.0,0.1728395061728395
b696802e-4690-4cc7-8017-421d87e1cc1e,район Северное Тушино,55.84939685,37.42170813849901,1971.0,339,178,7.0,0.03932584269662921
b69da181-bb3b-4044-9718-3eb5691878fd,район Нагатино-Садовники,55.670136,37.64781090759085,1981.0,241,120,12.0,0.1
b69ee6dc-df44-4466-9f38-1c55f43b7f08,Молжаниновский район,55.947242349999996,37.3447558578369,2012.0,1221,636,117.0,0.18396226415094338
b69f41d7-7d59-4c70-842d-94453cd95d98,район Косино-Ухтомский,55.71299835,37.88676851219732,2005.0,857,396,53.0,0.13383838383838384
b6a65e4a-da8f-4b55-9162-925f14318d71,городской округ Троицк,55.4954219,37.32521138368879,2012.0,21,9,1.0,0.1111111111111111
b6a6cbea-e0a1-4c97-9be6-f84a6bc3332c,Донской район,55.71990495,37.60605723357719,1962.0,131,84,21.0,0.25
b6acddb1-084b-4274-a553-5155f3c18208,район Гольяново,55.81190915,37.813681,1970.0,671,336,46.0,0.13690476190476192
b6b6742c-652b-4581-bf20-27d563e925f3,район Северное Тушино,55.86067465,37.42845390081956,1999.0,85,36,6.0,0.16666666666666666
b6b746b8-c9c3-4154-bf36-b94f003d389d,район Левобережный,55.85712615,37.47957151132606,1965.0,118,84,37.0,0.44047619047619047
b6b7e42d-43bf-4e08-bc12-e4329e23987c,Алексеевский район,55.808643700000005,37.6393230602905,1965.0,287,142,11.0,0.07746478873239436
b6c3265c-633e-4f7d-9adb-3c04d87d9e4c,Нагорный район,55.65854685,37.61416472546453,1979.0,349,187,8.0,0.0427807486631016
b6c807b9-8def-4d42-bd5b-1c887b80cb9d,Таганский район,55.7325883,37.675171550909084,1965.0,164,106,36.0,0.33962264150943394
b6d41aca-95e3-44d0-97b3-4f953dcfc214,район Измайлово,55.7936731,37.779980873146954,1969.0,284,167,24.0,0.1437125748502994
b6d6e331-b3e2-45a4-b2b4-0a99b175fd88,поселение Сосенское,55.5505833,37.49685222851848,2016.0,99,66,22.0,0.3333333333333333
b6d9d5e0-5377-4a6c-83f5-421c1b16c12c,Алтуфьевский район,55.8796004,37.572696199999996,1968.0,152,84,18.0,0.21428571428571427
b6e3c17f-cc1d-4de9-9151-cb4ea4e472d7,Бескудниковский район,55.869385699999995,37.54989554076958,2013.0,368,169,1.0,0.005917159763313609
b6f34236-69a0-463c-a82a-6ac2b937082a,Лосиноостровский район,55.8679097,37.6786568479627,1971.0,146,80,19.0,0.2375
b6f37ee1-c19a-44db-949d-c2f41d8464f8,район Хамовники,55.7417357,37.5743081,1939.0,584,288,54.0,0.1875
b6fe211e-93b4-4a42-852f-3a34b5d596df,район Сокольники,55.78702185,37.67577619829679,1971.0,456,239,42.0,0.17573221757322174
b70bf851-1333-4ea0-b5dd-ef808772f5fb,Бутырский район,55.8299037,37.5787239,1997.0,283,134,27.0,0.20149253731343283
b7177451-7ad4-4c94-a407-ba769add6be7,район Коптево,55.838109349999996,37.53445435027639,1972.0,192,109,23.0,0.21100917431192662
b7204a1a-bece-4b13-bd2c-d1addcc93574,район Зюзино,55.647136700000004,37.57658957720284,1965.0,164,84,13.0,0.15476190476190477
b7322145-677d-4439-9ca9-713b7fc98b9e,район Замоскворечье,55.73091545,37.63034043707615,1957.0,526,269,47.0,0.17472118959107807
b73b4875-25cc-46b8-b0e7-80d3e8420121,район Новогиреево,55.74736645,37.818085928794176,1967.0,130,83,30.0,0.3614457831325301
b753c8d9-aaa0-470e-af2d-0653cd01658b,район Коньково,55.640187600000004,37.51479448532819,1984.0,280,127,2.0,0.015748031496062992
b755de05-c106-4214-98b7-655d0e907c4f,район Москворечье-Сабурово,55.64692965,37.6576607472972,2002.0,845,431,96.0,0.22273781902552203
b7566658-8982-47e0-a7b3-e1db72ec3918,Ломоносовский район,55.67703985,37.53938418778509,2006.0,981,486,78.0,0.16049382716049382
b7580b67-069f-4c89-b1d9-fb94bffa385d,район Люблино,55.674610599999994,37.7586554537042,1971.0,90,48,1.0,0.020833333333333332
b758546a-5fbe-4eb9-8216-33e63488d265,район Раменки,55.7284734,37.534978862874866,1967.0,259,107,1.0,0.009345794392523364
b76be9f4-2952-4b35-a788-af913753a546,район Якиманка,55.720841699999994,37.61701489789104,1967.0,149,84,13.0,0.15476190476190477
b76f3714-47ae-4fc5-befd-2aa978291f63,район Сокол,55.8104243,37.49073542932432,1962.0,118,68,14.0,0.20588235294117646
b771dec3-19a2-4ad3-8d20-46365736f95a,Хорошёвский район,55.7802107,37.533004414733554,2001.0,1057,587,193.0,0.3287904599659284
b77315cf-3f27-492d-940c-71f61b318803,район Ново-Переделкино,55.65109705,37.34357423659788,2009.0,433,180,6.0,0.03333333333333333
b7780a64-ee13-4901-81c3-c30cab201474,городской округ Щербинка,55.504438199999996,37.5568281177614,2004.0,254,117,11.0,0.09401709401709402
b77abe7a-9681-4093-a600-55aacadbd087,район Южное Бутово,55.5042608,37.594776595945945,2009.0,342,208,68.0,0.3269230769230769
b77cdb58-19e6-4bd3-9fd5-522abc2d4c59,городской округ Троицк,55.4696348,37.29958424190521,1974.0,332,143,14.0,0.0979020979020979
b78a8651-fc66-4463-921f-96dbadbf2ef7,поселение Филимонковское,55.55146555,37.32592406778165,2013.0,41,26,8.5,0.3076923076923077
b78df0b3-efac-4279-8e2e-cb9d4d3bd3fa,район Чертаново Центральное,55.60761625,37.596270709287694,1972.0,608,255,18.0,0.07058823529411765
b7933a7b-49d6-4f1f-8572-1e48b63630d7,Донской район,55.69126145,37.6089487915488,1966.0,125,72,13.0,0.18055555555555555
b7a3c1b2-d386-4e9b-b79f-454f276cdfda,Останкинский район,55.8029903,37.6315682,1960.0,352,144,9.0,0.0625
b7a4490b-477e-4074-b8ef-d23d27ac1228,Пресненский район,55.75642765,37.595972553140655,1900.0,43,18,2.0,0.1111111111111111
b7ab158d-db69-4b13-bfa8-9580406f52e6,район Тёплый Стан,55.6342612,37.5088971272786,1973.0,268,142,22.0,0.15492957746478872
b7b361e5-f739-42e3-94cf-8f2378aef19a,Рязанский район,55.72019435,37.78941572677254,1969.0,161,92,1.0,0.010869565217391304
b7b81458-e5fe-4056-a0bc-09a7ea9b88ec,район Филёвский Парк,55.7405202,37.497994343422775,1963.0,198,112,14.0,0.125
b7bc5031-3302-48d3-a2a8-9f5a0ca192ad,район Кунцево,55.73983215,37.424942318935166,1964.0,89,72,33.0,0.4583333333333333
b7c4b18d-7899-4b76-af47-7cd8b0f9dc81,район Царицыно,55.63238845,37.661895149638966,1973.0,187,119,36.0,0.3025210084033613
b7d35fd3-312c-4b6c-9cfe-e418a1a72971,район Соколиная Гора,55.780575,37.73417605,1969.0,315,178,36.0,0.20224719101123595
b7d3ecae-3211-435c-8c9f-9611cbc03d18,район Котловка,55.66859995,37.59339087288797,1962.0,139,72,1.0,0.013888888888888888
b7f2d927-c622-4d72-88ed-c31a6f562b30,район Хамовники,55.7468229,37.591527507080094,1931.0,31,23,12.0,0.5217391304347826
b7f4dd6b-5667-44c5-817b-7078c4f29649,район Нагатино-Садовники,55.6771488,37.654231979093765,1968.0,238,208,20.0,0.09615384615384616
b7f54133-5d76-4110-9eb8-2b1c74eb558e,район Ростокино,55.831848300000004,37.65147557509991,1966.0,111,64,7.0,0.109375
b809203d-5de3-4935-bd83-4a6512a3aa7e,район Орехово-Борисово Северное,55.61309985,37.755179937745,2007.0,284,174,62.0,0.3563218390804598
b80c3aa8-709e-4bcf-ba34-250ebeb0b10a,Ярославский район,55.8774976,37.71781555,1970.0,209,98,11.0,0.11224489795918367
b81aa1e6-0318-4b92-895e-acc931ef4e4a,район Филёвский Парк,55.76378875,37.481097444930946,1982.0,246,127,2.0,0.015748031496062992
b836078e-a874-4e45-8b77-ccfbc4fa2792,район Измайлово,55.8004908,37.79965425099874,1958.0,129,60,6.0,0.1
b83cd7bf-d9db-4bee-ba6c-b4856fd6f8e9,Войковский район,55.819153,37.492858270896505,1962.0,130,60,5.0,0.08333333333333333
b84a181c-ac45-45f0-9929-62a10371b645,Басманный район,55.7549726,37.6579417,1952.0,196,91,17.0,0.18681318681318682
b84a2f61-b361-441e-8da6-cbc9d33f9010,район Нагатино-Садовники,55.6801852,37.63293574458073,2020.0,70,82,56.0,0.6829268292682927
b862f666-5b94-4651-9ea3-41d9cb083f46,район Северное Измайлово,55.805793449999996,37.7934280663546,1958.0,158,80,1.0,0.0125
b864e6e3-7e3d-4642-923b-0f5a037cbe70,Басманный район,55.7584181,37.6571865,1941.0,128,51,9.0,0.17647058823529413
b8708695-6589-4966-881b-0c26348585bd,Рязанский район,55.712040099999996,37.7932591,1988.0,165,100,35.0,0.35
b87a960e-c28c-455e-9819-20a964f5a7a9,район Измайлово,55.8017878,37.7840024,1960.0,170,80,11.0,0.1375
b87b622a-63ca-44c9-8246-8413538af785,район Северное Тушино,55.8547608,37.41223265,1968.0,180,96,3.0,0.03125
b87ecaf3-0172-47cf-a53c-583fdf94c514,район Марфино,55.82249655,37.60229540886796,1965.0,128,71,12.0,0.16901408450704225
b882fa49-42ee-483f-bc5a-e4d581341d99,район Гольяново,55.8254279,37.815408283501945,1970.0,464,215,25.0,0.11627906976744186
b883e0a4-7d9f-4c1b-8018-4a6a854413e6,район Черёмушки,55.66808665,37.56966535,1961.0,109,72,19.0,0.2638888888888889
b8900392-a361-4754-8a0a-ba31ebad8717,Басманный район,55.759322749999995,37.64357379706617,1908.0,60,24,3.0,0.125
b8914499-6cb6-47c7-bfa3-dad69c788b1b,район Ростокино,55.8370919,37.65971024524879,1965.0,127,68,2.0,0.029411764705882353
b894fde8-4ebe-4327-b350-b2e508e1332e,Даниловский район,55.70483835,37.658521456943234,1954.0,102,40,4.0,0.1
b8a2e0b5-5996-4e0a-91fe-af27fe9498e2,район Арбат,55.749772300000004,37.5987810263473,1905.0,41,32,18.0,0.5625
b8a8c7e0-f044-4596-a9ca-59064f56efb4,Рязанский район,55.70822445,37.79033151130312,1972.0,128,80,15.0,0.1875
b8a98e14-31b7-444b-af5a-1a5ef1f82073,Тимирязевский район,55.833519100000004,37.570793602843004,1969.0,522,215,1.0,0.004651162790697674
b8b0ff34-0349-4ace-a310-c656dbc642a6,район Текстильщики,55.7182844,37.74012915,1969.0,153,84,8.0,0.09523809523809523
b8b8ee08-1b3c-419f-aeac-19025eb87f83,Головинский район,55.8455202,37.49944,1970.0,149,81,6.0,0.07407407407407407
b8c84f89-7d53-4e24-be8a-5dcefda97b97,поселение Филимонковское,55.5319217,37.2378563,2011.0,17,16,9.0,0.5625
b8cb6395-ba37-401f-8d40-061b5e66183b,район Зюзино,55.65967645,37.60507475,1996.0,327,185,58.0,0.31351351351351353
b8cf1186-632d-4485-9a91-0a345769df82,Молжаниновский район,55.92325635,37.38495851870158,1959.0,31,16,3.0,0.1875
b8d3ccac-efa3-4eef-a8e5-e6e94f06288d,район Сокол,55.7952338,37.51537892550141,1951.0,138,68,15.0,0.22058823529411764
b8d65289-5bb1-4378-8d8e-0e8ad5c25fae,район Черёмушки,55.6796873,37.55669829562138,2011.0,274,131,22.0,0.16793893129770993
b8d9878d-b893-453b-a295-b504ba5aca76,Тверской район,55.7720092,37.59358193718373,1940.0,309,168,71.0,0.4226190476190476
b8de683e-0714-47b8-8d8f-79380b89385d,Нижегородский район,55.733186450000005,37.716300293961126,1963.0,117,70,14.0,0.2
b8df511f-8432-462b-9d60-1fe2bfab6d9e,район Филёвский Парк,55.74148755,37.49608846668333,1956.0,277,120,25.0,0.20833333333333334
b8ec0848-2b9b-49dd-9f0d-8829fbdbfa0f,Таганский район,55.737696650000004,37.65010609602425,1900.0,19,11,3.0,0.2727272727272727
b91f010f-9e28-4572-82eb-1c311c07c412,Рязанский район,55.7157292,37.75389152806908,2006.0,368,264,125.0,0.4734848484848485
b92602ad-f3b2-44f0-ae4a-1653e817ad59,Тверской район,55.78609295,37.599865960304044,1928.0,78,40,8.0,0.2
b9277be4-124c-4d84-8acf-9cb20e532767,Таганский район,55.75181425,37.64319795,1926.0,57,30,9.0,0.3
b929c826-db03-4eae-957a-45174dc8005a,район Хамовники,55.7368334,37.57402621785338,2009.0,20,15,8.0,0.5333333333333333
b93c4e55-8aa0-49a8-9239-1c2003100cb5,район Проспект Вернадского,55.67300135,37.51751049776715,1967.0,876,480,60.0,0.125
b93f9e2a-9232-4d98-a212-ccdb9e56dd78,район Черёмушки,55.6730478,37.573726482738365,1962.0,110,72,19.0,0.2638888888888889
b941d24b-bce9-43e6-8b9e-b2e8b654733b,район Северное Бутово,55.56116645,37.58606117938841,2004.0,420,390,211.0,0.541025641025641
b94af125-a649-442c-b771-d9a8179c565d,Академический район,55.679565,37.57964085000001,1954.0,79,33,7.0,0.21212121212121213
b952a9b2-e715-43a2-b584-201ebbb561c9,район Филёвский Парк,55.736447850000005,37.49848538318743,1970.0,128,80,19.0,0.2375
b954ad34-f057-4a20-8b84-a0c011945470,район Измайлово,55.797508,37.79620937634412,1953.0,255,115,2.0,0.017391304347826087
b955b2ed-8783-4609-ad6f-7630854503b9,район Арбат,55.7531745,37.58595243026262,1967.0,296,176,30.0,0.17045454545454544
b9708dc6-8657-4f94-a062-bf712870fbc4,район Аэропорт,55.7983723,37.54940646182358,1962.0,170,80,11.0,0.1375
b9747585-5bda-4c0a-b0c3-15b83d691173,район Измайлово,55.7963545,37.7687985,1973.0,165,97,8.0,0.08247422680412371
b9983ebe-62f0-4585-a317-19144f8504b4,Пресненский район,55.7667994,37.58774870194735,1908.0,84,33,4.0,0.12121212121212122
b99f4776-b76f-4fb1-b920-f7fbef26d433,район Замоскворечье,55.73997165,37.63019898663182,1901.0,50,19,2.0,0.10526315789473684
b9a17049-6e58-4712-9271-80515c3a2db2,район Богородское,55.8072741,37.710487948128446,1960.0,189,80,1.0,0.0125
b9aecf8f-a3e2-46dd-a63a-6e9638c0c76f,Тверской район,55.77582565,37.58900370822897,1986.0,474,184,16.0,0.08695652173913043
b9b14ad0-6a6f-4f78-9bb0-940a78789d26,район Зюзино,55.6449702,37.58516455,1965.0,128,72,12.0,0.16666666666666666
b9bb8b1f-da66-4ffd-923e-cd3f932a49fa,район Царицыно,55.63346275,37.67649120228701,1967.0,145,80,10.0,0.125
b9be1c7e-1c04-4dce-b9cd-146f09a790e2,район Орехово-Борисово Северное,55.610773699999996,37.70590880845485,1974.0,579,283,29.0,0.10247349823321555
b9c602c4-b66c-473d-89e2-9f9038bfb08b,район Проспект Вернадского,55.674568,37.500633860081976,1969.0,113,108,58.0,0.5370370370370371
b9d3d40f-7392-4ca8-92a7-bfe80877669f,Академический район,55.6821781,37.57888293026316,1997.0,578,281,49.0,0.17437722419928825
b9d4e2fa-26c6-46a6-9fc3-93e6ea371914,Академический район,55.687125449999996,37.57750160166582,2015.0,928,456,53.0,0.1162280701754386
b9eb49ab-a86a-43c3-a042-7f82fe1a4160,район Печатники,55.67823815,37.72127675,1977.0,455,214,16.0,0.07476635514018691
b9f2c6e2-6a3e-40df-8b9d-8c64b35f67de,район Хамовники,55.725382249999996,37.58790034332408,1951.0,529,202,29.0,0.14356435643564355
ba003a70-6adf-4f42-8017-1c62dcaee2ad,район Измайлово,55.78967155,37.78627576665579,1965.0,306,152,7.0,0.046052631578947366
ba0b76cc-7abd-4912-950a-3f8f23e3d7f7,Таганский район,55.74738855,37.661341363943436,1963.0,73,63,33.0,0.5238095238095238
ba1b0f27-3bd6-4733-9028-e3c84218dc48,район Левобережный,55.872618700000004,37.462613300000015,1964.0,175,96,21.0,0.21875
ba2038e2-c653-4ca2-b97f-d3dd2cf13809,Академический район,55.68127035,37.582552743098475,2005.0,236,107,28.0,0.2616822429906542
ba2b9c3b-04b2-4f8a-8e5c-183bf7190b80,район Хамовники,55.74725255,37.594124661021226,1932.0,38,168,150.0,0.8928571428571429
ba340c44-2fbd-474d-996e-609d5a881e3d,район Арбат,55.753786000000005,37.579753350000004,1963.0,114,60,10.0,0.16666666666666666
ba4ff708-48ce-46d0-8e07-7655d94397ca,Гагаринский район,55.5416914,37.2041884,1954.0,146,67,12.0,0.1791044776119403
ba55165b-cb6e-4145-a5c8-da3d0a763fb4,район Восточное Измайлово,55.796316149999996,37.807752148981564,2008.0,30,101,91.0,0.900990099009901
ba5a8061-81b9-4d4f-8cb9-015d58267801,район Замоскворечье,55.7375123,37.629286053948675,1913.0,75,45,19.0,0.4222222222222222
ba5e05f0-299b-4c4f-b55b-ae4571e54be9,Савёловский район,55.80218965,37.571650906186385,1979.0,430,195,16.0,0.08205128205128205
ba6a31dc-be05-4528-ad11-f1f4010a84c0,район Коптево,55.824068,37.52417184773984,2002.0,113,65,28.0,0.4307692307692308
ba6bf109-58c6-4758-86ee-568a5f9b175e,Ломоносовский район,55.680149099999994,37.549000075103876,1970.0,153,112,43.0,0.38392857142857145
ba7c77a9-068b-4781-b5fb-87fb75f6d973,район Хамовники,55.74039415,37.59525163099329,1932.0,84,37,7.0,0.1891891891891892
ba89e14d-71a6-4826-abe4-3a707bf1d7e8,район Марьина Роща,55.786249600000005,37.61350976313369,1899.0,61,35,6.0,0.17142857142857143
ba9cfe77-86d5-4e82-9374-93853801da68,район Щукино,55.8030895,37.4732282,1950.0,373,124,2.0,0.016129032258064516
baa7597f-70dd-46cb-b5eb-9bb9c84c1b3e,Мещанский район,55.7757243,37.63134826426159,1945.0,141,65,9.0,0.13846153846153847
baa7e8b7-8925-4932-b2fd-f3686383d628,Гагаринский район,55.689698899999996,37.55326337088036,2009.0,252,181,88.0,0.4861878453038674
baaa1ccf-4d33-4e8e-b347-d3e2697142d0,район Чертаново Северное,55.6396224,37.5923368,1980.0,194,87,4.0,0.04597701149425287
baaadc7a-6cbf-44f3-9987-b954caf55d14,Обручевский район,55.66706035,37.518759471812615,2011.0,911,394,15.0,0.03807106598984772
baac95b1-c32b-42b2-9b32-c32b35061276,район Хамовники,55.72988455,37.5913095,1960.0,110,54,1.0,0.018518518518518517
bab93af4-7c3e-4338-9f0c-3ec3a209c2ee,Хорошёвский район,55.7868719,37.511985,1955.0,243,96,16.0,0.16666666666666666
bac2fb2b-bbb1-402c-9fbe-1e71b98dafa6,район Дорогомилово,55.74778245,37.56696225,1976.0,138,65,11.0,0.16923076923076924
bac3462d-390e-464a-9781-3584ecaa6838,Пресненский район,55.7618566,37.5663075,1986.0,322,149,10.0,0.06711409395973154
bad4800b-6f8d-4423-8189-bf84e7c70a36,район Северное Бутово,55.5778996,37.57204677675469,1992.0,231,198,85.0,0.4292929292929293
baeeb689-fe76-468b-a926-513f8e87a19d,Тверской район,55.7842891,37.58753004995438,1966.0,152,84,18.0,0.21428571428571427
baf1e147-e523-475f-add5-fdd8bcba36f6,Бабушкинский район,55.8768135,37.66328830000002,1999.0,306,148,27.0,0.18243243243243243
baf3cbfe-9b5e-4b1b-9189-0df15fb2d56b,Ломоносовский район,55.68064105,37.54598471509513,1964.0,93,69,18.0,0.2608695652173913
bb01a74d-6cc8-4c94-82f5-7c66d230bdee,Войковский район,55.815622149999996,37.49447184685198,1949.0,79,37,6.0,0.16216216216216217
bb01d2d5-f9dd-40d5-a881-aa3eb059d885,район Гольяново,55.817820350000005,37.81819286652264,1968.0,449,217,15.0,0.06912442396313365
bb0cd45a-b27f-4288-a1c3-bd63cc73dd6b,район Богородское,55.8119315,37.72326684475583,1963.0,153,72,2.0,0.027777777777777776
bb18c25e-b3a3-4747-8d0d-b9dd20788248,район Зюзино,55.6429248,37.60265710918941,2013.0,186,144,71.0,0.4930555555555556
bb31d48e-b7e0-43b4-9d93-a2e9ee7d4354,район Строгино,55.80870575,37.41211047499418,1994.0,614,256,3.0,0.01171875
bb347a58-4a06-4676-a9f7-654e7fe3c19f,Алексеевский район,55.81450415,37.6524902,1965.0,98,72,19.0,0.2638888888888889
bb41dd9b-c920-47aa-80ee-01ce0ffdc39b,район Новогиреево,55.7519109,37.80916592858003,1969.0,140,84,17.0,0.20238095238095238
bb44c1ed-a536-4233-90a3-cb71f08e91b1,район Хамовники,55.720796699999994,37.5703911770813,1958.0,68,30,3.0,0.1
bb496619-caee-4f93-895d-bd9322770129,район Щукино,55.7897981,37.48879003060494,1954.0,168,68,5.0,0.07352941176470588
bb54d099-e986-4a88-9e5c-70605cfb3bd0,Рязанский район,55.729954,37.76095015460915,1969.0,160,80,1.0,0.0125
bb56e636-3e4e-413e-8d2c-6c5a4c22d021,район Зюзино,55.662586250000004,37.61151170000001,1981.0,264,127,21.0,0.16535433070866143
bb5a6f5f-5803-423c-8e7a-6fb77e0e922c,район Северное Измайлово,55.8105449,37.81774575,1963.0,107,63,1.0,0.015873015873015872
bb5c0c9a-b989-450d-9175-a2c3fe5b1804,Тимирязевский район,55.8136329,37.56045068562102,1963.0,168,79,8.0,0.10126582278481013
bb60c1e6-9186-4b80-9e03-da8ed078ec56,район Щукино,55.79090925,37.48416845909718,1953.0,141,67,12.0,0.1791044776119403
bb6e3744-df49-4680-bcde-256bd0a08c98,район Нагатинский Затон,55.680676,37.69626145345992,2016.0,308,218,73.0,0.3348623853211009
bb6ee291-f7bb-4d1e-8664-7b3e7d811837,район Соколиная Гора,55.777342149999996,37.713306871184514,1960.0,83,40,3.0,0.075
bb6f5153-ffd0-4d2a-9fad-195dee9096d1,район Марьина Роща,55.80313035,37.6125336547892,1997.0,335,160,19.0,0.11875
bb8928c4-eebb-40b9-b44b-4e0f02d8ac31,Бескудниковский район,55.8577171,37.56451241415914,2001.0,861,384,36.0,0.09375
bb8be5e0-7ce8-4d63-a0ba-c885b461b8c7,поселение Московский,55.60310855,37.365218823749245,2015.0,185,328,239.0,0.7286585365853658
bb94ba2e-1c0f-4514-8f4a-877ce4e9d752,район Коптево,55.84367775,37.548127263939605,2011.0,526,280,77.0,0.275
bba6ad00-3f9a-4832-b1b6-47fdff202368,район Западное Дегунино,55.8667729,37.54046138071408,1967.0,151,80,2.0,0.025
bbabf33a-02fb-4843-86ff-949e733a1aec,район Котловка,55.6780031,37.605936424879744,1968.0,159,96,24.0,0.25
bbb9dcdf-1efd-48fd-8c7a-14c55ed9e267,район Филёвский Парк,55.7377313,37.49282480094392,1974.0,259,140,32.0,0.22857142857142856
bbba254e-6131-4817-b0c7-88b9ffe7249e,Тверской район,55.780526,37.6098364,1975.0,197,80,3.0,0.0375
bbc1322e-b69c-4d4e-a88c-165994540f8f,район Беговой,55.778748,37.573272972948075,1973.0,170,98,7.0,0.07142857142857142
bbc2888e-c29c-4de7-84a0-3c772297892f,район Сокол,55.8039253,37.51540290326976,1955.0,87,33,4.0,0.12121212121212122
bbd0a04d-afbf-43e5-9007-42e3f344328e,район Арбат,55.75390145,37.58579694803105,1914.0,73,35,6.0,0.17142857142857143
bbd2db63-4390-442a-9bbc-5992080ae4f6,район Люблино,55.6732948,37.76334244966216,2003.0,357,136,2.0,0.014705882352941176
bbdc6bd8-b293-4b4f-900e-729d29b821f3,Тверской район,55.76870475,37.61427216825855,1882.0,16,7,2.0,0.2857142857142857
bbf27b03-fa58-4bd7-9c92-3a167631a9ae,Хорошёвский район,55.776304350000004,37.52878306752076,1956.0,90,34,1.0,0.029411764705882353
bbf28bfb-9d25-4894-8ae9-dc83a880199e,Бутырский район,55.8125165,37.59353665799874,1955.0,107,52,6.0,0.11538461538461539
bc06f2e2-5c1a-454c-b51a-97f1a4148d66,Хорошёвский район,55.778480349999995,37.543914842316234,1976.0,154,95,26.0,0.2736842105263158
bc0a1db5-a5c2-4b74-950a-8847edab4fef,Войковский район,55.8332134,37.49071809540983,1965.0,101,69,21.0,0.30434782608695654
bc186672-7837-420a-ac68-48b42d172466,район Новогиреево,55.745645550000006,37.81366772241652,1976.0,196,108,11.0,0.10185185185185185
bc1f7c46-4726-4e64-a20b-f414d2a61ad0,район Соколиная Гора,55.7835001,37.720221124213836,1967.0,209,112,10.0,0.08928571428571429
bc316dd5-2b4d-4990-a13c-3b0fbfc0ef58,район Щукино,55.79988965,37.469669917881916,1947.0,26,21,11.0,0.5238095238095238
bc4c7e0b-e4f0-4220-ae81-b98810d64d94,Басманный район,55.761607749999996,37.64285246767766,1936.0,262,123,14.0,0.11382113821138211
bc4e1421-c7f8-43b2-b39e-016d5392eeec,район Ховрино,55.869494149999994,37.481897359134614,2018.0,457,225,13.0,0.057777777777777775
bc64cad3-7d27-4b10-87ff-035f1bbca4c3,район Замоскворечье,55.74318755,37.639337587703,1975.0,137,72,18.0,0.25
bc68dfd5-7864-42e3-99eb-0c4395b59ed6,район Строгино,55.8084444,37.4094607474664,1979.0,252,216,114.0,0.5277777777777778
bc6ec07e-b673-4972-8ccd-13ec84a57023,Войковский район,55.82439615,37.51408810835487,1953.0,173,72,5.0,0.06944444444444445
bc7b2c54-1e61-4d56-b26a-ff982eab9532,район Северное Тушино,55.859258749999995,37.439513861249964,1971.0,322,144,19.0,0.13194444444444445
bc887f68-7e65-46a1-9932-28836b1386c9,район Кунцево,55.7331901,37.41508025,1959.0,106,58,13.0,0.22413793103448276
bc916638-b256-44bb-ab59-4b1d00d01466,Басманный район,55.7740688,37.7079586746337,2003.0,327,147,9.0,0.061224489795918366
bc958b39-7cc1-4e20-ba00-fd3e87a0a840,район Филёвский Парк,55.7428439,37.48737907177293,1963.0,147,80,22.0,0.275
bc95c9e9-192c-49de-9864-10172beb60e2,район Проспект Вернадского,55.670847699999996,37.504465947881286,2017.0,292,168,39.0,0.23214285714285715
bc9c6202-e72c-43b9-a8c0-9a2c0224e35c,район Северное Бутово,55.567982549999996,37.57394440810714,2000.0,548,257,37.0,0.14396887159533073
bca43d0e-3f9b-4a81-84d3-357b037251e7,Пресненский район,55.7597143,37.5609674014984,1890.0,49,33,10.0,0.30303030303030304
bcc018db-4302-4ae8-bb33-806fbe0f9a94,район Свиблово,55.854758399999994,37.64513467779711,2014.0,375,177,23.0,0.12994350282485875
bcdafb69-1e14-48ca-874b-58de20d5f39a,Мещанский район,55.7796015,37.63379407166813,1952.0,171,75,10.0,0.13333333333333333
bcdf788c-9352-41f0-bc33-209b21f5421b,район Марьина Роща,55.784949,37.61323397200336,1974.0,256,126,1.0,0.007936507936507936
bcf21b47-c2bd-4e92-8791-3823eb11554e,район Очаково-Матвеевское,55.70265245,37.467964293525,1972.0,331,150,13.0,0.08666666666666667
bcf3eb99-84f6-4a57-a304-6f9d2cc43fbe,Академический район,55.69645325,37.5744655112471,1958.0,169,80,9.0,0.1125
bd02beb2-b1dd-4e24-9afa-7aa90c2d11f3,район Коньково,55.640517599999995,37.51076290000001,1973.0,314,143,8.0,0.055944055944055944
bd0ba013-aff9-4a50-a217-0830f3e3bc37,район Преображенское,55.8063806,37.72537743885991,1995.0,243,199,94.0,0.4723618090452261
bd0e782c-c729-41e6-b7a7-5c6cdc54991c,район Свиблово,55.854454000000004,37.64909027792345,2008.0,365,192,64.0,0.3333333333333333
bd14ea59-c105-4a69-872c-3ffde79464a2,район Очаково-Матвеевское,55.702915700000005,37.470946452444,2005.0,122,66,7.0,0.10606060606060606
bd17bcae-8e0d-46be-ae7c-7858fba457d0,поселение Филимонковское,55.55234555,37.330192031749334,2014.0,15,15,10.0,0.6666666666666666
bd17dbd6-e767-49a6-bc38-52bc43265a1a,район Печатники,55.68631415,37.73080054870316,1969.0,489,215,24.0,0.11162790697674418
bd1cc5fb-f997-4b80-9dbe-a6ad58e5d55f,Нижегородский район,55.732907,37.71616789999999,1962.0,118,71,13.0,0.18309859154929578
bd27a17d-6c4c-4911-a9a5-23f5806efcae,район Щукино,55.801860149999996,37.49301154697713,1962.0,140,76,16.0,0.21052631578947367
bd2f2a73-a763-41b9-85a4-f96a4acc9048,район Хорошёво-Мнёвники,55.7796095,37.455514492190815,1997.0,418,198,12.0,0.06060606060606061
bd488ee0-3a14-44a8-866e-db3af0c02864,район Южное Тушино,55.84539815,37.41913092041436,1985.0,196,95,6.0,0.06315789473684211
bd4e2ebf-df3f-41ea-b51c-b8c426d24b8b,район Восточное Измайлово,55.78911805,37.806392109718495,1968.0,123,80,20.0,0.25
bd5d327d-608a-4718-b112-220554e34271,район Марьино,55.6496495,37.7459209,1998.0,324,153,10.0,0.06535947712418301
bd60ded9-4055-495e-a856-6cd1c5014c12,район Чертаново Северное,55.6324076,37.59001275261608,1984.0,428,224,2.0,0.008928571428571428
bd6737b1-8cfb-490c-9439-945a142748b3,Войковский район,55.8259252,37.51333940189144,1971.0,586,304,50.0,0.16447368421052633
bd679970-068a-472a-abf3-d82b73490de3,район Чертаново Северное,55.6396636,37.600125248951066,1979.0,187,85,7.0,0.08235294117647059
bd74303b-51d5-4a5c-9884-cb7ef4b7762d,Дмитровский район,55.89494015,37.533599573302524,1977.0,241,112,3.0,0.026785714285714284
bd7ccc28-22bc-4435-af22-14b4ab96f106,район Южное Медведково,55.87456745,37.627822796942894,2014.0,740,310,3.0,0.00967741935483871
bd90d43d-894c-42c7-9db0-8fa3e1388413,район Ховрино,55.86533685,37.48656806529303,1975.0,221,94,8.0,0.0851063829787234
bd932b18-80cf-4710-91d9-1277f8162c71,район Новогиреево,55.7480453,37.811785549999996,1968.0,136,96,27.0,0.28125
bd9441bf-81b7-435a-8935-35583ad9fac2,район Коньково,55.62748535,37.52035986751065,1986.0,636,264,3.0,0.011363636363636364
bda0fb37-ae20-4486-b271-bd964244725f,Нагорный район,55.6505323,37.61283600101911,1973.0,313,182,51.0,0.2802197802197802
bda44093-a4a7-4443-8c0b-77fdf836c210,район Нагатино-Садовники,55.668333399999995,37.64664652444003,1973.0,703,285,19.0,0.06666666666666667
bdab4727-a706-4b4a-bbea-2a2511bfc012,район Некрасовка,55.70333225,37.93384685,2016.0,304,192,52.0,0.2708333333333333
bdad9080-3d6e-4d2a-998a-be5727d765a2,район Сокольники,55.792918799999995,37.69360283638969,1931.0,85,40,5.0,0.125
bde1bbfd-5545-4f9b-8686-87d77a5e7332,район Кунцево,55.7332502,37.43955425,1970.0,338,146,1.0,0.00684931506849315
bde44ff6-ff60-481d-8450-35d01bfebf3f,район Кузьминки,55.7131067,37.761706866905314,1965.0,111,68,7.0,0.10294117647058823
bdfa4f43-10d0-4bee-8190-b4513634d532,район Кузьминки,55.710749050000004,37.76639829926471,1965.0,92,68,18.0,0.2647058823529412
bdfa81cf-e8de-48b2-b59a-f113ee0088e9,Пресненский район,55.75787995,37.57381191707143,1965.0,108,72,19.0,0.2638888888888889
bdfd6e50-84d6-4ef7-a0bc-4b841456d343,район Очаково-Матвеевское,55.508215,37.2200714,1968.0,153,80,9.0,0.1125
bdffce8e-dfb2-4872-9d7c-ed3e0089d6c5,район Ростокино,55.82749255,37.66791211381998,2012.0,264,164,44.0,0.2682926829268293
be01b870-e57e-49d9-a23d-8028f4956b10,район Марфино,55.84200145,37.582083782483885,1962.0,107,70,23.0,0.32857142857142857
be1cabae-61e4-462e-8642-c9673abad390,район Перово,55.74727765,37.78639657060431,1977.0,123,72,11.0,0.1527777777777778
be1db26d-adb4-4b4c-9dc9-7e1c9154a680,район Сокольники,55.789890400000004,37.66515794448145,1963.0,111,60,10.0,0.16666666666666666
be22aaaf-9cbd-4ed1-90ef-7f20ce66d8b1,район Южное Медведково,55.8774082,37.62008555825929,1966.0,166,84,11.0,0.13095238095238096
be29a9b5-f3e1-443a-bfda-b8e5d31c5908,район Ростокино,55.8277339,37.66549196898017,1966.0,180,84,7.0,0.08333333333333333
be2ee586-9a34-4863-9a57-df95a3fa9c5b,Хорошёвский район,55.77874025,37.52073325428016,1960.0,120,59,9.0,0.15254237288135594
be30d5f3-8a4e-44a6-ac97-c80619023666,Нижегородский район,55.73117785,37.71779091680516,1967.0,154,80,5.0,0.0625
be399d0d-2f01-492a-ada4-6f2022e2b006,район Ховрино,55.862545850000004,37.49591577736767,1969.0,191,98,3.0,0.030612244897959183
be4ea95f-4246-4e04-9ccf-b571b8f303c1,Останкинский район,55.81683905,37.6325830602013,1960.0,107,63,12.0,0.19047619047619047
be535262-3352-4540-91aa-5c52bcce6a84,район Ново-Переделкино,55.6373319,37.36229984967203,1988.0,425,222,48.0,0.21621621621621623
be5acf99-67fe-46d9-a9d4-dee07dd591f1,район Левобережный,55.861995300000004,37.46902609189419,1965.0,135,83,27.0,0.3253012048192771
be5da920-cf55-4f10-a3dc-af994876d9be,район Марьино,55.665716200000006,37.76299667883699,2001.0,481,248,7.0,0.028225806451612902
be5dec41-994b-4d30-8868-7f8a517327b5,район Южное Тушино,55.84473825,37.42516924194757,1966.0,116,72,18.0,0.25
be626cf8-32ce-4a24-a13b-c25e64c1d677,район Левобережный,55.861502099999996,37.47629205121123,2009.0,401,171,15.0,0.08771929824561403
be6a1ef4-8627-45b3-ab4a-f97816c84b8f,район Марьина Роща,55.79060345,37.600248179230775,1978.0,225,123,1.0,0.008130081300813009
be6e9baf-39b2-4866-9c8f-3693584266af,Войковский район,55.8274962,37.4922067631864,1963.0,134,67,2.0,0.029850746268656716
be70cfc9-c5c8-46a6-9f6c-9e3913cdec7d,район Чертаново Северное,55.637276299999996,37.6067990983125,1972.0,288,143,16.0,0.11188811188811189
be9af2c7-a379-4742-9665-0c4029d15423,городской округ Троицк,55.47354595,37.302383631383464,1968.0,129,71,13.0,0.18309859154929578
beb48e7c-4877-48aa-aeca-effc921be436,район Южное Тушино,55.84393215,37.45594429738417,1973.0,178,84,4.0,0.047619047619047616
bebddaba-6160-4b55-b298-1ee68ae046eb,Тверской район,55.7691104,37.6030203,1969.0,153,80,19.0,0.2375
bec48590-1a1d-4d1a-886b-3501eca41e0e,Нагорный район,55.671296100000006,37.610985813970196,2015.0,334,288,154.0,0.5347222222222222
bec51e5e-0fdb-4dab-ba23-8f48449e9f59,Савёловский район,55.802410449999996,37.57424069631681,1963.0,292,140,16.0,0.11428571428571428
becc3917-7812-48ed-a9b9-7c138cb78783,район Тёплый Стан,55.6172095,37.492668699999996,2002.0,605,261,1.0,0.0038314176245210726
bedabcf5-39b6-4065-9626-be32206a1acf,район Кузьминки,55.70261975,37.79197449369727,1965.0,118,68,14.0,0.20588235294117646
bedfa4f0-92fa-4c56-989a-bc48505aaf0d,район Восточный,55.7798594,37.7657342,1955.0,73,27,3.0,0.1111111111111111
bedff54b-de89-4203-a5e4-24857b9566cf,район Новогиреево,55.73993605,37.77774311354383,1969.0,134,84,21.0,0.25
befe3dd9-bc55-47ce-94f8-d89eb8be053e,Рязанский район,55.71651335,37.752108097311094,2007.0,949,584,225.0,0.3852739726027397
bf0a541c-1dd4-4d43-8ee0-fcf45ba477f0,район Левобережный,55.8663303,37.470326107882784,1962.0,113,72,20.0,0.2777777777777778
bf1555f6-443b-458e-a8ef-c8747cc47666,район Кузьминки,55.71090155,37.7650765560943,1965.0,117,68,2.0,0.029411764705882353
bf1b070c-0f32-4ac3-ac30-01df60eca7dd,район Солнцево,55.655942100000004,37.4028193,1968.0,151,79,9.0,0.11392405063291139
bf1ec33c-60a8-4a5d-96ab-6f4e0b648c85,Нагорный район,55.66257135,37.617967512189054,1959.0,209,116,30.0,0.25862068965517243
bf24d2c8-d68b-4352-a346-d8600bc09fa3,район Свиблово,55.848092449999996,37.64146908636272,1967.0,148,78,2.0,0.02564102564102564
bf47bd5b-9d72-43fe-8e7d-963db6fd8f3a,район Хамовники,55.74441725,37.59943047315741,1900.0,16,8,3.0,0.375
bf50b875-cc56-4ed4-ba85-019a6cf4f906,Тверской район,55.768071750000004,37.60914665812858,1930.0,189,76,3.0,0.039473684210526314
bf5531a7-3393-4f12-8fde-54a16f7c8bae,район Дорогомилово,55.738860849999995,37.5211802625834,1957.0,204,91,2.0,0.02197802197802198
bf6ce1ca-945a-473d-8570-b4d45caf37b6,район Южное Тушино,55.84518865,37.43496841355123,1999.0,168,68,9.0,0.1323529411764706
bf828ac3-886a-4151-88a0-e1d45b257514,район Солнцево,55.65552975,37.40811121153966,2009.0,222,96,18.0,0.1875
bf863006-ce75-437a-8771-9f410939d581,район Ховрино,55.86045315,37.493701127981666,2003.0,225,85,8.0,0.09411764705882353
bf9ac560-5265-417e-9dfd-34cc0d6a7897,Хорошёвский район,55.7758365,37.54571756365492,1949.0,77,41,10.0,0.24390243902439024
bf9e9388-ee58-47b0-ab9d-f42eb82ac257,Рязанский район,55.715211350000004,37.776170118649475,1965.0,131,72,1.0,0.013888888888888888
bfa3f262-5959-4c74-a085-ef25dab67015,район Восточное Измайлово,55.7887982,37.79539085,1967.0,149,84,13.0,0.15476190476190477
bfb7e9af-0610-470a-9d0c-8adb6bee949f,Басманный район,55.76017325,37.6484904401105,1860.0,26,12,3.0,0.25
bfbc37c5-c4da-48bd-8fba-be6b46422289,поселение Первомайское,55.4693534,37.29779589500622,2010.0,16,34,29.0,0.8529411764705882
bfbce789-be00-4117-bfb2-de325d2e496e,Гагаринский район,55.69001715,37.550106939687794,1959.0,637,258,13.0,0.050387596899224806
bfbee3fd-e0d9-47a8-82e7-7aa984a2006e,район Царицыно,55.6332931,37.67757964864144,1967.0,159,80,3.0,0.0375
bfc63e82-5dca-44f4-8568-06f69e68a0d5,район Зюзино,55.66146675,37.587712273099356,1966.0,176,84,8.0,0.09523809523809523
bfc7f2e1-dd7d-4b01-8aea-52a3fc375455,район Хамовники,55.743612,37.60206627532746,1909.0,40,27,14.0,0.5185185185185185
bfca4fb9-e073-4b5b-83aa-58b5418d4002,район Якиманка,55.735676749999996,37.6156242,1933.0,42,22,7.0,0.3181818181818182
bfd3ea83-bc24-4702-a88f-87464c150155,район Кузьминки,55.697693799999996,37.78103968388035,1962.0,127,72,1.0,0.013888888888888888
bfdd4e3d-aae9-44d2-8c3e-1f10f644bb1c,Басманный район,55.75697685,37.651284407057986,1917.0,11,10,6.0,0.6
bfe591f0-347f-46d7-bfc5-04eb87ded69c,район Марьина Роща,55.80750385,37.61467866115625,2001.0,576,255,24.0,0.09411764705882353
bff5ab48-0e92-4d72-855d-d9079b6d8148,поселение Московский,55.840323999999995,37.53544896638212,2013.0,206,126,46.0,0.36507936507936506
bff6d418-6537-4d78-98bf-a3ca3332344f,район Тропарёво-Никулино,55.666704249999995,37.46406994744058,2002.0,591,240,9.0,0.0375
c007f799-16fc-492a-8a87-06c0e68941fa,район Новогиреево,55.744612450000005,37.78511674029586,1970.0,149,96,35.0,0.3645833333333333
c01efe95-3a02-4a71-b5c4-801d4dbc3028,Обручевский район,55.662802799999994,37.520658558637635,2004.0,323,135,8.0,0.05925925925925926
c02dd284-2dfb-4024-8d95-7fe638a55a3b,Даниловский район,55.713154200000005,37.6185835,1970.0,290,160,14.5,0.0875
c03083b2-298e-44d6-939e-2c6829c37d20,район Чертаново Южное,55.60005065,37.605580386563034,1975.0,315,191,32.0,0.16753926701570682
c030e6b6-1f65-4c19-9750-908b3adca302,поселение Внуковское,55.65938665,37.32555632185634,1960.0,14,8,3.0,0.375
c03305b7-2e4f-4bac-ada6-5a3822e44e5f,район Раменки,55.7047104,37.4973104,2014.0,790,548,209.0,0.3813868613138686
c0361650-cc4c-4ac0-b839-d986b2bb36d5,район Западное Дегунино,55.87967865,37.51003608259411,2013.0,496,288,83.5,0.2916666666666667
c0401748-b798-46b7-a15a-e94b6e161fa7,район Бирюлёво Восточное,55.58330635,37.694805960573945,2004.0,704,368,27.0,0.07336956521739131
c042dd9b-d63c-4fa0-bd26-7abfeeb51107,район Некрасовка,55.702707950000004,37.92658758105641,2013.0,964,384,4.0,0.010416666666666666
c04705aa-6a79-4a5d-8c4f-29af9e86985e,Бабушкинский район,55.87433815,37.665683132680385,1978.0,378,191,15.0,0.07853403141361257
c04bfbca-0fa1-4fc3-b9ff-b9011dddca08,район Ростокино,55.838808,37.6508927,1962.0,149,67,6.0,0.08955223880597014
c04f0a39-a435-41e7-aa54-202bc2dc1e2c,район Ховрино,55.8635639,37.506713839342446,2001.0,231,122,24.0,0.19672131147540983
c06d75de-96cb-4e5a-b965-e2f7c85319b3,Лосиноостровский район,55.8819407,37.69519734377586,1985.0,584,271,29.0,0.1070110701107011
c06e8c0e-34e6-4017-b8b6-9bf3241ea0bc,район Богородское,55.8170217,37.710475,1966.0,135,72,4.0,0.05555555555555555
c0727398-ad26-4d22-8bec-3bde9b4482b9,район Замоскворечье,55.74253055,37.635282599142556,1910.0,54,24,4.0,0.16666666666666666
c076d9bc-d566-43d4-b681-faf0cf3ed0f8,район Гольяново,55.81533785,37.8048366,1966.0,314,179,48.0,0.2681564245810056
c08cbc60-f505-4c2a-8aa7-e5745fe6ca09,район Тропарёво-Никулино,55.6613839,37.488626,1970.0,436,247,56.0,0.22672064777327935
c0908c18-0789-47cd-bddd-7591191c537a,район Хамовники,55.73984455,37.58006426983575,1964.0,102,45,3.0,0.06666666666666667
c0a19b36-4009-4bf2-acb7-b8992222c3d8,район Коптево,55.823869599999995,37.52083864999999,2001.0,200,104,8.0,0.07692307692307693
c0b21571-24e1-443f-a998-154dd9129121,район Некрасовка,55.70186625,37.91547630044599,2011.0,652,328,29.0,0.08841463414634146
c0bcc991-98e1-41a9-acc2-edfec9a9fe71,Гагаринский район,55.69399275,37.56140028362314,1967.0,182,112,23.0,0.20535714285714285
c0c6fa56-6280-4f24-a1c0-ccfb3e1faa5a,район Очаково-Матвеевское,55.6993992,37.45819570200119,1970.0,176,84,7.0,0.08333333333333333
c0cf40cf-edd1-4cc0-85f7-3f577904efdf,район Преображенское,55.7941709,37.72636836981296,1967.0,138,80,12.0,0.15
c0d3754e-46eb-448e-9d66-0701a2396d4b,Нагорный район,55.65096615,37.616395688551584,1970.0,157,98,32.0,0.32653061224489793
c0da5c9a-35d0-41c2-ab2a-881e9c90099d,район Ховрино,55.8785814,37.48427081831258,1966.0,168,96,5.0,0.052083333333333336
c0fb9d6a-397b-451e-b7da-f69d9e4a8e5f,поселение Сосенское,55.571056049999996,37.4909894719585,2015.0,277,513,396.0,0.7719298245614035
c0fbff1c-4c58-4f0e-a883-811688857e77,район Замоскворечье,55.74501035,37.626183111589754,1914.0,24,11,2.0,0.18181818181818182
c10635dd-5d39-42a8-b448-41ea39f68f46,Нагорный район,55.65455165,37.606098741681194,1997.0,162,86,23.0,0.26744186046511625
c1150372-95aa-432b-b234-f8ae0a923ad7,район Беговой,55.77730235,37.57568183150525,1967.0,18,69,61.0,0.8840579710144928
c11af4da-e806-4ca0-aeef-8b0b79972480,район Замоскворечье,55.73007695,37.633660967398654,1967.0,184,112,27.0,0.24107142857142858
c11c04fb-ca68-4991-ae05-3a1c9bed5792,район Косино-Ухтомский,55.72320740000001,37.90132785,2010.0,634,368,84.0,0.22826086956521738
c11e2115-bf28-4f41-8fc9-edf9d65db477,район Хамовники,55.7268696,37.574387,2014.0,185,122,56.0,0.45901639344262296
c1226c14-9bad-45bb-8757-f3b2aa7273f9,Красносельский район,55.783100149999996,37.671823905330335,1926.0,56,32,11.0,0.34375
c1245910-6967-4b65-aeb0-77295f7ed591,Таганский район,55.7390605,37.69104827248809,1968.0,134,72,2.0,0.027777777777777776
c12abc39-e9c9-404f-8537-c8f54f23d10a,городской округ Троицк,55.47403595,37.30219944807917,1968.0,139,72,9.0,0.125
c139ee51-37a0-4114-8439-b2b29cbb0eef,район Котловка,55.6742238,37.60216556661767,1969.0,160,84,6.0,0.07142857142857142
c144939e-72ff-44d8-bd12-90ab6a35d5cc,район Хорошёво-Мнёвники,55.786808050000005,37.46852974880616,1985.0,114,95,36.0,0.37894736842105264
c1543a5e-8c35-41b1-b220-b86b858c77cc,район Тропарёво-Никулино,55.670193499999996,37.476776313529456,2003.0,669,283,13.0,0.045936395759717315
c170659d-37f8-438e-bd8d-8f7942c18a70,район Беговой,55.777349799999996,37.57149754716664,1978.0,152,108,36.0,0.3333333333333333
c1756e46-20ab-40df-b2f6-0f1a8e8a6db8,Нижегородский район,55.73100355,37.75529507701833,1949.0,48,19,1.0,0.05263157894736842
c18a76c1-1faf-4985-95dd-f052a6867209,Останкинский район,55.81028055,37.629367150520125,1963.0,118,69,3.0,0.043478260869565216
c18e9d29-4c86-4c3c-a66b-fb5411aa36d6,Алексеевский район,55.82810155,37.65023302859467,1957.0,533,239,16.0,0.06694560669456066
c1915cb7-702a-4e82-b7a5-d2170262947e,район Вешняки,55.72550615,37.83633789082069,1997.0,305,135,12.0,0.08888888888888889
c19774bb-883f-4684-a95a-e0937823f3c7,район Проспект Вернадского,55.68187795,37.49457668904411,1988.0,243,104,16.0,0.15384615384615385
c1b38b66-83e3-41e2-b843-2765a0a0fdf1,район Беговой,55.78219335,37.584758844966686,1956.0,270,143,43.0,0.3006993006993007
c1c1cbb9-7c5a-4928-91fa-530c5df60959,район Тропарёво-Никулино,55.67942305,37.46981219932552,2011.0,644,450,168.0,0.37333333333333335
c1c57dc6-ac71-4322-aafc-232037767e77,Рязанский район,55.7242868,37.76767685,1941.0,159,62,3.0,0.04838709677419355
c1c65ced-f46b-4e2e-99c1-0ca7b0f92503,район Филёвский Парк,55.73899935,37.49504203661418,1997.0,266,128,19.0,0.1484375
c1cfd577-f79b-4573-b360-fca5e587266f,район Орехово-Борисово Южное,55.60621715,37.70495455,1975.0,227,113,1.0,0.008849557522123894
c1d5bfc6-0990-4e4b-bec5-75081c2a08a5,район Тропарёво-Никулино,55.667151950000004,37.46348109037456,2002.0,540,216,15.0,0.06944444444444445
c1da6e45-cfbb-4eda-97ff-4c20f76c4578,район Ново-Переделкино,55.6585062,37.3620018,1963.0,100,48,3.0,0.0625
c1f844b9-1610-4a99-8ecf-f7cbd70df6f0,Таганский район,55.7378312,37.673717973728586,1926.0,179,81,17.0,0.20987654320987653
c1fac0c7-3ba8-406b-a173-7d7ab16147e9,район Северное Измайлово,55.80839585,37.80721281375109,2014.0,706,297,19.0,0.06397306397306397
c1fcc9eb-906e-411a-bdd8-9c1461883747,Пресненский район,55.76291035,37.58936588824268,1914.0,22,9,2.0,0.2222222222222222
c2083677-b602-4d92-8bc7-48731bbe27b5,Войковский район,55.819380550000005,37.5164350078563,1973.0,187,91,6.0,0.06593406593406594
c20955d3-c3e1-4c2d-9344-41f133e5f16e,Ломоносовский район,55.6751461,37.52510037911402,1958.0,1048,424,22.0,0.05188679245283019
c212d768-9637-489a-b73b-ad9bd13b6fd2,Войковский район,55.8331646,37.490043698098944,1965.0,91,72,29.0,0.4027777777777778
c2344887-fbe1-4c43-b85d-88901a3c43b0,район Кузьминки,55.71002405,37.75138989999999,1966.0,158,96,8.0,0.08333333333333333
c239fbf8-5d9d-461f-bd68-5355976d234a,район Левобережный,55.86242535,37.46995125835028,1963.0,154,84,19.0,0.2261904761904762
c23bcc8b-3e8a-4240-a4a1-6f7d5a4ad760,Ломоносовский район,55.6747908,37.533932313763444,1964.0,121,72,4.0,0.05555555555555555
c2405be1-e830-4993-b16c-dffd29d258ce,Дмитровский район,55.891369299999994,37.53810499852388,1969.0,173,82,4.0,0.04878048780487805
c244cf2a-9b82-41de-a2cc-fd1fe8b53fe3,район Хамовники,55.7314829,37.58931368379782,1927.0,136,54,3.0,0.05555555555555555
c24aa6e5-0b7c-4ad9-a0fc-a1d7c508850d,район Новогиреево,55.752896,37.79910952354594,1985.0,241,110,1.0,0.00909090909090909
c2561d76-a06a-4293-8cce-2f3b8d11b7be,район Солнцево,55.65489325,37.399334249999995,2003.0,541,255,38.0,0.14901960784313725
c25789ed-9640-4c9e-8fba-3b9d19be25c6,район Замоскворечье,55.7371536,37.62844675331054,1898.0,35,16,2.0,0.125
c2742edb-6d92-49ac-a629-267effa26934,район Новогиреево,55.7485298,37.81000605,1968.0,143,84,23.0,0.27380952380952384
c278cb90-9d60-4e42-8470-ec2e37ee4979,район Лианозово,55.89132685,37.585513425658775,2011.0,281,219,106.0,0.4840182648401826
c2885e12-81ec-41d2-88c6-5e4e6d503922,район Строгино,55.809096800000006,37.402966374069486,1981.0,292,127,7.0,0.05511811023622047
c28f4ad5-ae3c-4545-9741-d1a410cd0c5f,район Солнцево,55.653350950000004,37.41455625,1969.0,146,95,20.0,0.21052631578947367
c290258c-4ff9-4495-b143-beecdc391452,район Некрасовка,55.7025223,37.93330450000001,2016.0,282,192,61.0,0.3177083333333333
c299c59e-0b24-47c9-a45f-195280e773ba,район Хамовники,55.74037985,37.59436608560793,1950.0,31,15,4.0,0.26666666666666666
c2a30eae-9f66-4b6e-8495-b19c450c270f,район Новогиреево,55.74603825,37.79410565820682,1972.0,155,84,6.0,0.07142857142857142
c2a3fab7-95ed-4955-badc-660aa562935f,район Покровское-Стрешнево,55.82684775,37.45387388679134,1960.0,107,48,2.0,0.041666666666666664
c2a56950-78ce-445e-9d7b-352e73d3ee66,район Северное Измайлово,55.81014135,37.81069487925119,2016.0,326,156,15.0,0.09615384615384616
c2bf2540-9e99-4a8d-888f-8bde5b5cf6dd,Тверской район,55.7729905,37.595846512007626,1912.0,48,24,3.0,0.125
c2c3c86b-6823-42fa-89b6-7bb944b78741,район Преображенское,55.7940045,37.730210508259646,1968.0,289,169,26.0,0.15384615384615385
c2daa01f-a5d4-494a-8f1d-396a7c84973e,район Гольяново,55.826773349999996,37.81783455,1969.0,621,287,8.0,0.027874564459930314
c2dd28c7-4bee-4612-ab97-496cd24f9749,район Раменки,55.69830825,37.503379420358065,2000.0,442,192,12.0,0.0625
c2e33455-3ab7-434b-8a7a-215599bd87b6,район Котловка,55.668815,37.59274224154676,1962.0,111,72,18.0,0.25
c2f6fd69-81f4-4923-8872-4d3408d1e788,район Кунцево,55.7421684,37.398678671126035,1961.0,155,81,19.0,0.2345679012345679
c2f9d9af-8f0a-41dd-9dc7-29c5806a76d3,Войковский район,55.819418999999996,37.49338852511188,1960.0,140,60,2.0,0.03333333333333333
c2fb30a8-24bc-4ce6-9602-68d5fb97fce8,район Текстильщики,55.7003455,37.745579106191585,1967.0,264,128,4.0,0.03125
c300225a-e3e0-441c-90c0-938d5869f1e7,район Некрасовка,55.6987224,37.92691518206831,2014.0,885,384,29.0,0.07552083333333333
c303fa7e-a334-4716-bb1b-162cdb8eb359,Ломоносовский район,55.68105085,37.55109650273405,2019.0,472,315,109.0,0.346031746031746
c3197e4d-a38d-4993-98ec-5ba35c73bdc1,район Кунцево,55.7854915,37.3621912,1970.0,141,64,4.0,0.0625
c31c9321-1ccc-46b9-9eee-2bde1ab9a26f,район Измайлово,55.7977912,37.7816436769102,1960.0,186,80,3.0,0.0375
c31e4f98-6123-4853-92b2-03fc6b5f9589,район Раменки,55.73045505,37.5309604,1975.0,295,142,14.0,0.09859154929577464
c320204c-b090-498e-a366-6b3b9091ed50,район Нагатинский Затон,55.68765195,37.68165766965181,2007.0,153,104,44.0,0.4230769230769231
c32b0c61-a87b-402a-bd8a-0e9cca5b05e4,район Преображенское,55.79096405,37.72498009585259,1967.0,168,95,5.0,0.05263157894736842
c32e1a9b-3d41-4817-923e-000fbccf9a43,район Хорошёво-Мнёвники,55.77670535,37.4599079802381,1961.0,130,71,1.0,0.014084507042253521
c332bce7-dd38-4630-a289-5f2d000696d2,район Кунцево,55.7392769,37.4159814,2009.0,412,192,26.0,0.13541666666666666
c33ee379-f8d2-4a42-bfd8-2679a48ac260,Тимирязевский район,55.8118839,37.56712560814978,1966.0,138,80,13.0,0.1625
c3482d0d-68c2-46c8-bc11-b1e068c32216,район Сокольники,55.78888725,37.67571833555251,1956.0,158,66,4.0,0.06060606060606061
c359e6fd-11cc-497f-bf7c-dec3c22b7e78,район Замоскворечье,55.732903300000004,37.6394284451146,1963.0,92,66,25.0,0.3787878787878788
c35ef48b-3f3b-40e0-98e1-59af8cbdcbaf,Басманный район,55.7754184,37.68028193160532,1914.0,145,63,3.0,0.047619047619047616
c361a8e2-3a2b-41f9-a859-c0811c211f72,район Ховрино,55.865305250000006,37.49744212028301,1988.0,126,54,1.0,0.018518518518518517
c36a8c86-3e5c-41b1-af1d-0c9cc9a8b3bc,Пресненский район,55.77369605,37.58340183558926,1926.0,142,66,10.0,0.15151515151515152
c374724f-570b-4b20-97ba-75e0f4b221e4,район Текстильщики,55.7161994,37.734884046969384,1969.0,175,84,7.0,0.08333333333333333
c37acc44-e439-4ae8-8414-8be35a0bcd7c,Алексеевский район,55.806366,37.64223394701027,2010.0,304,252,116.0,0.4603174603174603
c3821934-8a9e-4412-9d58-b11110cea32a,поселение Московский,55.7164889,37.90532810578331,1971.0,140,75,2.0,0.02666666666666667
c386136f-64dc-46ae-896f-5d701530cb94,Хорошёвский район,55.774930999999995,37.550112070175715,2010.0,2804,1945,808.0,0.4154241645244216
c3870185-7bef-47fe-9db1-2580e5c805f6,район Орехово-Борисово Южное,55.596594350000004,37.723586202260634,1996.0,349,154,3.0,0.01948051948051948
c3872749-c670-4cf7-8e6d-436118f9a8df,Мещанский район,55.77812175,37.62882158786737,1815.0,22,15,7.0,0.4666666666666667
c38f2b2d-ad56-45c8-9a42-eb637eeb5dc0,Академический район,55.68226595,37.56678581110647,1954.0,815,324,24.0,0.07407407407407407
c39d1167-466d-4a92-93eb-595fe5b95169,Хорошёвский район,55.78242215,37.51762383902556,1958.0,151,80,18.0,0.225
c3a15887-579c-40c0-b581-62c0a2aa789f,Дмитровский район,55.88380825,37.52938076426116,1967.0,170,84,8.0,0.09523809523809523
c3a31dca-8ac1-4e6c-b4e8-2746936fcc30,Рязанский район,55.71252895,37.79382111833473,1971.0,462,231,11.0,0.047619047619047616
c3bb7dde-a4fa-4426-9ae1-ca3dbbf98c14,район Южное Медведково,55.87797295,37.623077550000005,2015.0,417,192,12.0,0.0625
c3bede22-fafe-405d-b6b6-477f69370eb8,район Измайлово,55.79227315,37.794422998604546,1973.0,191,83,5.0,0.060240963855421686
c3c200a9-2123-41c0-b1d2-4a66efa401d7,район Черёмушки,55.67815175,37.558674749999994,2003.0,268,136,32.0,0.23529411764705882
c3d41275-f959-4e6a-b10d-6238b935acfe,район Северное Тушино,55.8532134,37.414391989189454,1972.0,171,96,3.0,0.03125
c3d55c02-cf47-4de5-af21-0c78d756d540,район Аэропорт,55.79695615,37.5446015996675,1974.0,270,177,56.0,0.3163841807909605
c3d86ad1-5590-48c2-a561-b0504b2d8d29,район Аэропорт,55.809447750000004,37.52917059096764,1983.0,475,190,5.0,0.02631578947368421
c3df9639-9bb3-409e-801f-3f325d582836,Тимирязевский район,55.812872150000004,37.56631084462077,1966.0,143,92,17.0,0.18478260869565216
c3e1f9fd-69cb-4655-a607-3b8fb9a54128,район Сокол,55.8010379,37.51700120342086,1949.0,60,38,10.0,0.2631578947368421
c3e74a53-5fc3-4040-b29f-ee54a0f77687,район Северное Тушино,55.8542015,37.413069869337015,1968.0,164,96,8.0,0.08333333333333333
c3f5491e-77ea-40dc-875b-7fbff4af6569,Мещанский район,55.769511550000004,37.62333902192308,1996.0,36,19,5.0,0.2631578947368421
c3f92a68-b23a-40ee-a1a1-a9fb6278ec98,Пресненский район,55.7601846,37.570189153234,1900.0,96,53,8.0,0.1509433962264151
c3faf0a0-3eb2-4f84-b690-17a3adbeb2bf,Гагаринский район,55.706671650000004,37.571867224037646,1961.0,825,382,24.0,0.06282722513089005
c40516fe-944b-4622-96fa-1988ac92ca41,район Раменки,55.7031434,37.4989092,2010.0,240,160,78.0,0.4875
c410c46b-7e13-4b98-bf32-d393c5578606,район Черёмушки,55.65265705,37.56581236708095,1963.0,113,71,9.0,0.1267605633802817
c41123a6-9e2d-4ef0-bff0-83bac313bdb0,район Котловка,55.68290255,37.595054997894195,1971.0,177,104,24.0,0.23076923076923078
c425c45c-b407-47d7-a648-78428f421358,Рязанский район,55.71565645,37.77893046738392,1999.0,395,195,25.0,0.1282051282051282
c427fc49-f57e-4e40-929c-b664b5a2d1ac,Останкинский район,55.8265683,37.622906,2002.0,697,433,142.0,0.3279445727482679
c42c2969-1ca3-4424-a011-7186fd8fb88c,район Новогиреево,55.754124000000004,37.810389650000005,1970.0,137,84,26.0,0.30952380952380953
c42fcbce-966a-401f-b9c5-c8062a166e7d,Тимирязевский район,55.8087043,37.56974807920792,1969.0,156,100,20.0,0.2
c432d64e-c8e9-4f8e-94f4-0d399a884deb,район Очаково-Матвеевское,55.7052579,37.46157942855361,1971.0,365,157,12.0,0.07643312101910828
c442ab98-9dc6-49de-b3eb-6d85db09f42e,район Сокольники,55.785634,37.6872681311895,1930.0,145,64,15.0,0.234375
c4479abc-4f28-4667-9601-e79b93a151b9,Хорошёвский район,55.7745521,37.54328949747104,1979.0,344,183,42.0,0.22950819672131148
c4614827-df1e-4337-b52d-a8f3f1e9df1d,Басманный район,55.7557356,37.63754491444968,1952.0,22,10,1.0,0.1
c46404da-74e9-4f18-9076-98b60d93e754,Пресненский район,55.7637705,37.570955090096284,2001.0,64,33,13.0,0.3939393939393939
c46ac1b6-ca7c-4325-86dd-6fbba5f936f3,Алексеевский район,55.81858725,37.661312107470536,1978.0,518,274,30.0,0.10948905109489052
c46dad77-39e1-4d7c-a623-3606984651da,район Хамовники,55.72250145,37.57396098703083,1961.0,153,90,27.0,0.3
c46ddd1a-dd82-4781-9505-0329a9950534,Тверской район,55.775110850000004,37.587974302385405,1954.0,222,111,27.0,0.24324324324324326
c47d46cf-f844-4d2f-994d-ae1881423669,район Ново-Переделкино,55.6396311,37.366381749917345,1988.0,343,166,24.0,0.14457831325301204
c49dcb42-f98b-47c1-a53d-d0e6440f3c06,район Восточное Измайлово,55.78949595,37.80099389690586,1961.0,101,60,15.0,0.25
c4a8c86d-a1eb-4ffc-95d9-717d2dc9ef31,поселение Первомайское,55.79284435,37.8231488,1954.0,28,12,2.0,0.16666666666666666
c4ae5225-651a-49e6-a883-d8d4c5f19767,район Текстильщики,55.69870425,37.73462277302502,1966.0,176,85,11.0,0.12941176470588237
c4bdee35-58c1-485e-a2ad-6b8a7ce691fa,район Новогиреево,55.748799,37.818457,1968.0,135,78,19.0,0.24358974358974358
c4cedf24-4f39-4d62-9dd7-29cb164e89b1,Красносельский район,55.7696307,37.6462514,1915.0,133,58,9.0,0.15517241379310345
c4d7754a-aa79-44a3-afe0-2ebc0d799d2a,район Новокосино,55.7422489,37.853720129132576,1991.0,322,166,9.0,0.05421686746987952
c4dc1304-fa67-4ea6-9cd8-e4bb22ca1628,район Фили-Давыдково,55.7207601,37.45389953881453,2007.0,178,125,45.0,0.36
c4de4359-f20b-4c54-be4b-0d8ed02a2fef,Рязанский район,55.71387635,37.757731813994056,2006.0,1158,584,98.0,0.1678082191780822
c4e37bb5-4aee-408a-b64f-908d2e54d30d,район Северное Медведково,55.88840095,37.65287116186849,1969.0,171,98,12.0,0.12244897959183673
c4fae129-2986-4488-95a4-068354fede8c,Басманный район,55.770466400000004,37.68366277393505,1969.0,329,168,7.0,0.041666666666666664
c4fb7510-3dc0-41fc-90c3-330719ed9263,Южнопортовый район,55.72445745,37.664994425436575,1962.0,235,144,26.0,0.18055555555555555
c4fdaba6-a9a2-4dd3-bdc6-e4df1ad9f79f,район Щукино,55.792264200000005,37.496540468225184,1952.0,367,166,29.0,0.1746987951807229
c5031929-0d54-43a3-9b6b-62af7058231e,Таганский район,55.7342731,37.643166,1957.0,804,379,64.0,0.16886543535620052
c516d35d-6f36-4369-9b7f-8f152384dedb,район Черёмушки,55.67153625,37.575329101491775,2000.0,746,382,88.0,0.23036649214659685
c51c5da8-771f-48f4-87d8-6f4d0992775c,Головинский район,55.848881950000006,37.477121951584934,1966.0,434,198,5.0,0.025252525252525252
c51c6640-f40f-4a72-8e85-8693d06c3fdb,район Тёплый Стан,55.6262684,37.50991827329507,1998.0,521,245,37.0,0.1510204081632653
c528a30d-8b9b-469f-b817-013eea803bae,район Замоскворечье,55.7341502,37.63697929999999,1911.0,34,17,6.0,0.35294117647058826
c529f49e-8c70-47bf-9a61-29681cd6b281,район Митино,55.85378605,37.35127009372802,1999.0,385,171,5.0,0.029239766081871343
c546bf67-0856-4dc3-a2ef-ee882f1a5ee1,район Раменки,55.72842825,37.53365116956437,1967.0,222,107,13.0,0.12149532710280374
c552913f-e31d-484a-9736-771c96185698,Тверской район,55.77237955,37.60909213935824,1961.0,580,335,86.0,0.25671641791044775
c5599ea7-e8ab-4cf4-9ce0-d38c71aee770,Тверской район,55.7626608,37.61119798870685,1955.0,128,79,37.0,0.46835443037974683
c55b1076-d005-4c06-8a12-c30c57172e0f,Академический район,55.6915175,37.5749479,1959.0,175,79,7.0,0.08860759493670886
c57f3602-a769-464d-bcce-29cf186886bf,Басманный район,55.762882149999996,37.64367652570324,1917.0,131,68,19.0,0.27941176470588236
c580f0a8-859a-41f8-ba48-be09009744e7,Мещанский район,55.775086349999995,37.6282300884974,1974.0,216,110,4.0,0.03636363636363636
c58371da-3607-40ce-9349-a4dc34fb0d86,район Черёмушки,55.6783717,37.560161759701494,1960.0,93,64,18.0,0.28125
c58c83c8-21c5-4c21-ba30-497b38c5ee9d,район Кунцево,55.78652405,37.358738,1959.0,111,48,1.0,0.020833333333333332
c58ead23-df69-4073-a365-a705a30d8ee6,район Хамовники,55.741449349999996,37.57900314972119,1886.0,52,19,2.0,0.10526315789473684
c59df742-f834-4e9a-84cb-53ef95266d9a,Головинский район,55.8448152,37.494713618645385,1967.0,207,100,5.0,0.05
c5a7ba46-11f8-4c80-b3d1-31835f61bd90,Басманный район,55.7594938,37.6571972,1916.0,55,30,7.0,0.23333333333333334
c5aee787-8093-4f3b-a25d-8c143ed5fdb4,район Марьина Роща,55.786982800000004,37.60912267834148,1971.0,264,171,27.0,0.15789473684210525
c5b9b187-61c7-4198-afd0-05b0bad278d6,Тверской район,55.76618595,37.616959332687756,1877.0,69,38,8.0,0.21052631578947367
c5c54a79-580c-4808-bc14-54da73aa7ceb,Даниловский район,55.72485965,37.65983191575798,1963.0,129,72,12.0,0.16666666666666666
c5c7b15f-f43e-431a-89bb-dd515f7fbaa3,поселение Московский,55.59413815,37.368871752659345,2012.0,404,258,98.0,0.3798449612403101
c5ce8fd2-55c4-4de3-8742-c6225839c067,Басманный район,55.7547934,37.6510301,1917.0,45,17,1.0,0.058823529411764705
c5d3870f-2ae4-4852-8850-51976d20c54f,район Соколиная Гора,55.78029945,37.74147361170133,1965.0,189,88,6.0,0.06818181818181818
c5d8597e-522c-405d-b528-1e10a55300de,Красносельский район,55.77018135,37.64023796189193,1900.0,70,32,9.0,0.28125
c5e8f75b-fb3e-42fb-8693-a43161c5aff1,Бабушкинский район,55.863871,37.6750838449495,1964.0,97,68,20.0,0.29411764705882354
c5fe60ee-fa32-447b-af35-48e8d2b3cd6b,район Филёвский Парк,55.736657199999996,37.49671222883684,1998.0,434,237,59.0,0.2489451476793249
c5ffd0e9-f56f-4b4b-908e-f2427ae05218,район Замоскворечье,55.73932635,37.62664411383429,1927.0,13,8,4.0,0.5
c60de520-2ec2-4a35-850d-9d51e08cf09a,Рязанский район,55.722002599999996,37.78441061406187,1961.0,102,52,2.0,0.038461538461538464
c61058bb-02b5-49d2-9b2c-1a00629c618d,Басманный район,55.7713318,37.6833673,1996.0,167,80,20.0,0.25
c6156ad3-23f4-4d2b-b468-b2df4c7c7f2c,район Соколиная Гора,55.768824699999996,37.73545131678877,1976.0,178,95,11.0,0.11578947368421053
c6171bd5-7d26-4ceb-b2fd-d91545d85d8c,Тимирязевский район,55.810577699999996,37.57733233635454,2015.0,120,64,18.0,0.28125
c62175ac-0abe-497c-a814-9308811db2c6,район Лефортово,55.7486072,37.7162629797696,1973.0,142,98,34.0,0.3469387755102041
c622d5ca-deb1-4315-bc21-02fb5b4ab6e7,район Богородское,55.8199096,37.7005993,2013.0,2316,999,96.0,0.0960960960960961
c63f5657-1a53-4d7f-9053-c8f8c61188a8,район Дорогомилово,55.74645825,37.56808467524863,1969.0,131,78,16.0,0.20512820512820512
c64359f0-1e0c-47a8-aa27-aa00a24c028e,Головинский район,55.85956255,37.5136679,2001.0,557,252,27.0,0.10714285714285714
c65c0464-8fe8-4224-8d22-300b29b06418,Пресненский район,55.751551449999994,37.522418468121074,1970.0,143,96,22.0,0.22916666666666666
c6653344-9e5b-4e3d-9be0-a68f0e1ab7cd,Гагаринский район,55.7056206,37.575053168525955,1960.0,733,325,1.0,0.003076923076923077
c669b0a5-fbf8-453a-a76a-dc8da86495c7,район Свиблово,55.85140965,37.642012601006016,1966.0,139,80,12.0,0.15
c672afd4-9d99-4239-a770-0c18c83ce37c,поселение Филимонковское,55.5319217,37.2378563,2013.0,30,17,4.0,0.23529411764705882
c68414a9-85bb-4ab3-ab04-6a36d369ecd8,район Кунцево,55.72931715,37.43411785,2002.0,641,292,41.0,0.1404109589041096
c69b7356-0015-45ac-9fe2-e9cfb9c77273,район Перово,55.760963700000005,37.774674773446044,2006.0,202,102,23.0,0.22549019607843138
c69cbc64-8f56-4517-9d8b-ac1169c5ac8d,район Нагатинский Затон,55.6758542,37.664845,1970.0,268,107,4.0,0.037383177570093455
c6b271c1-befd-4d92-b3d7-084b688f2d9a,Ярославский район,55.86417005,37.69497926652534,1972.0,364,144,7.0,0.04861111111111111
c6c21fbb-536e-4bde-b940-e831b72d18b2,район Зюзино,55.6595407,37.60257082560164,1963.0,143,72,8.0,0.1111111111111111
c6c9c325-be33-4ff3-9c5a-38024be5644a,район Раменки,55.7026291,37.4991325510141,2012.0,213,110,39.0,0.35454545454545455
c6ca1c5e-fc8d-4c4f-87d8-34393ba91ee4,район Царицыно,55.634738799999994,37.670986912636025,1969.0,198,84,1.0,0.011904761904761904
c6cef185-0e6b-485d-8cee-7c5e24e433af,Алексеевский район,55.8105221,37.64067942519718,1957.0,632,313,63.0,0.2012779552715655
c6de0786-3108-43a8-ac90-ab3487c76aef,Пресненский район,55.77148585,37.5772436074974,1902.0,24,8,1.0,0.125
c6dfc583-f4ca-4c9a-a895-686114a7a906,городской округ Троицк,55.5931283,37.4863101,1969.0,192,96,6.0,0.0625
c6f0da42-58e2-4ef3-8791-c8610937e856,Академический район,55.69328955,37.57091069842052,1958.0,131,80,18.0,0.225
c7156592-b0e7-449a-b42c-a1b1100baa65,Останкинский район,55.814975149999995,37.6347965,1969.0,129,96,33.0,0.34375
c71ed506-0110-436e-9584-8885828e214f,район Отрадное,55.85968025,37.587123006293304,1975.0,319,191,16.0,0.08376963350785341
c72826d8-f64c-48ed-b8f3-8e2a39806c60,район Хамовники,55.745613750000004,37.59889949432473,1911.0,41,14,1.0,0.07142857142857142
c7290967-59a8-49d4-a680-726d47cf8f4a,район Новогиреево,55.74009864999999,37.77987477263257,1965.0,145,72,1.0,0.013888888888888888
c72a6096-f710-4566-b22a-d6679393ec12,район Левобережный,55.874756149999996,37.46518189595699,1974.0,1168,493,7.0,0.014198782961460446
c72c4aa0-1539-4fa6-b306-4b291d31c0f3,Рязанский район,55.7212004,37.794970070094564,1967.0,370,179,25.0,0.13966480446927373
c7355604-b850-4868-be70-d71bc4d91190,район Тропарёво-Никулино,55.6549634,37.48281903478696,2002.0,413,190,33.0,0.1736842105263158
c73833b4-c737-4a3d-9a4a-b4d3d59aeead,район Марьино,55.6576083,37.775881946139386,2001.0,256,112,12.0,0.10714285714285714
c74413ff-2280-4d07-b3b6-04cbd1545da8,район Куркино,55.895380599999996,37.39754184609052,2003.0,64,139,117.0,0.841726618705036
c74e620a-9e33-42c0-bc04-9fa590ab4be4,городской округ Троицк,55.47914135,37.29831267287898,1996.0,231,110,4.0,0.03636363636363636
c75b2de0-21d8-4f04-9d86-45b632347b5a,Рязанский район,55.71852005,37.78826235817639,1968.0,139,80,12.0,0.15
c75f25b9-7afc-4fda-ae3c-8b6d7562be84,Алексеевский район,55.8178694,37.65892383686102,1966.0,168,84,2.0,0.023809523809523808
c7673477-f618-4e29-89c4-d0060965d014,район Филёвский Парк,55.74631015,37.498461230640345,1965.0,186,108,23.0,0.21296296296296297
c767fd82-c553-4088-9b11-0071a0034ae9,поселение Московский,55.6015915,37.3420775,1996.0,224,95,12.0,0.12631578947368421
c76873c4-db6d-4f7d-881b-9d5cf783dc9f,район Нагатинский Затон,55.6752397,37.66665945,1965.0,281,145,17.0,0.11724137931034483
c769aacb-f092-4fb3-8246-5b47e0bf4c01,район Текстильщики,55.7192338,37.732813836396225,1969.0,124,80,20.0,0.25
c7757ec5-a10c-4dcf-a39e-f0504076c33f,район Лефортово,55.760195749999994,37.70499150000002,1951.0,83,45,13.0,0.28888888888888886
c778a45e-6c7f-4b8e-b26a-99634abfdcda,Хорошёвский район,55.778539,37.54824515336135,1979.0,225,111,14.0,0.12612612612612611
c77e0973-3f2f-415a-bf6e-dcfc8a888768,район Замоскворечье,55.7454247,37.62605392919161,1908.0,42,19,4.0,0.21052631578947367
c77e588f-9b4e-4108-be99-7bce60373945,Пресненский район,55.7549939,37.56833112858666,1954.0,487,192,13.0,0.06770833333333333
c789431a-0725-491b-9bd8-f7bd1ca24681,район Бибирево,55.8873028,37.61497070051975,1981.0,397,190,16.0,0.08421052631578947
c78d1a98-14ba-4620-9a0b-322496e77608,район Северное Измайлово,55.806632300000004,37.79138094170787,1966.0,150,96,17.0,0.17708333333333334
c7978364-1014-48f3-814e-1b5dd839671b,Тверской район,55.77410605,37.588589693326526,1940.0,243,153,78.0,0.5098039215686274
c79a7122-36f1-4520-b743-28db1f4d45c8,Басманный район,55.7565308,37.64444295466017,1914.0,20,7,1.0,0.14285714285714285
c79ddd22-79d9-4767-82f9-462785627ae9,район Щукино,55.80628045,37.454964066644735,1966.0,148,86,13.0,0.1511627906976744
c7a1a901-cb98-402c-bd14-02c7b91a9725,район Восточное Измайлово,55.794477900000004,37.818680511412566,1967.0,117,72,14.0,0.19444444444444445
c7a2b9dc-44b2-4726-ae04-c6c6d2edfc4e,Хорошёвский район,55.781574250000006,37.518067810750395,1958.0,120,80,31.0,0.3875
c7b1197f-5e4d-437b-a462-4e8945b7efb7,район Орехово-Борисово Южное,55.60798985,37.72914323142472,1977.0,316,144,15.0,0.10416666666666667
c7bb853a-d31d-4144-8708-66a12ddc75b5,Ярославский район,55.851492050000004,37.68183690000001,1972.0,177,98,4.0,0.04081632653061224
c7bc47f2-f5a5-4e51-916d-77e522170602,район Чертаново Северное,55.632604900000004,37.59125616292337,1984.0,400,225,21.0,0.09333333333333334
c7c3fc4b-0e85-4508-a749-2702c46a0b89,район Сокольники,55.7862641,37.6843984,1975.0,331,214,31.0,0.14485981308411214
c7cd9a0e-5689-4b40-8139-c166879404ae,район Зюзино,55.64362595,37.59664635,1963.0,141,72,9.0,0.125
c7dccb4c-8e8a-44d3-a9fd-31dda175f114,район Ростокино,55.828861849999996,37.66503955092615,1971.0,203,98,13.0,0.1326530612244898
c7f070d5-3d9f-45dd-ad76-93d4214ba422,район Хорошёво-Мнёвники,55.778879450000005,37.49076708337702,1959.0,119,60,13.0,0.21666666666666667
c7f10b0f-e38a-43e0-af6a-84ef1a404c0e,район Марьино,55.66520735,37.767382710423476,2000.0,251,104,4.0,0.038461538461538464
c7f44c30-56ab-4204-850d-1f75c937d19f,район Щукино,55.7904989,37.490606253776434,1968.0,131,83,19.0,0.2289156626506024
c81744e2-8c13-48b8-8ea8-f6db49aaefae,район Текстильщики,55.695200299999996,37.737137772504326,1975.0,131,66,15.0,0.22727272727272727
c82323cc-94e9-4791-a950-7fade6a119a2,Даниловский район,55.716683700000004,37.63482941894314,1963.0,99,64,13.0,0.203125
c8363fb2-55cd-464b-82d8-680b59238da2,район Замоскворечье,55.72344375,37.63115898237143,1956.0,153,74,15.0,0.20270270270270271
c83717e1-7036-4767-88c4-1f426c0a53f5,район Измайлово,55.79158705,37.791133450000004,1962.0,142,80,16.0,0.2
c846f506-26f3-482a-8df2-f42540158f4b,Хорошёвский район,55.778769600000004,37.52170382292387,1959.0,77,46,13.0,0.2826086956521739
c84f9d60-91b9-4260-a2cd-b5aa09ce08ed,район Текстильщики,55.6999091,37.740101595818444,1972.0,379,157,5.0,0.03184713375796178
c851d73f-435b-41a9-bf65-f20ef502fa92,район Хамовники,55.74521705,37.58931476009724,1910.0,26,15,5.0,0.3333333333333333
c8787e86-d205-4995-a3a2-719d4d412d82,район Ховрино,55.87549865,37.48792824819516,2006.0,349,156,1.0,0.00641025641025641
c880737a-0c8d-489a-8bc6-3d1d28359bae,район Зюзино,55.6592665,37.59617982328591,2015.0,379,183,31.0,0.16939890710382513
c884b016-b171-4e6b-a6a8-15d2758a76a4,район Измайлово,55.798004750000004,37.79987595,1985.0,637,271,17.0,0.06273062730627306
c887c793-2448-4d2a-9e6e-4095c2e8981e,Нагорный район,55.6660525,37.61570767509873,1968.0,171,84,2.0,0.023809523809523808
c89242cf-f36f-4c18-aa50-5058ece88ec7,район Гольяново,55.826491399999995,37.81238160852385,1971.0,185,94,1.0,0.010638297872340425
c8b0491b-93d6-4faf-b08a-faf8bf2d854f,район Южное Тушино,55.8466805,37.44592603655374,1972.0,289,169,34.0,0.20118343195266272
c8b8f6ed-a367-4555-8236-ab172848c264,городской округ Троицк,55.86072325000001,37.670967,2004.0,172,68,2.0,0.029411764705882353
c8bd8a72-41f9-4175-aff4-a4e37e3fcb19,район Ховрино,55.856564899999995,37.4974527549786,2002.0,336,191,50.0,0.2617801047120419
c8c7c1a8-f668-44bf-b33f-777b81ca215d,Алексеевский район,55.82480875,37.64813531620209,1967.0,139,84,16.0,0.19047619047619047
c8cc4c9c-deb8-4438-8759-5b67a66a9416,Бескудниковский район,55.8555578,37.56595436020868,1966.0,146,80,6.0,0.075
c8cf0504-b60e-44d8-b152-3a1bf81f913c,Головинский район,55.8497803,37.477342685408615,1965.0,138,80,16.0,0.2
c8e43ff5-40f2-4a66-a193-1359c140b41b,район Арбат,55.74788505,37.58734218436193,1900.0,29,13,3.0,0.23076923076923078
c8e6c460-6254-4840-aa95-346e870fc61f,район Измайлово,55.8017015,37.78547317488024,1959.0,116,60,9.0,0.15
c8e74a43-0fea-4315-8892-b62043ba8a9d,район Западное Дегунино,55.878108999999995,37.50790870498753,2014.0,425,192,13.0,0.06770833333333333
c8ed342c-d885-4cff-b219-83127f2d15d5,Таганский район,55.7474735,37.65999194999999,1959.0,117,64,8.0,0.125
c8f17fb5-4d43-49ec-a58e-38e5c0060b48,район Проспект Вернадского,55.66740195,37.50492237471694,1963.0,114,72,17.0,0.2361111111111111
c8f9076f-4917-4b80-adb4-7b1d66777129,район Восточное Дегунино,55.8611144,37.56584947530972,2001.0,416,189,5.0,0.026455026455026454
c8fa666b-feeb-43e5-b190-e2c4d1d58226,район Восточное Дегунино,55.883483850000005,37.56460396354207,1974.0,194,91,1.0,0.01098901098901099
c9031155-2e38-46f0-8edd-a154030dcb36,район Люблино,55.6733868,37.765604799284304,2003.0,1329,604,55.0,0.09105960264900662
c904d569-a67f-4d15-9239-e5720d3da5d7,район Хамовники,55.74114975,37.59778270578843,1905.0,12,6,3.0,0.5
c90d6817-7bd5-4e42-ab4c-03246c2d2691,Даниловский район,55.71634085,37.60878359703867,1984.0,95,45,3.0,0.06666666666666667
c9112115-5a6c-4e49-9118-7c55a1179f9d,Южнопортовый район,55.70729015,37.66982865358817,2003.0,102,51,7.0,0.13725490196078433
c91f2477-2eca-4b34-9196-0faf3ec2eeb5,район Митино,55.845031,37.36780634539731,2015.0,647,408,133.0,0.32598039215686275
c921c071-a062-45b3-8ce5-188ab8d76690,район Кунцево,55.78559425,37.358860925181915,1961.0,89,48,10.5,0.20833333333333334
c9266225-bcd9-42fd-804a-d72e987c7400,Останкинский район,55.81328525,37.622697752134044,1961.0,102,63,5.0,0.07936507936507936
c92d1695-36bc-4c9f-8d11-d52d501f79cd,Лосиноостровский район,55.88305535,37.70758720170315,1970.0,376,196,9.0,0.04591836734693878
c933ff86-7e57-4703-aff1-cab17aae2c29,район Раменки,55.723085749999996,37.5270101911221,1964.0,95,74,7.0,0.0945945945945946
c93588aa-eee3-4cd2-95d9-e8c3c6a41ad2,район Гольяново,55.8201569,37.79732937947762,1969.0,311,173,36.0,0.20809248554913296
c944ca80-26bd-422a-a581-dd3a6e9ddc24,район Чертаново Северное,55.63896095,37.60049853955776,1979.0,169,96,16.0,0.16666666666666666
c94ac6b0-05b1-4861-8d49-5ec6d6e98a99,район Кунцево,55.7292687,37.4283573498829,1958.0,47,31,8.0,0.25806451612903225
c950baad-337d-4731-913b-632385c3503b,район Измайлово,55.794035750000006,37.7904666,1953.0,88,45,8.0,0.17777777777777778
c95152ee-811c-4da5-a667-6655a5bd3096,район Северное Тушино,55.851565550000004,37.41466114242991,1968.0,323,172,1.0,0.005813953488372093
c960695a-7a06-409e-bbbd-6ec28f339dd2,Тверской район,55.7742958,37.5940083,1912.0,27,11,2.0,0.18181818181818182
c97b41a9-2a3b-45ea-abef-5a2b83e450b8,район Чертаново Северное,55.628771099999994,37.61326308829754,1987.0,1106,526,74.0,0.14068441064638784
c9873c69-7ba5-46ac-a9d8-d17940ef16e0,поселение Московский,55.5993025,37.356612577982105,2016.0,87,149,112.0,0.7516778523489933
c98d9c0b-f93b-4efe-8b3f-1faea49502ca,район Ховрино,55.86564755,37.499873578872524,1968.0,465,214,4.0,0.018691588785046728
c9ac6767-53ae-48bb-8d99-2884ad659ef8,Савёловский район,55.79364035,37.58166039723492,1967.0,227,128,11.0,0.0859375
c9af4f06-e93b-49a6-ab26-39c8fdb81d52,Таганский район,55.7424479,37.6510849,1971.0,177,109,35.0,0.3211009174311927
c9b2f305-88d2-4cea-9ac6-091405d861ed,поселение Кокошкино,55.60296325,37.171419154658395,1975.0,187,98,18.0,0.1836734693877551
c9b7f063-dcc0-4c82-8c41-b2f6fbf5b224,район Кунцево,55.7385477,37.39827581788375,1964.0,165,80,13.0,0.1625
c9bcc7a8-468c-4765-81bb-ed8ef6aa7744,район Тропарёво-Никулино,55.65749235,37.493002056534934,1971.0,180,95,1.0,0.010526315789473684
c9c33c5e-c5a2-46e4-b093-75e5e00441fa,Академический район,55.6961481,37.57166783782504,1969.0,186,112,5.0,0.044642857142857144
c9c8610f-19d1-4dbd-b29e-d21d6306ab62,Мещанский район,55.791422850000004,37.62445594982724,1960.0,153,79,16.0,0.20253164556962025
c9cfa8e2-2175-4b6e-b15b-74ed35806189,район Котловка,55.677383649999996,37.606280935752665,1968.0,137,96,37.0,0.3854166666666667
c9d98cef-03da-4da2-a7da-102d55b333e8,район Кунцево,55.7493446,37.40829775227273,1973.0,178,98,24.0,0.24489795918367346
c9f60cee-b831-4dd8-9bb5-f841addcc032,район Замоскворечье,55.72257735,37.62376829784978,2012.0,144,73,6.0,0.0821917808219178
ca02538e-85f9-4013-bfe2-817a55e596b2,район Солнцево,55.6426015,37.41653798206934,2008.0,146,192,133.0,0.6927083333333334
ca035b71-e6e1-4f0c-8f10-2b1e92981417,район Северное Медведково,55.8860713,37.67222361161984,1971.0,210,160,30.0,0.1875
ca07a3d0-5d0f-402f-a796-44bdf953df25,поселение Сосенское,55.55110845,37.50073722225788,2016.0,73,71,41.0,0.5774647887323944
ca1026d5-fadc-45d4-9828-d777c1f2c1aa,район Хорошёво-Мнёвники,55.778574750000004,37.47619693193754,1969.0,273,134,11.0,0.08208955223880597
ca116b4e-8944-43d6-928e-1f7f5a18b711,Басманный район,55.7713008,37.67494977688557,1941.0,145,53,1.0,0.018867924528301886
ca1716d3-9978-4e52-9f9b-d11c669e91f0,Нагорный район,55.66925795,37.611988126629534,2016.0,541,304,89.0,0.29276315789473684
ca1744b3-9d4e-4330-bbd5-687516c21844,Обручевский район,55.6627196,37.51157749992434,1976.0,361,175,1.0,0.005714285714285714
ca1e9fb2-1496-45e4-90fa-93e6f249ff98,район Строгино,55.798889450000004,37.38973685,2012.0,313,240,97.0,0.4041666666666667
ca25b32a-eb6b-4d25-9dc9-de2d32e321f7,район Свиблово,55.8498728,37.63511442563997,1970.0,303,144,16.0,0.1111111111111111
ca39fe71-cc2e-415d-87b6-b5f05bd9d953,район Южное Бутово,55.534711200000004,37.50093861890436,2006.0,427,184,3.0,0.016304347826086956
ca4a1faa-fcf2-4f9a-a5c2-817fefefd598,район Проспект Вернадского,55.67839955,37.491392256860806,1966.0,153,79,3.0,0.0379746835443038
ca59b252-b4ed-4f9d-8862-6fb824a3b62c,район Хорошёво-Мнёвники,55.7886297,37.44799199768507,1970.0,192,96,5.0,0.052083333333333336
ca5e4eb7-0105-4a23-8a7a-596d33f2ad70,Тимирязевский район,55.807539899999995,37.559728893380665,1970.0,128,91,34.0,0.37362637362637363
ca6649a2-fa6e-4c62-9723-f35035094d8a,Пресненский район,55.75595375,37.59423771203039,1912.0,42,17,1.0,0.058823529411764705
ca6722ba-d382-4c3b-be2b-eba22ef9bf95,район Марьина Роща,55.790331050000006,37.61376723067477,1926.0,110,40,1.0,0.025
ca7a977e-6a5b-4d60-aa86-61730e0bb1d3,Тверской район,55.784594999999996,37.60269824378134,1962.0,95,72,29.0,0.4027777777777778
ca8693ec-5d2e-4aa5-b7e7-2366baa376dd,район Ховрино,55.878065199999995,37.48553524571824,1965.0,164,96,7.0,0.07291666666666667
ca86bb40-b0b1-440c-af9b-2abacd9e5fda,Тверской район,55.7638228,37.61448628128724,1909.0,48,22,6.0,0.2727272727272727
ca878a21-3326-49d8-94ea-e10bfdfefc5e,район Лефортово,55.758846,37.70660225,1952.0,98,51,6.0,0.11764705882352941
ca8f1b15-ee11-491f-a9e1-be2fbd7177b4,район Раменки,55.7286746,37.525970033168925,1966.0,155,84,8.0,0.09523809523809523
ca936b70-4c76-4ee1-97d2-aa7923fedd02,район Кунцево,55.7343316,37.42542708270884,1971.0,223,132,18.0,0.13636363636363635
ca93ad79-f2d4-4a7c-88b1-ca52e343cb77,район Царицыно,55.63064475,37.66393989756406,1972.0,228,120,17.0,0.14166666666666666
ca9441e9-f6d9-4695-b1b3-62c16dddfe67,район Хамовники,55.746915200000004,37.5901633816641,1965.0,34,18,6.0,0.3333333333333333
ca945a79-b9f5-43d7-8734-5aa9dc1f3214,район Якиманка,55.73066135,37.61089424827669,1943.0,94,32,3.0,0.09375
ca9ed389-ed77-4f5f-bd78-d5bab283ecd7,район Щукино,55.7910567,37.49711685577273,1955.0,190,82,10.0,0.12195121951219512
ca9fa153-9946-4eb9-8ad4-21dcb7aae450,район Сокольники,55.7896741,37.67183195373171,1972.0,632,293,11.0,0.03754266211604096
caab2845-9197-458b-8ed4-fcbed568b43f,Тверской район,55.79160725,37.59289861074369,1954.0,56,22,5.0,0.22727272727272727
cab3d927-79d1-47ef-b614-14cc68689c8f,район Перово,55.76460085,37.78870555,1966.0,117,68,8.0,0.11764705882352941
cab7f620-fd9d-4e10-946c-f3a5442e4075,район Кузьминки,55.70818955,37.74945795320175,1975.0,135,64,10.0,0.15625
cabb07e3-fb39-4bc4-a44d-d6c0f19adaf4,район Кунцево,55.7346929,37.42331460109473,2005.0,261,180,47.0,0.2611111111111111
cacd851c-513a-4c38-9fb7-da6128fbe4bd,район Проспект Вернадского,55.67498715,37.491510749553925,1970.0,170,92,4.0,0.043478260869565216
cacfad02-afde-4ccd-90d6-5f8a7b305a20,Пресненский район,55.760895149999996,37.593460415521974,1967.0,79,40,12.0,0.3
cad70b38-b783-4990-a34d-0f425b6508e4,район Строгино,55.8016737,37.395557629415094,1980.0,351,190,37.0,0.19473684210526315
cada1daf-0d4f-497e-8139-4b5cad3d04a8,район Кузьминки,55.71115585,37.76106255757955,2000.0,307,133,30.0,0.22556390977443608
cadbc617-ff8d-456b-a777-e67ca5a4273e,Обручевский район,55.6516912,37.517261609048326,2010.0,714,429,151.0,0.351981351981352
caec624d-d109-4024-a25a-cf51281e16c2,Академический район,55.689987650000006,37.59025867436519,1959.0,162,78,8.0,0.10256410256410256
cafd8f3c-a2d4-46a0-8050-cf6a86b7caab,район Раменки,55.706760349999996,37.5061506744554,1965.0,121,72,2.0,0.027777777777777776
cb130a38-2a6e-45eb-8988-7d6f5a806baa,район Коньково,55.6343526,37.52702998732852,1973.0,235,123,17.0,0.13821138211382114
cb153024-cfb4-4ad8-8c94-cb7d7a99038a,Гагаринский район,55.70645945,37.5675654038038,1966.0,241,112,6.0,0.05357142857142857
cb1e9d14-5805-49f5-81c6-35901e7a86f9,район Хорошёво-Мнёвники,55.77735415,37.4841406775617,1983.0,150,66,2.0,0.030303030303030304
cb21d699-85bb-4abe-b2a8-d1a42d7094d8,район Арбат,55.747436199999996,37.59806275330615,1905.0,23,17,8.0,0.47058823529411764
cb236f4b-4cf9-478d-8f37-f27c469803f0,Даниловский район,55.7057315,37.61654910359189,1980.0,274,110,5.0,0.045454545454545456
cb258634-dc7b-4507-ba02-fefe483667ef,район Печатники,55.688374350000004,37.7242991224703,1970.0,172,96,16.0,0.16666666666666666
cb2dd613-484d-42a6-ba75-75bd84b522dd,район Сокол,55.80566815,37.50486236189238,1955.0,303,135,35.0,0.25925925925925924
cb31c544-b7ae-4fc2-a8e3-9a4bafe64596,район Бибирево,55.89685975,37.63222355826123,1977.0,200,95,7.0,0.07368421052631578
cb32bd39-daf7-4913-9bbd-9d54eef91b2f,район Северное Измайлово,55.808122049999994,37.7776702195725,2000.0,384,188,33.0,0.17553191489361702
cb37d43e-8078-4d25-961c-9c61ccc467cb,район Южное Медведково,55.8758845,37.6337639,2002.0,328,156,20.0,0.1282051282051282
cb3eb703-e349-4652-b42c-7eefb38aa706,район Гольяново,55.81416315,37.813925272675505,1978.0,185,111,21.0,0.1891891891891892
cb4990cf-5750-4a57-9429-67baf9235786,район Южное Бутово,55.539436550000005,37.54011990805411,2000.0,126,80,14.0,0.175
cb4a9368-f0d9-49b6-863f-9b0f641055be,Пресненский район,55.7552541,37.59549147073708,1960.0,65,40,9.0,0.225
cb51b409-ae57-4a2f-ba0c-1eea6165489e,Хорошёвский район,55.7794633,37.526813901406086,1964.0,77,40,5.0,0.125
cb525ca9-007e-412f-a46a-94f90b41b18d,район Черёмушки,55.67496625,37.55549054774231,1963.0,76,72,36.0,0.5
cb5a43d3-1e08-4557-a5c2-d127213e9180,район Беговой,55.7787862,37.58204081961691,1964.0,155,91,10.0,0.10989010989010989
cb5f2b1e-5a0b-4414-a127-2899d2c64bbf,район Царицыно,55.63715245,37.65016315544415,1998.0,1255,585,27.0,0.046153846153846156
cb633de7-d18e-418d-9dbb-4e904aedae67,район Хамовники,55.74541995,37.589987199999996,1974.0,53,32,12.0,0.375
cb6aa75f-eb94-4991-a94e-a87fc467eb82,Савёловский район,55.794434550000005,37.572887095873625,1973.0,202,109,10.0,0.09174311926605505
cb6ce6db-4faa-465d-896f-7e41f2ed2bf1,Басманный район,55.772121049999996,37.6773728805,1968.0,147,81,8.0,0.09876543209876543
cb6d1645-60d6-45b3-beed-7d543e825251,район Кунцево,55.745375800000005,37.416265202978366,1966.0,109,72,20.0,0.2777777777777778
cb6d6fa7-a13d-4a37-bf3f-8e0f92d23fca,район Измайлово,55.7978431,37.769947,1966.0,185,84,2.0,0.023809523809523808
cb6ee39e-d95f-4a20-8614-810989204310,Алексеевский район,55.8203418,37.6419102,1967.0,475,212,1.0,0.0047169811320754715
cb799d02-654c-4e7a-9388-a07dfcc8d8c0,район Щукино,55.80228095,37.477472413274334,1971.0,205,112,31.0,0.2767857142857143
cb868da4-f355-4a54-ab39-f322a07d7b16,район Раменки,55.704854749999996,37.50752402433196,1966.0,119,72,13.0,0.18055555555555555
cb8eb78a-b420-4da7-b540-f21dc93dba45,Пресненский район,55.757623699999996,37.555703110804785,1997.0,188,82,11.0,0.13414634146341464
cb92172d-fdef-43d0-9665-a157f721b536,район Люблино,55.682559600000005,37.740025592001544,1973.0,180,84,10.0,0.11904761904761904
cb9d6da3-5d06-49a2-b23a-6ae9a79c24c7,Мещанский район,55.78522665,37.63712333550599,1966.0,270,178,64.0,0.3595505617977528
cba1ab30-211d-4060-905c-a782cc9f8197,Обручевский район,55.648043200000004,37.50034107132801,2004.0,303,130,22.0,0.16923076923076924
cbaec2fc-022a-4a83-8967-44b2718dd617,район Беговой,55.7884412,37.576497450000005,1983.0,187,105,12.0,0.11428571428571428
cbb4ed78-d240-4826-ba4c-a0f1aa39cb8f,Мещанский район,55.78395515,37.637368538256595,1974.0,164,160,59.0,0.36875
cbb7938d-a7a3-4d47-aca1-91a74e36717e,район Нагатино-Садовники,55.66210525,37.62801831600479,1954.0,462,360,127.0,0.3527777777777778
cbbb263f-1c90-4171-b2ef-587c73ab4f9e,Даниловский район,55.714036899999996,37.60854866018256,1928.0,50,28,8.0,0.2857142857142857
cbbdf09a-bc2b-4686-b46a-72d7fdd6ac4d,район Новогиреево,55.7447093,37.7943714395167,1977.0,195,96,10.0,0.10416666666666667
cbc1ad8d-81fe-4279-bb47-16c491ad2e40,район Замоскворечье,55.743647300000006,37.6404725,1956.0,158,96,26.0,0.2708333333333333
cbc2ae98-b9aa-4854-ae94-466b4c086631,район Левобережный,55.860174349999994,37.48231655678009,1966.0,240,144,50.0,0.3472222222222222
cbc3783e-c1c5-4197-bdaf-ff5036902155,район Черёмушки,55.65302655,37.5614312,1965.0,136,86,21.0,0.2441860465116279
cbc5ffde-e0aa-4e21-b2a1-47ad2cbea208,Бутырский район,55.81545285,37.5920823482489,1954.0,240,90,7.0,0.07777777777777778
cbc7263f-de63-4831-a7ed-f9cf85a7f606,район Перово,55.7603572,37.79233263106872,1960.0,147,81,13.0,0.16049382716049382
cbca6042-9197-492c-9266-393e88df0048,район Раменки,55.7267353,37.5251142,1969.0,151,96,18.0,0.1875
cbd26280-f0a0-45d5-888e-32068b7f4d25,район Левобережный,55.8634301,37.47859359249271,2015.0,792,495,132.0,0.26666666666666666
cbe145d4-240e-4ad8-b879-cd6d3bcda045,Тверской район,55.77477665,37.60433238987066,1992.0,222,81,6.0,0.07407407407407407
cbe5c369-1cd6-40a4-ab0f-7c851e15a185,Тверской район,55.768500849999995,37.614546248283546,1888.0,23,9,2.0,0.2222222222222222
cbeb6d5f-bf38-4aea-92e9-dec84f9ac537,район Филёвский Парк,55.763827250000006,37.48369654493095,1981.0,230,127,14.0,0.11023622047244094
cbf65960-f092-4002-8ffe-e7631c1caefc,район Зюзино,55.663197350000004,37.6055634944926,1972.0,210,108,24.0,0.2222222222222222
cbf6aa6d-18bd-4a52-9bef-eb86552dd6ad,район Черёмушки,55.65117215,37.55822385165392,1965.0,121,84,28.0,0.3333333333333333
cbfacdc0-90fd-469b-a376-cb8f188cf6f2,район Раменки,55.72457085,37.52421894249489,1965.0,145,83,10.0,0.12048192771084337
cc1b8892-f9f4-4025-a789-52de3d44c549,район Гольяново,55.8194777,37.8276765,1978.0,723,376,6.0,0.015957446808510637
cc1c0579-e62d-4e28-88aa-a8ac02420f47,район Кунцево,55.7295454,37.426199249747825,1960.0,153,80,2.0,0.025
cc1c8398-7a09-420b-8820-1d9f823ae7b6,Басманный район,55.766820800000005,37.67498542136425,1956.0,25,9,1.0,0.1111111111111111
cc20e595-dca5-4c21-ab3c-111fcd65c029,поселение Московский,55.590449899999996,37.378220150000004,2013.0,174,128,58.0,0.453125
cc2410e1-de4b-4859-b531-85aed819b08d,Пресненский район,55.760082249999996,37.54214082922212,1960.0,92,49,7.0,0.14285714285714285
cc2844e0-e326-42aa-ac3c-b645d4b1d574,район Марьино,55.65896755,37.7452747712306,1999.0,929,446,35.0,0.07847533632286996
cc29d5c2-a3a1-4620-a0f8-eefa18dd0d3a,район Нагатинский Затон,55.68791495,37.68729233114736,1970.0,164,84,4.0,0.047619047619047616
cc2d4026-5e6d-481d-b5c1-b837630df3e3,Тимирязевский район,55.8472686,37.565575499999994,1976.0,175,98,20.0,0.20408163265306123
cc2d53c8-c657-4e71-99d7-3b2a70b4c2a8,район Новогиреево,55.74824855,37.810005649999994,1968.0,142,84,17.0,0.20238095238095238
cc2d7e53-28a0-4973-935f-61d2742d0a52,Даниловский район,55.7122837,37.608400532848236,1960.0,90,62,7.0,0.11290322580645161
cc3f1b82-1210-4005-b7d7-fe17d836d154,район Перово,55.758104349999996,37.75985672357663,1966.0,280,144,15.0,0.10416666666666667
cc42342d-0e71-40d9-819e-4d20c027abcb,район Текстильщики,55.69890785,37.73675635,1966.0,182,84,7.0,0.08333333333333333
cc442bd0-cb76-43a8-b03d-9647dd747acd,район Царицыно,55.63402255,37.67465381038791,1968.0,161,80,3.0,0.0375
cc54c6af-f8ad-4662-953e-d2672a9e7cc5,район Восточное Измайлово,55.78917325,37.80269332743059,1964.0,199,110,5.0,0.045454545454545456
cc58f048-2083-416c-bfcc-ea99f3e5c413,Ломоносовский район,55.67919715,37.54146885389933,1973.0,151,97,17.0,0.17525773195876287
cc5cae38-3fc6-4c16-9010-21f8c7e8528d,Басманный район,55.7715992,37.6827619,1917.0,41,17,1.0,0.058823529411764705
cc5ed13f-17c4-4b35-a51c-6f78c540a883,район Марьино,55.6490376,37.7449595,1998.0,261,153,34.0,0.2222222222222222
cc5ef261-bbc6-4b91-909b-1a7da56d9b01,район Очаково-Матвеевское,55.70586515,37.467561220116096,1974.0,200,98,8.0,0.08163265306122448
cc5f7e54-bc90-4463-88ff-467faa67ff87,район Нагатинский Затон,55.674625750000004,37.68920058861187,1982.0,367,190,15.0,0.07894736842105263
cc66c8d0-3dff-4c83-a5a4-c4463f55dd50,район Тропарёво-Никулино,55.66012375,37.4912839753418,1970.0,559,249,1.0,0.004016064257028112
cc68452a-86c4-4a24-ae94-8f75a649ee8e,район Аэропорт,55.8022819,37.551995149999996,1968.0,351,179,32.0,0.1787709497206704
cc685e08-1c5b-4c03-a7c0-85d21c5d58e4,Войковский район,55.8152585,37.4997483,0.0,108,58,13.0,0.22413793103448276
cc7afe44-d1e4-4845-ae81-bc977bc4bd4f,Гагаринский район,55.5416914,37.2041884,1954.0,165,70,10.0,0.14285714285714285
cc7c0df2-74b7-425d-9ca5-c72de6838ca4,район Свиблово,55.8476054,37.642604856663525,1974.0,441,243,35.0,0.1440329218106996
cc82bf84-ce2b-471e-ad9b-036d32bf5ffa,Пресненский район,55.7654788,37.53825950811258,0.0,201,98,7.0,0.07142857142857142
cc84617e-f3b4-454b-958e-eca7ad5738af,район Котловка,55.68246205,37.59187911666447,1973.0,157,84,19.0,0.2261904761904762
cc84ed2a-84d0-4df3-b32a-1b8c576244fc,поселение Сосенское,55.5428934,37.4917742,2015.0,90,86,42.0,0.4883720930232558
cc84ede2-91a6-4309-b04f-29ce1bada68e,район Измайлово,55.8007349,37.7990417,2005.0,280,141,26.0,0.18439716312056736
cc86fb74-c6ea-44b7-977a-9ed65d229d0a,Хорошёвский район,55.781187349999996,37.51630951729406,1956.0,148,66,17.0,0.25757575757575757
cc9b56fa-8da8-4541-9866-011891999c89,район Черёмушки,55.651693699999996,37.55372151995294,1976.0,251,135,7.0,0.05185185185185185
cca101ab-d1d6-45b6-99c3-78ab55362a1d,район Черёмушки,55.6802012,37.55693325939963,1961.0,98,63,16.0,0.25396825396825395
cca36ccc-b0fa-486b-b4a7-c540ba180995,район Южное Тушино,55.840372450000004,37.45564454884145,1965.0,180,84,6.0,0.07142857142857142
cca6e6a3-1aef-4a1b-bbc0-9b5cc41a9d0f,район Лефортово,55.7563315,37.688439270087,1958.0,56,47,25.0,0.5319148936170213
ccadca24-d719-4477-96cb-686da3b2e03c,Пресненский район,55.7627484,37.573470078706364,1931.0,118,48,2.0,0.041666666666666664
ccb0c525-f27f-4d63-8581-072d01975ca9,район Хамовники,55.7413724,37.59681050274222,1914.0,38,18,6.0,0.3333333333333333
ccb8207e-c6c5-43de-b25d-225bc92c1209,поселение Сосенское,55.5683978,37.48585038045908,2014.0,272,204,80.0,0.39215686274509803
ccc52242-61d2-466c-89a5-2546b406a572,район Черёмушки,55.65930505,37.57296619851226,1963.0,98,68,13.0,0.19117647058823528
cccb02d9-6bc6-45be-a077-6605523c26be,район Чертаново Южное,55.590126049999995,37.597323149999994,2006.0,247,180,66.0,0.36666666666666664
ccd70cd4-bebe-4c48-a5e6-b16d5d5047b0,район Коптево,55.83753645,37.536790646861085,1970.0,177,91,9.0,0.0989010989010989
ccdc7ca0-1110-440b-9635-1708ded78d40,район Измайлово,55.7975457,37.802674177670305,1969.0,201,109,2.0,0.01834862385321101
cd0f0850-2997-4d7e-8e2e-c7bf964bf231,район Хамовники,55.7442199,37.59226886168979,1947.0,38,19,6.0,0.3157894736842105
cd165ef3-ef1b-4e8a-a1e9-c6661a0b1af6,район Северное Медведково,55.8937369,37.661330150644645,1975.0,202,94,6.0,0.06382978723404255
cd1f3db6-07a2-467d-844c-0b0787b882e2,район Марфино,55.84282245,37.57810535,1970.0,127,72,18.0,0.25
cd2a25cc-40f9-4b0c-adf6-c63f7da1f65d,район Чертаново Южное,55.60113575,37.61403746396236,1972.0,415,190,4.0,0.021052631578947368
cd30263f-23c5-4bea-8dd6-8ea0563cce3e,Красносельский район,55.7810724,37.667003264348864,1983.0,906,393,35.0,0.089058524173028
cd35373c-47bd-42be-91e9-798ba1276ae8,район Филёвский Парк,55.73853645,37.5052296266516,1973.0,394,207,33.0,0.15942028985507245
cd392371-a603-41ed-8f14-cce285c2c2f0,район Замоскворечье,55.73254555,37.63631145456236,1917.0,136,71,20.0,0.28169014084507044
cd439f73-19d7-4d64-891e-b63f0e5f4ae7,Таганский район,55.740119199999995,37.66534909152789,1973.0,192,107,14.0,0.1308411214953271
cd58ad95-493f-448a-a59d-c67a89726f27,Тверской район,55.78095405,37.59157483338859,1970.0,195,96,23.0,0.23958333333333334
cd5c9469-e7fd-4e61-882b-288907b76ec2,район Марьина Роща,55.80373564999999,37.6108848,1997.0,355,158,17.0,0.10759493670886076
cd694833-0244-423c-a57e-84b0c292b3bf,район Преображенское,55.8021358,37.70343340271832,1965.0,105,72,28.0,0.3888888888888889
cd6fc08b-eb31-4d00-bf02-436dc383cb11,район Северное Тушино,55.848454200000006,37.43492954999999,1968.0,285,178,37.0,0.20786516853932585
cd716064-f082-4f4f-9a25-482e03f8bd98,район Марьино,55.64510025,37.71905245721844,1988.0,341,174,15.0,0.08620689655172414
cd7ac481-c526-460b-a9d0-aa7dc725d7b3,Войковский район,55.8194329,37.512657,1957.0,448,189,43.0,0.2275132275132275
cd7c7c5b-da89-43e5-85f6-0e022264a569,городской округ Троицк,55.63509675,37.41814924999999,1975.0,701,286,11.0,0.038461538461538464
cd848c04-65ca-4a13-94ff-da4b3b2a2ea4,район Щукино,55.810881300000005,37.44994258652966,1967.0,166,84,1.0,0.011904761904761904
cd8f18c2-b320-4dc3-9756-4d877f156ce9,район Хамовники,55.7224193,37.57252934792656,1962.0,122,72,20.0,0.2777777777777778
cda77d62-db4a-4fde-bb92-37a6addd1bfa,Басманный район,55.7634557,37.646722708342764,1898.0,80,33,3.0,0.09090909090909091
cdc8b996-9b37-4cfb-baca-5a2cacd4b7bf,Пресненский район,55.76339,37.589966287663586,1983.0,19,8,2.0,0.25
cdc96797-9919-42af-8e0f-f6797fd0712a,район Нагатинский Затон,55.684500299999996,37.685997623556474,1972.0,132,80,14.0,0.175
cdcc8025-f900-45cb-b2ed-8b9784946efb,район Нагатинский Затон,55.6767457,37.675784822887294,1965.0,141,84,17.0,0.20238095238095238
cdce7559-011f-49a6-905c-0620f931e316,Нагорный район,55.6646889,37.6114331,1973.0,208,160,18.0,0.1125
cdd977e8-4c22-47da-b4d6-1b24bffd5b29,район Орехово-Борисово Северное,55.62077825,37.70722801549472,1976.0,80,60,28.0,0.4666666666666667
cdea5760-8616-4a0d-b427-b1a50a56f1e8,Хорошёвский район,55.781602500000005,37.51600627026487,1956.0,172,66,9.0,0.13636363636363635
cdf2f201-d6f2-430f-9e0d-5bb3e3b181cb,район Северное Медведково,55.89310245,37.65814614106319,1968.0,152,80,13.0,0.1625
cdf7bbff-7144-4d69-88f9-02d79c759cca,Обручевский район,55.659394750000004,37.512955833359655,1968.0,244,111,10.0,0.09009009009009009
cdf81219-5104-45cf-a375-f99d006538ab,Алексеевский район,55.815969,37.644243,1975.0,862,331,4.0,0.012084592145015106
cdf86f8b-f851-49ca-85c1-03a8eef2536c,район Перово,55.757965049999996,37.77531825,1963.0,98,48,6.0,0.125
ce01eb10-0481-459b-bf8b-b8a227627f64,Красносельский район,55.76960615,37.64010907774977,2005.0,23,24,16.0,0.6666666666666666
ce08f1ad-1c3e-49b0-beed-360c89711d75,Обручевский район,55.67260605,37.54577376808025,1968.0,130,71,5.0,0.07042253521126761
ce1c8f4e-f999-4cfd-8d20-84c2f0525b36,район Раменки,55.7043216,37.51526449307387,2008.0,428,253,90.0,0.3557312252964427
ce231e59-0cce-42b7-a36a-d5de40d76840,Рязанский район,55.718597849999995,37.746511573017166,2007.0,1172,497,85.0,0.1710261569416499
ce234479-b635-4b19-9e65-4f48ae1e7f9f,Пресненский район,55.755711399999996,37.595253643564426,1904.0,82,30,1.0,0.03333333333333333
ce2bba2a-92ae-42b4-a4e9-879bfe76e945,поселение Московский,55.5917178,37.37689395532337,2012.0,312,196,80.0,0.40816326530612246
ce2d733a-9c8a-468f-84f2-920f625fb9b4,район Замоскворечье,55.7181496,37.6341407,1964.0,134,84,26.0,0.30952380952380953
ce3c8992-dd8b-41c2-9b6b-7b9b97c347a5,район Измайлово,55.7918342,37.78054664781048,1955.0,212,97,10.0,0.10309278350515463
ce3db90b-7403-49ae-bd4e-f6917d4d3376,Гагаринский район,55.6950962,37.5590816,1950.0,502,205,30.0,0.14634146341463414
ce440f14-7d8c-48c9-80c4-8bf22210c51f,район Кунцево,55.74351095,37.39560338267924,1957.0,82,46,15.0,0.32608695652173914
ce44c3e3-1a80-49a3-9d51-fdc651fd591d,район Северное Медведково,55.8931771,37.656988632991705,1968.0,156,80,4.0,0.05
ce56f1c0-a8d0-440e-91bc-27e0c066c5f1,район Ново-Переделкино,55.64978385,37.369523900000004,2003.0,226,103,12.0,0.11650485436893204
ce64d73c-4de8-4b76-b9f5-e46ebf1062db,Ярославский район,55.8516664,37.681007508542386,1972.0,178,97,31.0,0.31958762886597936
ce678400-c759-4fdc-bf49-58985e019cf0,Таганский район,55.7354199,37.659198745936365,1989.0,143,67,5.0,0.07462686567164178
ce6c46c5-b44f-4229-8688-a2c933405318,район Выхино-Жулебино,55.683442299999996,37.84675595839799,1997.0,123,43,4.0,0.09302325581395349
ce70d663-3701-4f3d-b8e1-0730fc73694e,район Замоскворечье,55.7324645,37.6284414,1958.0,176,86,3.0,0.03488372093023256
ce738452-d7ce-4cf1-a68c-61f62003a5ac,район Перово,55.7520639,37.783361113240886,1961.0,157,75,7.0,0.09333333333333334
ce88b0a5-8d00-4737-b77e-899f57531587,район Зябликово,55.616687049999996,37.745409060612246,1983.0,940,445,12.0,0.02696629213483146
ce9a1fec-f3da-4611-b22d-bf8222084107,Головинский район,55.8559498,37.51179185046314,1964.0,117,64,3.0,0.046875
ce9d97e4-c4c3-4d4d-9838-312a3685f82c,район Тёплый Стан,55.63356415,37.483168825,2008.0,200,145,65.0,0.4482758620689655
cea702a7-d764-46c7-9b32-bb878b428752,Бутырский район,55.81859675,37.587029125935494,1966.0,109,72,16.0,0.2222222222222222
ceb4aafb-75ef-4fd7-a87b-7f5ffcd57d04,район Соколиная Гора,55.78239775,37.737930655998234,1955.0,228,89,9.0,0.10112359550561797
cec040b1-81a0-4443-b77d-d1e72ba00744,Нагорный район,55.6475669,37.60940635094279,2002.0,457,222,39.0,0.17567567567567569
cec64e15-ae2e-479c-b884-5230aa7e178c,район Щукино,55.79150505,37.49220688563015,1968.0,147,84,12.0,0.14285714285714285
cec92a5e-2cb2-4a1a-9b5b-4596403f8c1b,район Раменки,55.7241897,37.52430657312883,1964.0,158,84,7.0,0.08333333333333333
cecbbdfe-4e17-4ea6-be1d-84a0e67df6fe,Пресненский район,55.7666974,37.583599919558075,1998.0,239,105,13.0,0.12380952380952381
cecd8a29-59a0-4582-9b68-d5933e4f592b,район Замоскворечье,55.727985950000004,37.631880357450854,1969.0,140,84,26.0,0.30952380952380953
cede2f59-c172-4e4e-83c2-eb79d91d90d8,Таганский район,55.73306185,37.66018581477451,1990.0,113,50,6.0,0.12
cee25bcc-34b8-41e8-a23d-7ac15c19fa0a,Головинский район,55.85310365,37.51615047995739,1974.0,212,110,3.0,0.02727272727272727
cee56128-8387-4f37-afa0-1787925eba8a,Красносельский район,55.77690355,37.6715528958521,1955.0,106,48,8.0,0.16666666666666666
ceea4986-fa32-4e1c-8f98-0a5395ce5ef6,Войковский район,55.8202341,37.4961209,1940.0,202,91,19.0,0.2087912087912088
cef2e45b-485a-4d48-a905-fb98244c85a8,район Москворечье-Сабурово,55.65293055,37.647368194271365,1965.0,111,66,8.0,0.12121212121212122
cef307e1-4ff8-4d97-b3bd-a7c7f09f9ec3,район Печатники,55.68161585,37.71805054482371,1974.0,658,292,4.0,0.0136986301369863
cef3dae9-c03a-48d7-b955-db9feaa1029b,Мещанский район,55.7822922,37.632462464007546,1974.0,168,83,8.0,0.0963855421686747
cf00bd1a-3cc0-4330-a402-1a528d37197e,Лосиноостровский район,55.87154045,37.682006822088994,1984.0,730,339,3.0,0.008849557522123894
cf042914-2021-4464-942d-833d398e89fd,Мещанский район,55.766859499999995,37.63003855809517,1916.0,31,18,4.0,0.2222222222222222
cf0c8998-f34a-4bbd-8aa9-f039e14292bf,Нагорный район,55.670726200000004,37.60722819962817,1987.0,187,143,25.0,0.17482517482517482
cf1ee6af-9fa3-4bdc-88a1-16de2d660886,район Хамовники,55.74497675,37.59197957757313,1912.0,27,10,1.0,0.1
cf31b5e9-bd09-4e41-ae7a-83a55b0ebf5a,район Измайлово,55.789784850000004,37.79143905115998,1961.0,123,56,2.0,0.03571428571428571
cf362d04-4f3c-4b4b-b371-8c45ea6e1d53,район Черёмушки,55.6680087,37.568808849999996,1961.0,120,71,11.5,0.16901408450704225
cf518fd7-152d-482c-b3f5-3f50bca58068,район Хамовники,55.732394049999996,37.587382297249235,1956.0,31,16,6.0,0.375
cf560f1c-6d0b-45e9-877f-58a86d2af734,район Кунцево,55.750473150000005,37.40627919772727,1974.0,145,98,21.0,0.21428571428571427
cf566e03-a950-4d1f-bfa8-6186aec08ef3,район Вешняки,55.72620275,37.8118513,1971.0,196,98,1.0,0.01020408163265306
cf5a296d-ae23-4f09-a6aa-3794d319622f,Тверской район,55.775417700000006,37.599470447655996,1954.0,91,52,22.0,0.4230769230769231
cf724450-a20e-41e5-a5fc-760d7b297ce4,район Новогиреево,55.7544097,37.815404087606794,1967.0,164,82,5.0,0.06097560975609756
cf729f44-af43-4e0e-ac2f-82ff390da20e,Бескудниковский район,55.85623595,37.56587110106064,1999.0,193,95,18.0,0.18947368421052632
cf8746c6-5934-439e-b479-248e4991df30,городской округ Троицк,55.59587495,37.445229049999995,1987.0,166,106,4.0,0.03773584905660377
cf9a7684-7ccf-4659-bd17-3394bc81b915,район Бибирево,55.88821395,37.61283735,1977.0,237,127,23.0,0.18110236220472442
cf9eb435-601e-4262-bb5c-5608165fff42,городской округ Троицк,55.4961797,37.3247123,2012.0,30,12,1.0,0.08333333333333333
cfa5a4a3-35d3-44df-9a63-1164e8c8cca2,район Измайлово,55.79117615,37.78478749999998,1959.0,98,54,11.0,0.2037037037037037
cfabfc56-da76-4d9a-a314-812a3d302c91,Войковский район,55.83493405,37.48926474598864,1964.0,182,79,3.0,0.0379746835443038
cfabfe5a-655e-499b-9688-10a9980e8314,район Аэропорт,55.8073081,37.52219786645675,1959.0,125,57,10.0,0.17543859649122806
cfb0d69e-3130-495a-9488-c956ea2df457,район Марфино,55.8222789,37.60167234673558,1964.0,106,68,22.0,0.3235294117647059
cfb41dda-be38-4e53-82aa-9100bbc5f645,Тверской район,55.7791724,37.61264443713294,1974.0,196,109,19.0,0.1743119266055046
cfc3072d-ab77-4189-a6f1-a7f4ec13505e,Пресненский район,55.7617543,37.590627767117155,1972.0,68,32,3.0,0.09375
cfc6b388-dff6-4f84-b154-99d414ca1b02,Рязанский район,55.72489885,37.78002398751009,1963.0,107,60,9.0,0.15
cfe721bf-d4fe-42ad-aa8e-923a8010b3b8,район Выхино-Жулебино,55.6995235,37.84236042258367,1998.0,433,274,80.0,0.291970802919708
cfed3a1c-d523-4bb7-8f19-18395e262b2b,Мещанский район,55.77659045,37.63460598201529,1959.0,192,128,11.0,0.0859375
cfeeaa08-b9f7-4459-8223-21bbff91e7b2,поселение Сосенское,55.5695504,37.46976244314785,2015.0,515,471,239.0,0.5074309978768577
cfef18fa-b84c-4ea3-950f-73243a3ceef7,Бабушкинский район,55.858843500000006,37.65978590710246,2004.0,475,220,14.0,0.06363636363636363
cff362dd-a3c5-4d06-9f61-a35d2f49b590,район Измайлово,55.78993715,37.79720076428572,1970.0,113,64,10.0,0.15625
cff45828-3f8e-447d-bee7-b9a84c8f095a,поселение Московский,55.600035649999995,37.358581431096184,2016.0,173,320,240.0,0.75
cffb0382-e75c-4c95-81df-b9a5cc2dfe2f,Ломоносовский район,55.67996455,37.51350547774072,1960.0,116,59,1.0,0.01694915254237288
cfff7f57-97db-46b7-b2f5-fe94c5bf91cc,район Северное Медведково,55.8916915,37.64975856580769,1969.0,295,178,47.0,0.2640449438202247
d00455e2-1848-48e4-a8cc-a4eada6ae52e,район Новогиреево,55.748031499999996,37.82295423534303,1968.0,163,84,10.0,0.11904761904761904
d02159d1-7b7d-49e1-902b-8363547a6ac9,поселение Филимонковское,55.549321000000006,37.32878812460727,2013.0,31,25,12.0,0.48
d02376f3-657b-4317-adef-7230f1c608ca,Таганский район,55.7345398,37.66103964826872,1976.0,101,69,28.0,0.4057971014492754
d02ee5a4-1d85-42f2-b7c1-e1757e732108,район Левобережный,55.861589699999996,37.46940327477876,2014.0,389,212,54.0,0.25471698113207547
d03fd01e-dd42-49f4-9d8b-6f8569ba1549,район Раменки,55.69402385,37.52836119440508,2010.0,532,309,84.0,0.27184466019417475
d05df2bb-b8d6-4d12-9792-fa81173f9a2e,район Щукино,55.7973048,37.48555641712821,1951.0,75,38,10.0,0.2631578947368421
d061330c-0933-44d2-aa0a-dbd88caad240,Академический район,55.68956035,37.56533809048854,1976.0,118,66,5.0,0.07575757575757576
d0666ff4-7fe0-41fd-85db-be6e460e10ef,район Выхино-Жулебино,55.716848150000004,37.81140694181211,1967.0,140,80,12.0,0.15
d06d083f-4de4-4bfc-ae9c-86f9de42447e,Савёловский район,55.792877000000004,37.56892056564092,1965.0,90,72,34.0,0.4722222222222222
d06e3268-436e-40c6-88b0-1f13760e4771,поселение Московский,55.60071165,37.35666887024855,2016.0,176,328,246.0,0.75
d07ef27a-87cd-4546-adb6-adc209eca1db,Ломоносовский район,55.6684797,37.53400158100676,2007.0,234,105,26.0,0.24761904761904763
d07f3c66-1b62-4fdb-8c66-49e0e9eb47c0,район Кунцево,55.7424169,37.42989473522127,1994.0,388,217,70.0,0.3225806451612903
d0823723-b8d6-43d5-868a-57bcf5c939b7,Останкинский район,55.8028745,37.63523290507394,1956.0,258,108,22.0,0.2037037037037037
d0890bff-af3c-4e05-ac4c-c9dd911589d8,район Новогиреево,55.7490225,37.824574658718035,1971.0,140,78,16.0,0.20512820512820512
d08b8452-07ef-4ac3-a7c9-ca73ace2b820,Южнопортовый район,55.7040466,37.6686657,2005.0,278,128,4.0,0.03125
d096f17d-2041-45c0-83f8-23411d6b5d2d,район Северное Медведково,55.8874245,37.6491221,1998.0,419,202,13.0,0.06435643564356436
d099d8ff-f505-47f9-b904-73fbebf90074,Нагорный район,55.66780155,37.6116487,1967.0,161,83,4.0,0.04819277108433735
d09cec0a-1071-49bd-af93-574b8ec099fb,поселение Филимонковское,55.5319217,37.2378563,2013.0,22,18,9.0,0.5
d09f27da-7599-4dae-8a4d-1339b0ad3337,район Ховрино,55.85855365,37.50258772265712,1967.0,460,217,11.0,0.05069124423963134
d0ad1781-3100-44f2-a3a0-702c706e31d0,район Хамовники,55.7474341,37.6080226932526,1917.0,16,10,5.0,0.5
d0bd46d3-9691-475d-b699-43febd3ef327,поселение Внуковское,55.63729815,37.32596615,2016.0,206,192,100.0,0.5208333333333334
d0c50ca5-dfee-48d3-a28f-5e112f7bc186,район Хамовники,55.72938245,37.59145894282608,1960.0,178,87,20.0,0.22988505747126436
d0e0341e-a83e-4a76-896f-3dcddd5263bd,район Царицыно,55.6168376,37.647301464136305,1971.0,171,84,20.0,0.23809523809523808
d0e13b99-67be-49d5-bfc5-ad7107feeba1,Савёловский район,55.79698035,37.56686865,1966.0,93,72,22.0,0.3055555555555556
d0e98edc-c03e-4040-9fef-13d5132b4361,Пресненский район,55.76840815,37.57504278857918,2007.0,236,125,23.0,0.184
d0f5812f-b73e-48e9-b9a0-473db5ebb98d,Красносельский район,55.768121949999994,37.63356089920219,1903.0,49,20,4.0,0.2
d1056a57-771c-435b-839c-330830408edd,район Марфино,55.8296388,37.59394171341521,1968.0,188,112,29.0,0.25892857142857145
d10aa334-3859-45fa-b6da-dfb4a9363f2a,Головинский район,55.8497706,37.48589343480846,1966.0,286,144,5.0,0.034722222222222224
d11258bc-1d47-4e10-b73c-e9a126837669,район Измайлово,55.794770549999996,37.7821197,1956.0,56,29,7.0,0.2413793103448276
d11906e4-cc41-4046-a1ee-728c443d265d,район Печатники,55.67905665,37.72695125,1969.0,161,84,16.0,0.19047619047619047
d137a20a-12fe-45a9-9f5b-cb37c4818f57,Нагорный район,55.6520393,37.60644073793415,2000.0,740,378,9.0,0.023809523809523808
d13fda82-1416-486e-affe-2420a6e18541,район Замоскворечье,55.74758905,37.62986148946826,1900.0,30,15,4.0,0.26666666666666666
d14058ce-9f2d-4212-b41c-568a1f880759,поселение Московский,55.588019149999994,37.376466792259606,2009.0,301,128,16.0,0.125
d1415f1b-5336-47ec-9fa0-17edf286d7cf,район Аэропорт,55.8054753,37.525888090953444,1961.0,689,293,27.0,0.09215017064846416
d1532c32-7b07-446e-9d20-207c9713b669,район Левобережный,55.8598177,37.47765287199074,1981.0,235,133,35.0,0.2631578947368421
d1648918-4846-4533-afd0-ee335e013f54,район Хамовники,55.74420045,37.5800772,1909.0,46,22,6.0,0.2727272727272727
d1691cd7-7b96-4ae5-b7b8-b1bfdf9e2315,район Филёвский Парк,55.7457144,37.497651749999996,1964.0,272,144,3.0,0.020833333333333332
d169888b-49e8-4059-b733-2106fb71f730,район Арбат,55.7482714,37.58454431875951,1959.0,104,61,9.0,0.14754098360655737
d16a381d-74e4-4529-a95a-9e42e0cf6437,Мещанский район,55.792244350000004,37.62294513643936,1976.0,197,122,36.0,0.29508196721311475
d16ce571-1258-4af4-81c0-cf4130047357,Басманный район,55.76406355,37.66950798800872,1900.0,111,68,18.0,0.2647058823529412
d18688de-4c5f-471e-a6e0-ed300395575a,Пресненский район,55.76322225,37.59784234700179,1977.0,150,66,5.0,0.07575757575757576
d190edff-fdab-4933-b942-3a0cfaef92a7,район Проспект Вернадского,55.670049950000006,37.499046912748156,1964.0,135,72,3.0,0.041666666666666664
d19a79e7-8b42-455b-805a-a3117c7468d2,район Беговой,55.78109755,37.573576896699635,1949.0,83,38,11.0,0.2894736842105263
d1a77ca5-f333-4ff6-aa95-bf57798fff43,Таганский район,55.7533642,37.65391187738673,1958.0,38,23,5.0,0.21739130434782608
d1aea249-d860-4502-92b8-f2c795312de8,район Беговой,55.78639235,37.57214790223456,1968.0,250,137,17.0,0.12408759124087591
d1b06efb-dd30-433f-b83f-b485e6b961d9,район Гольяново,55.822051200000004,37.78970936365708,2001.0,66,34,8.0,0.23529411764705882
d1b0bf36-7555-4579-bd37-e0cd0e65d474,район Новокосино,55.73914915,37.8594205970341,2016.0,250,134,31.0,0.23134328358208955
d1b9f3c4-8a6f-4100-83d9-ed9265ad8178,Тимирязевский район,55.8105384,37.56829381663859,1967.0,151,81,6.0,0.07407407407407407
d1cf1308-3478-4b5c-82d3-20fa9b06a318,Останкинский район,55.80219065,37.635095525015544,2013.0,74,78,51.0,0.6538461538461539
d1d06b52-e6a7-4680-8f5f-b88d2bf75ff7,поселение Московский,55.5994697,37.360543203065866,2016.0,72,121,92.0,0.7603305785123967
d1d5b54a-8283-4b5b-838a-f218d05dad27,район Тёплый Стан,55.6439374,37.48625242685199,1976.0,161,476,389.0,0.8172268907563025
d1d656eb-a983-444c-8f31-4bca67748c0e,Красносельский район,55.771553600000004,37.6628667585517,1927.0,120,87,34.0,0.39080459770114945
d1e22105-29f3-499a-832f-a677bb4fafae,район Ховрино,55.86288555,37.49580395308067,1971.0,177,98,9.0,0.09183673469387756
d1e42d5f-f39e-41fa-aaaa-d1950b72e1ad,район Тёплый Стан,55.6326567,37.4814399536436,2010.0,178,125,54.0,0.432
d1ef321b-350f-4a65-9781-a9b55297d27b,район Зюзино,55.6582496,37.59108034736249,1980.0,223,127,30.0,0.23622047244094488
d1fb9093-930e-46d2-9a91-c2da78667903,район Зюзино,55.64964195,37.56608934049156,1975.0,201,127,35.0,0.2755905511811024
d1fec462-a48a-4bbc-80e3-8a1e682f5e53,Тверской район,55.7857208,37.598744638419646,1928.0,121,60,10.0,0.16666666666666666
d211880b-543d-4768-bad9-e2435e0b646a,Хорошёвский район,55.780202900000006,37.53000655363488,2001.0,346,136,14.0,0.10294117647058823
d21dc6e3-50e6-4270-9b6c-4ccd992a606d,район Богородское,55.816724050000005,37.709683555259716,1966.0,110,72,13.0,0.18055555555555555
d22eca53-dc2a-47b1-9b56-6e9c16f690d5,район Печатники,55.675028,37.72051138872607,1973.0,325,144,26.0,0.18055555555555555
d24343b9-2bda-40b3-917d-f819d2f9ec89,район Москворечье-Сабурово,55.6366896,37.725514917120535,2002.0,450,190,24.0,0.12631578947368421
d24ce799-5c2a-46e3-9a11-6f29bf4c2780,район Тропарёво-Никулино,55.66239655,37.48955135,1970.0,156,97,19.0,0.1958762886597938
d252563a-c369-4967-a136-2066a2bed31b,Пресненский район,55.7642797,37.56028491191522,1961.0,97,65,20.0,0.3076923076923077
d2539896-a93c-4894-98ca-846113dfb462,Басманный район,55.759760850000006,37.64112034316955,1914.0,91,52,15.0,0.28846153846153844
d25730e7-889e-47bf-a5c3-67a33cb374d9,Алексеевский район,55.813638600000004,37.6515541,1965.0,114,72,9.0,0.125
d261efd7-8dc8-4545-8bf5-7858dce938cf,район Южное Бутово,55.54412275,37.56631784966046,2009.0,168,77,4.0,0.05194805194805195
d2649079-bd13-4dad-93a0-50d78a0b5aff,Тверской район,55.7683473,37.6133223,1917.0,49,22,5.0,0.22727272727272727
d28c7281-26ed-42da-af48-0d671e15a25c,район Марьино,55.665243700000005,37.76184151648936,2001.0,487,248,3.0,0.012096774193548387
d296f724-dd42-4ec0-ba71-130d850fa51e,район Замоскворечье,55.733447350000006,37.63260092046255,1963.0,96,70,24.0,0.34285714285714286
d298826a-cd37-4112-9b31-cba17d3262f9,Донской район,55.6931918,37.609355420714884,1968.0,180,80,2.0,0.025
d29bb40d-39da-4158-88f4-ab61413e2cd4,Тверской район,55.77693995,37.5986848523593,1959.0,213,120,11.0,0.09166666666666666
d2a975a5-3d4b-4253-8b22-f3bc08b745b5,район Строгино,55.79666775,37.397509948911015,1980.0,524,286,19.0,0.06643356643356643
d2ad4622-4ff3-40f9-89ac-d612b11cd7bb,район Щукино,55.8044946,37.45218281910039,1962.0,107,60,13.0,0.21666666666666667
d2af5247-2678-4ada-8619-edc0793ad677,район Лианозово,55.90620665,37.54802348814361,2007.0,488,253,33.0,0.13043478260869565
d2b060f2-4421-43ad-9103-7e8c21421a03,Хорошёвский район,55.7739591,37.5449983,1951.0,245,119,15.0,0.12605042016806722
d2b7e70c-8ac6-4435-a40a-bdff950bd8ac,район Щукино,55.792882750000004,37.48467912523348,1953.0,177,77,8.0,0.1038961038961039
d2d2de69-1512-4417-9858-56a333398ab0,район Северное Тушино,55.854806550000006,37.43694122383818,2006.0,124,84,28.0,0.3333333333333333
d2db5957-7bfd-45db-8776-103df97ed9f1,район Филёвский Парк,55.7452237,37.493662805582844,1956.0,88,40,5.0,0.125
d2e3cfa7-35a6-412b-89b2-e3dff017fbcb,район Беговой,55.7825332,37.56619917177495,1959.0,69,40,3.0,0.075
d2e878e7-b86f-4dc8-b8b9-87e6763268a4,район Черёмушки,55.66393945,37.55337371198449,1998.0,872,449,122.0,0.2717149220489978
d2ed5776-a009-4a34-bfd7-cbce96cc8654,Пресненский район,55.76579955,37.57460233534661,1969.0,297,156,42.0,0.2692307692307692
d2f9adae-563f-41d7-af1d-134f38dfee0c,Савёловский район,55.7991931,37.56873550552396,1962.0,68,40,5.0,0.125
d3050827-e74d-47eb-a663-bd4240a1854c,Красносельский район,55.7727755,37.643097625238156,1974.0,156,111,37.0,0.3333333333333333
d306acf4-8946-416d-a769-666206dd2465,район Солнцево,55.648697299999995,37.386512601373646,2005.0,825,336,11.0,0.03273809523809524
d30d44ec-35d5-4aab-9e11-b6270ac77a9b,Хорошёвский район,55.781844899999996,37.52939538125002,2001.0,238,132,45.0,0.3409090909090909
d316188b-b6ce-45ac-b9c7-fe837e9ffd1e,район Некрасовка,55.69957915,37.92912181970597,2015.0,413,192,32.0,0.16666666666666666
d31c689d-2d0e-4e65-b529-eb28f48e84ab,Таганский район,55.7471203,37.64280839146472,1953.0,537,332,165.0,0.49698795180722893
d323b10c-3d83-44c5-8aa0-7d931214cb2a,район Тёплый Стан,55.6319176,37.4833852,2011.0,534,312,86.0,0.27564102564102566
d3269f0d-ac87-4f3d-87ff-81c1b5906233,район Выхино-Жулебино,55.6899708,37.854396239434024,1995.0,477,211,6.0,0.02843601895734597
d338b825-a79d-40e3-b73c-098c1de426c5,Головинский район,55.84576485,37.49183085,1968.0,163,84,2.0,0.023809523809523808
d33cb631-385b-4297-816a-f6c9373a4171,район Чертаново Южное,55.603750399999996,37.59072541078491,1972.0,182,93,5.0,0.053763440860215055
d3487286-5311-49ca-8724-c77e4c6840d0,Тимирязевский район,55.808290850000006,37.5688239986157,1970.0,302,160,23.0,0.14375
d356cee3-bdf4-4893-91c7-142c6cd3c0e1,район Проспект Вернадского,55.68076885,37.49838855842269,1978.0,175,94,29.0,0.30851063829787234
d35aabac-c7d4-4621-b053-4bb5a3c1dc55,Головинский район,55.85099245,37.51720391125257,1961.0,135,80,14.0,0.175
d35e1647-7c16-49c7-9b37-6da64e9e80d5,Тимирязевский район,55.81823225,37.56913345177065,1972.0,236,126,27.0,0.21428571428571427
d3666ea0-2fc9-4d2f-b305-e2cef99ad009,район Новогиреево,55.7496158,37.8049135,1963.0,408,196,26.0,0.1326530612244898
d36c1d25-bbb1-450b-8f1c-dc5a8fe17789,Хорошёвский район,55.7854113,37.52167152921827,2006.0,415,272,96.0,0.35294117647058826
d36d45aa-0f5b-415f-8b98-58f74067ae8f,Хорошёвский район,55.789820750000004,37.50959705954189,1955.0,42,32,16.0,0.5
d378eba0-0d41-49c7-8c4a-69760b3b7336,район Беговой,55.774883599999995,37.55599939355324,1958.0,326,139,5.0,0.03597122302158273
d37d0a6a-f848-4e90-ae70-bccc2d4ad587,Савёловский район,55.8015726,37.558561244141714,1959.0,115,60,12.0,0.2
d37e4a7d-53ac-466c-8c01-5172cfa21b5f,район Некрасовка,55.697528649999995,37.92406307448378,2015.0,726,320,21.0,0.065625
d385a76f-59e5-4b74-bb62-9038e3db59cf,Тимирязевский район,55.83379225,37.568507653563586,1974.0,156,96,17.0,0.17708333333333334
d3909fe8-8ae1-4012-a8d1-a978b7bf957f,Мещанский район,55.78012925,37.63081603496882,1969.0,105,78,32.0,0.41025641025641024
d395f032-3dbe-48cb-8fa3-0ce9abdc2a1c,поселение Щаповское,55.608773400000004,37.28759568956505,1985.0,208,88,1.0,0.011363636363636364
d3a03805-5ae9-4242-8ec6-83862a0623a5,район Зюзино,55.660089850000006,37.59591295029726,1968.0,175,84,10.0,0.11904761904761904
d3a310da-b8fe-48da-9e56-fba33540b356,район Раменки,55.73180485,37.53259075,1965.0,156,84,7.0,0.08333333333333333
d3a3e23f-f867-4f9a-b44f-072143966498,Донской район,55.71026835,37.589339250393635,1974.0,145,142,69.0,0.4859154929577465
d3a85d0f-cd62-46f7-8b2a-82fd7b209ced,район Котловка,55.6748384,37.60008727494978,1967.0,146,84,14.0,0.16666666666666666
d3acc689-6230-4e6b-b438-c55a73e3d152,Басманный район,55.762574900000004,37.64511497019977,1917.0,14,7,3.0,0.42857142857142855
d3bb9017-1b45-4217-a8d8-99029fd74529,район Южное Тушино,55.84521435,37.42552315246655,1966.0,105,72,21.5,0.3055555555555556
d3c1efa7-e928-4b96-831b-8be3a4081ac1,район Проспект Вернадского,55.67768375,37.51394752062417,1999.0,312,202,77.0,0.3811881188118812
d3c4c3f4-f27b-471a-9477-26b8ee12cbe4,Басманный район,55.764586449999996,37.65434146830145,1917.0,19,7,1.0,0.14285714285714285
d3cde21c-0f33-4292-83f8-4d9d58c1b667,Мещанский район,55.7809642,37.633899925466864,1890.0,42,20,4.0,0.2
d3d4c91b-cb64-48af-bf58-9259934260f7,Хорошёвский район,55.7933739,37.52764484491615,2006.0,264,173,63.0,0.36416184971098264
d3e2881d-862e-4950-bd8c-fe6d27c23a9f,Гагаринский район,55.7029379,37.57789665249004,1960.0,118,60,7.0,0.11666666666666667
d3f6190d-dc21-4854-a3ef-fdcee3232348,городской округ Щербинка,55.5017934,37.567801551984985,2013.0,226,102,1.0,0.00980392156862745
d3ff71e3-35a2-41c7-af47-f7b6ae11c721,поселение Московский,55.8692923,37.66312364962376,2012.0,431,256,94.0,0.3671875
d4033511-d45f-4648-a7a6-8a38b2f1b92f,городской округ Троицк,55.4954219,37.32521138368879,2014.0,15,16,11.0,0.6875
d409a977-4784-4c2a-b13c-b57d5ecb3232,Останкинский район,55.81760935,37.6325403289319,1961.0,137,72,3.0,0.041666666666666664
d40afd3f-d79f-41d2-87c0-c41ab87ef617,район Измайлово,55.7936275,37.778824900000004,1967.0,213,108,16.0,0.14814814814814814
d4277803-bd8d-462f-9914-4934643816f9,район Раменки,55.72347325,37.525092291079844,1963.0,123,60,5.0,0.08333333333333333
d42ac4fe-cf23-485f-9f4f-eeeca5fd602b,район Восточное Измайлово,55.80006445,37.805668125061004,1960.0,168,85,5.0,0.058823529411764705
d42d559e-9fb7-4f31-a0b9-e7ce03de85c6,район Аэропорт,55.80427565,37.537708668366534,1971.0,141,112,53.0,0.4732142857142857
d439d4da-6b2b-4995-ac6d-83db4a075a1b,район Москворечье-Сабурово,55.63597435,37.71899594889386,2004.0,599,252,10.0,0.03968253968253968
d43a4196-9ac3-41d1-9023-aa4f4f57b461,район Соколиная Гора,55.7553171,37.72000883778004,1960.0,87,60,24.0,0.4
d448b8eb-0a5e-43c4-9a62-9878ce585513,район Беговой,55.8311166,37.55419632378177,1967.0,69,69,19.0,0.2753623188405797
d44982e2-a7a2-4799-9837-ce721815985a,Можайский район,55.7178979,37.447533250000006,2008.0,115,132,77.0,0.5833333333333334
d44cb7cd-a165-4e47-a320-88f084375781,район Новогиреево,55.75029895,37.81800483775097,1969.0,796,380,4.0,0.010526315789473684
d44dcf6e-121c-4c7c-819c-98f951daed1b,Академический район,55.6805421,37.5756157553619,1998.0,114,71,24.0,0.3380281690140845
d456eb84-78c7-42df-b3c4-bf6c708f3f3f,район Зюзино,55.644083949999995,37.598068749999996,1964.0,108,72,25.0,0.3472222222222222
d45bf88a-ff93-4720-8170-c8a87027fbb5,Тверской район,55.7600265,37.609822551377604,1928.0,41,17,2.0,0.11764705882352941
d460e15f-5da4-4c93-b375-3c15fb89c25a,район Новогиреево,55.7521191,37.801900200388175,1958.0,112,60,2.0,0.03333333333333333
d46109f4-d935-4da5-9e52-b320a9de2bf5,район Москворечье-Сабурово,55.63597205,37.72006212616375,2004.0,304,135,13.0,0.0962962962962963
d4667f55-bedc-4bc9-bcc8-e232fd8c857f,район Солнцево,55.653262749999996,37.40964998291422,2008.0,1134,459,27.0,0.058823529411764705
d469abaf-87cf-4d8d-86a7-4981f8543d5c,район Хамовники,55.74985135,37.60554822231654,1911.0,25,21,13.0,0.6190476190476191
d46dcd4c-624c-4125-bace-708c696461a1,Рязанский район,55.72309,37.78517594180232,1961.0,79,40,2.0,0.05
d47e409a-014d-490f-841e-32fb770aec8f,район Сокол,55.804011149999994,37.51596635198905,1953.0,171,72,15.0,0.20833333333333334
d4851ba3-88ca-4ef6-a05c-fd9f8e068dd9,район Коптево,55.841573600000004,37.54748538065493,2004.0,449,200,20.0,0.1
d48a2b77-73d9-4b58-8f98-becc94deb23a,район Северное Тушино,55.85727935,37.42905851426513,2008.0,209,86,1.0,0.011627906976744186
d48ac622-37da-46bc-9b2e-8610caff20af,Останкинский район,55.823017050000004,37.623026374729996,1990.0,1322,594,74.5,0.12457912457912458
d48e0e0e-fbe1-4911-9eb3-835003b4e74b,район Нагатинский Затон,55.688765200000006,37.693125599999995,1972.0,190,107,7.0,0.06542056074766354
d494d344-69c3-4c15-a7c4-928a8d2784d9,район Выхино-Жулебино,55.687133200000005,37.86355501334308,1995.0,414,186,18.0,0.0967741935483871
d49f1bc8-697c-4dd0-96f7-d461b5f50ab9,район Ростокино,55.8369732,37.66133334991896,1971.0,147,98,20.0,0.20408163265306123
d4a627e4-8111-46d0-b9a2-a8448406df60,район Тёплый Стан,55.63299135,37.48512285076308,2013.0,784,378,38.0,0.10052910052910052
d4afde29-b2e6-4208-b4e1-b8dea55a7022,район Ховрино,55.870131650000005,37.4804050619883,2017.0,1027,525,72.0,0.13714285714285715
d4bddde0-50cd-41e9-9b8c-6d07c9dfaef9,район Хорошёво-Мнёвники,55.78307235,37.484880350143534,2004.0,214,126,35.0,0.2777777777777778
d4d4608f-3960-4e89-b1d9-84704c3d2885,район Вешняки,55.73709055,37.823335150000005,1971.0,268,144,20.0,0.1388888888888889
d4df5930-2344-480e-a016-e7589d54d53e,район Проспект Вернадского,55.670910250000006,37.51122217206834,1963.0,111,72,17.0,0.2361111111111111
d501b67d-358c-4e71-9322-961611ce697a,район Кунцево,55.735884999999996,37.42705705000001,1968.0,572,269,31.0,0.11524163568773234
d5026164-3504-4d84-8ea8-3b3f3576b63d,Ломоносовский район,55.6797497,37.5358815,1960.0,1062,484,9.0,0.01859504132231405
d5034c96-efb0-4f20-9181-eb4557ddd36e,район Сокол,55.794448200000005,37.518410349389306,1950.0,134,68,10.0,0.14705882352941177
d5077d7a-05c4-4d06-aac8-55bef967e039,Басманный район,55.76853965,37.67102782190159,1972.0,256,178,73.0,0.4101123595505618
d5120bd5-87d7-4d13-a091-c51a014bb135,район Свиблово,55.85701645,37.63750759798031,1964.0,94,67,16.0,0.23880597014925373
d5180395-cd12-4bef-9337-d081f448063b,район Хамовники,55.7408193,37.5884921,1961.0,212,100,15.0,0.15
d51d4533-1715-4e1d-a6b8-ccb817d0fc76,район Черёмушки,55.6580129,37.568965797437464,2003.0,983,442,104.0,0.23529411764705882
d51d4bc1-a3d0-4460-887b-ea18c71be63f,район Хамовники,55.7433662,37.58814876985842,1958.0,117,65,18.0,0.27692307692307694
d51da464-68d9-4e39-b0ed-591590bbdea8,Ярославский район,55.87582715,37.71576197514746,1970.0,202,98,13.0,0.1326530612244898
d5295fa3-d320-416a-b94f-ecae44b8e1ea,район Филёвский Парк,55.74063475,37.496866004206595,1962.0,178,79,7.0,0.08860759493670886
d5297b96-29d9-41d5-8575-319835b45f05,район Филёвский Парк,55.74203145,37.489213750000005,1964.0,284,144,3.0,0.020833333333333332
d53cebad-fadc-4b86-b9cd-8ee505f1b29b,район Нагатинский Затон,55.681452300000004,37.667533750000004,1967.0,159,104,37.0,0.3557692307692308
d548d521-dd06-460c-a5cf-d8258d038b0c,район Южное Бутово,55.5038298,37.596622044502844,2009.0,392,208,47.0,0.22596153846153846
d54ee558-cb36-4a10-86cc-769aea6af992,район Хамовники,55.7239681,37.573283599999996,1959.0,112,60,15.0,0.25
d54fefc8-1ede-473d-b64d-eb5b1c266c3f,район Вешняки,55.718742,37.81810800718597,1970.0,573,287,1.0,0.003484320557491289
d55b04da-1a09-47c6-96df-e670dcb58e38,район Кунцево,55.7353404,37.423668699538624,1969.0,152,86,21.0,0.2441860465116279
d5603f86-4359-4e55-9828-532b84cd83a9,район Матушкино,55.5319217,37.2378563,2002.0,401,186,1.0,0.005376344086021506
d561996a-47e2-4a2b-b08a-15dbcb66f951,район Нагатинский Затон,55.6791489,37.66553294169093,1973.0,335,208,64.0,0.3076923076923077
d563d906-b0ba-499a-9714-959587f02583,район Перово,55.7462279,37.78359435872117,1972.0,142,79,3.0,0.0379746835443038
d5765d50-1232-4a0a-9bfd-c1d7b9a21a0c,Рязанский район,55.7174858,37.79703579702914,1962.0,149,80,5.0,0.0625
d57aa1ba-767e-4e2b-8ad5-596b4b2ec97a,Рязанский район,55.71888774999999,37.78597736470434,1968.0,278,164,28.0,0.17073170731707318
d57d8559-aabe-41bd-b91d-af40a9d328d8,район Филёвский Парк,55.7397993,37.49998368037508,2007.0,332,173,17.0,0.09826589595375723
d57e89b4-06b3-410e-9553-8650698a43e2,Обручевский район,55.66269655,37.534033572556694,1984.0,229,132,39.0,0.29545454545454547
d587281b-54d6-4835-b01b-a38949377978,район Очаково-Матвеевское,55.508215,37.2200714,1967.0,176,84,6.0,0.07142857142857142
d593317d-9114-4b42-81ca-50c79c5e820f,район Ростокино,55.83536585,37.654755508811306,1978.0,239,105,9.0,0.08571428571428572
d595a465-8f95-4f34-8cab-19727f065d1c,район Кунцево,55.73535855,37.42682812642364,1998.0,189,111,27.0,0.24324324324324326
d59926ad-3ddb-4eb3-b1c2-ebe12cc301b5,район Царицыно,55.6369546,37.6528108,1967.0,148,80,8.0,0.1
d5a89bce-be66-43d4-bde2-5ba3264f7429,район Аэропорт,55.7979512,37.546917694286975,1960.0,82,64,26.0,0.40625
d5be3e11-7f5b-478d-a6d0-a465982ff405,район Зюзино,55.6476318,37.582220449193045,1977.0,226,127,29.0,0.2283464566929134
d5c40646-73d6-47a8-90cd-373a987f2864,район Кузьминки,55.7042548,37.75267997860706,1975.0,124,66,4.0,0.06060606060606061
d5cb3866-8459-4fef-a3f4-f7851db0abe8,район Марьино,55.649682,37.73118691072801,1985.0,356,203,29.0,0.14285714285714285
d5ce8ecc-d085-4c03-9d81-6c603812792a,район Марфино,55.82920045,37.597277963868116,1963.0,128,69,11.5,0.17391304347826086
d5d61252-6637-4b4b-bd58-ea02dbcd0b83,район Кунцево,55.73296405,37.43695375,1969.0,304,150,28.0,0.18666666666666668
d5ef1fd0-1a17-4744-8ba0-63c13b9bab41,район Аэропорт,55.80783255,37.53355163276496,1959.0,51,32,8.0,0.25
d5efbe15-e5e0-4f89-873a-652a43940998,район Арбат,55.7482455,37.5924018,1964.0,93,71,16.0,0.22535211267605634
d5f30ae9-2268-465e-baf9-c8c4023b3a42,район Северное Тушино,55.86327015,37.42420850356223,2008.0,165,137,67.0,0.48905109489051096
d5f655f6-f2da-4328-b930-17af8c728d03,район Аэропорт,55.7986849,37.5375466,1938.0,198,89,14.0,0.15730337078651685
d6078620-4166-4c12-a6a5-91579367a5a5,район Левобережный,55.8126641,37.5031557,1965.0,395,224,53.0,0.23660714285714285
d61aa90d-4e9c-49fc-9772-b3a325344791,Бутырский район,55.81261935,37.59266061747976,1970.0,129,63,4.0,0.06349206349206349
d6211bca-f0b6-4ab1-8eac-997c46f50e39,поселение Сосенское,55.57198405,37.48638905,2014.0,221,224,124.0,0.5535714285714286
d6238d6f-ae29-455f-be39-562693f8c64a,район Зюзино,55.64577575,37.59673814999999,1963.0,122,72,19.0,0.2638888888888889
d635d162-1b0f-4d62-bff0-9cf8acfdd740,Нагорный район,55.6513902,37.60902084458596,1966.0,142,95,32.0,0.3368421052631579
d63ee504-327c-465f-a29a-011870ac4fb9,район Южное Тушино,55.8488837,37.4391539,1964.0,281,112,1.0,0.008928571428571428
d641292c-8d04-4d7b-9b57-27aee0c66213,район Свиблово,55.86216525,37.64211016133038,1971.0,174,98,10.0,0.10204081632653061
d64422ed-934e-4979-b2aa-aa367f01454f,район Хамовники,55.725713400000004,37.581093927181385,1961.0,234,140,19.0,0.1357142857142857
d646450a-0782-4fcc-820b-07e06ede7e60,Басманный район,55.75980375,37.65706696457649,1954.0,171,73,9.0,0.1232876712328767
d6496b64-9168-4f59-a907-f75e693f1fc4,район Текстильщики,55.703271650000005,37.7411738662848,1969.0,163,84,13.0,0.15476190476190477
d64d11d7-8306-4f25-be60-de5c168ab417,район Хамовники,55.74555655,37.58940378805229,1890.0,47,29,13.0,0.4482758620689655
d6521e26-5f88-467f-af2d-3b3d4a4bc56a,район Тропарёво-Никулино,55.67110545,37.46175960460239,1979.0,419,194,23.0,0.11855670103092783
d6595069-15b0-4671-9de0-d059249b6035,Тимирязевский район,55.82498605,37.56792159026715,1966.0,145,96,25.0,0.2604166666666667
d65bd92e-4939-4c28-9220-ef9d6096f0ce,Обручевский район,55.661575549999995,37.53089277932271,1984.0,904,482,19.0,0.03941908713692946
d66a9d28-8e54-4ed3-a77d-7d70aaa421c7,Басманный район,55.77602135,37.68082221168818,1965.0,192,108,13.0,0.12037037037037036
d66ac27e-e59e-449f-965c-f054ee62fb3f,район Измайлово,55.794555349999996,37.80514872667062,1972.0,276,128,5.0,0.0390625
d670015c-15f0-4716-8ab6-d27621fab453,район Измайлово,55.7906022,37.7908476,1974.0,113,66,6.0,0.09090909090909091
d674cdb8-7ef7-408d-ba3f-ab8cc032bf23,район Хорошёво-Мнёвники,55.784593,37.46293588362379,2013.0,692,380,57.0,0.15
d679ba35-e7c5-4a94-9bb5-b35c031b1eb6,район Проспект Вернадского,55.677798800000005,37.498554725688436,2015.0,97,43,6.0,0.13953488372093023
d68004b8-df33-4c38-9263-f1a0613d4a4a,Даниловский район,55.70837575,37.63982901679526,1964.0,143,72,5.0,0.06944444444444445
d6865810-fe69-4a02-9f96-f851beb2841c,район Кузьминки,55.702124049999995,37.75261323040055,1999.0,534,269,41.0,0.1524163568773234
d68f944f-d01d-4ae3-bdf7-57bf559f95a9,Южнопортовый район,55.70782005,37.67002397299376,1951.0,61,26,4.0,0.15384615384615385
d696aa08-9c4d-44b3-930d-2010815f4710,район Тропарёво-Никулино,55.66738745,37.45034742249489,1993.0,720,337,38.0,0.11275964391691394
d69aeb1f-3a96-49f2-b70d-6032424588b6,район Проспект Вернадского,55.66803625,37.50672947471695,1963.0,129,72,7.0,0.09722222222222222
d69e1feb-1b8e-4b14-b831-e50531362bde,район Солнцево,55.650344700000005,37.40135764395765,1984.0,369,182,4.0,0.02197802197802198
d6a8e394-f546-46cf-81b9-fbe616f6dc72,район Москворечье-Сабурово,55.654144599999995,37.649166980033655,1965.0,78,64,27.0,0.421875
d6af6532-d4a1-4174-855a-a95842206bcd,район Зюзино,55.651776299999995,37.59953252504968,1978.0,228,111,18.0,0.16216216216216217
d6afdf8d-85eb-451e-a908-53327b5be127,район Измайлово,55.79479805,37.79522144487704,1958.0,151,69,2.0,0.028985507246376812
d6b8c2a2-b7ae-4d7c-9c03-ff102389fd3a,поселение Сосенское,55.547018449999996,37.49605518276946,2015.0,52,54,31.0,0.5740740740740741
d6ba45ec-6bdf-4d60-bad9-200fb1e5db04,район Филёвский Парк,55.7378537,37.49699427399831,2004.0,305,178,40.0,0.2247191011235955
d6bc9f28-bf71-4800-8298-f5a130970a6a,Алексеевский район,55.820842799999994,37.655972507462685,1965.0,117,72,6.0,0.08333333333333333
d6c6e1fd-ff2e-4230-8fea-db49226cc02c,Хорошёвский район,55.7807215,37.5274765828956,2001.0,304,134,28.0,0.208955223880597
d6c97fa0-b154-469a-9932-b5ed8dd63b11,Красносельский район,55.7756038,37.66730303584018,1937.0,61,40,19.0,0.475
d6ca1002-b468-469f-8e77-806f1637b211,район Замоскворечье,55.7332238,37.63998689387935,1963.0,107,66,19.0,0.2878787878787879
d6d00608-9670-497e-9a15-642884cd36bd,район Новогиреево,55.7484556,37.8257309899635,1970.0,164,77,3.0,0.03896103896103896
d6d8655d-1070-4112-a572-1524019dc9c5,район Черёмушки,55.6511613,37.56185965,1965.0,147,84,13.0,0.15476190476190477
d6ec5054-bf19-4b87-8c1a-3bcf7bb83a27,Пресненский район,55.7647664,37.5645808,1971.0,136,65,3.0,0.046153846153846156
d6ed18f2-31c3-4ef3-8165-4181cbd7da21,Таганский район,55.734030149999995,37.650936791319744,1951.0,317,143,18.0,0.1258741258741259
d6effa49-5ff6-4d56-aa95-a43321acade8,район Хамовники,55.721027899999996,37.574837193361844,1955.0,452,232,76.0,0.3275862068965517
d6f579bf-7191-43c0-b0b6-a5c9a914cadd,район Щукино,55.7909426,37.49919493786139,1956.0,300,230,114.0,0.4956521739130435
d6fcf41f-7d7c-419c-b83b-ea3552256baf,Ломоносовский район,55.6754347,37.533891366347746,1964.0,104,72,21.0,0.2916666666666667
d7075c2d-87e7-4150-841e-981547d8357f,район Сокольники,55.79274805,37.69317195510003,1930.0,71,35,7.0,0.2
d714d421-32a1-4271-a223-3851aa8d0b7e,район Выхино-Жулебино,55.68531205,37.85063789414505,1995.0,381,175,25.0,0.14285714285714285
d71e44c8-da4a-4df9-bc55-5455e1ada9e2,Пресненский район,55.7671108,37.558174434608794,2001.0,364,163,21.0,0.12883435582822086
d728e48c-575d-4bc1-980b-01265cff3d8c,район Хорошёво-Мнёвники,55.788822800000005,37.45345725644246,1976.0,197,104,4.0,0.038461538461538464
d7317939-b57b-4404-8699-f8db3ecf1606,район Новогиреево,55.755952300000004,37.818026853311764,1972.0,188,108,4.0,0.037037037037037035
d732bd1e-8ab4-4e5c-952f-3d09f442cac6,район Зюзино,55.653681649999996,37.574420599951935,1964.0,115,72,19.0,0.2638888888888889
d734c8fe-00b6-4fd0-b9b5-f94f93e23189,район Соколиная Гора,55.7817937,37.73898359384529,1955.0,589,220,11.0,0.05
d7368d37-a874-45a9-bdfe-00eb970c8a9f,Пресненский район,55.76570375,37.593616100935044,1956.0,132,63,16.0,0.25396825396825395
d737c810-eee4-41be-859a-db6b8094cf3b,район Измайлово,55.795713649999996,37.80487702481023,2001.0,218,116,35.0,0.3017241379310345
d74a4e8d-15f6-4484-8f0b-1d2eefd34863,район Коптево,55.8408381,37.531598645591814,1964.0,210,108,11.0,0.10185185185185185
d75dde3a-2772-47c1-b4b0-6c79b02521d9,район Хамовники,55.72557725,37.566233600000004,1966.0,91,68,22.0,0.3235294117647059
d761c18a-5469-4911-80a2-b7b178745ecd,район Северное Медведково,55.88743855,37.645833350000004,1967.0,142,84,14.0,0.16666666666666666
d761f825-10ff-453b-9fdc-a8f541144f21,Войковский район,55.81656805,37.511186073182685,1961.0,540,244,22.0,0.09016393442622951
d765716b-4407-46d6-82cc-7546e5d220d9,район Ясенево,55.59265175,37.542836049999984,1977.0,382,666,494.0,0.7417417417417418
d76d007d-4a5e-4e5f-abf2-a358650ca764,район Ясенево,55.61246345,37.552721250000005,1978.0,764,510,209.0,0.40980392156862744
d76f6b71-0256-47e6-8ee5-0880a38ae3ca,район Измайлово,55.79323645,37.78212883989275,1969.0,289,175,28.0,0.16
d7793ac0-9b45-4059-ad0d-34caf6597268,Нагорный район,55.66703745,37.6182178,1960.0,195,80,5.0,0.0625
d787a587-b547-4dca-81aa-730bef1df847,Басманный район,55.7584231,37.6526296,1914.0,107,58,16.0,0.27586206896551724
d78f227e-68b7-4249-86d5-82632fd766ae,поселение Сосенское,55.5496691,37.497885391751055,2016.0,102,105,60.0,0.5714285714285714
d7a264fe-810e-4606-8854-db791e81fab2,Савёловский район,55.79763895,37.583250321095264,1976.0,582,270,4.0,0.014814814814814815
d7a5fed0-f4e1-4bef-af9b-febf58385268,район Ховрино,55.86872495,37.485664471666205,2003.0,726,368,36.0,0.09782608695652174
d7a64bd5-ae78-4b30-b66d-50db7bdca80b,район Люблино,55.676513,37.74755803057156,1975.0,201,106,14.0,0.1320754716981132
d7a81470-b407-46d9-b92f-ecf907437417,район Нагатино-Садовники,55.664694100000006,37.65004498723039,1982.0,287,127,10.0,0.07874015748031496
d7b8ee15-fa5d-4faf-b72f-926c5f43c623,Тверской район,55.7593226,37.61293451666667,1929.0,85,57,25.0,0.43859649122807015
d7c0887c-d28c-47b3-a324-b740f88411d5,Молжаниновский район,55.9460624,37.343609799999996,2012.0,798,487,176.0,0.3613963039014374
d7eb5690-9cd4-4814-a45e-a2b7fdb2e4f6,район Ховрино,55.8680418,37.494199641385734,2009.0,697,317,39.0,0.12302839116719243
d7ec8b41-ceee-46a3-9d44-e8621a229516,район Замоскворечье,55.72339855,37.6320233,1917.0,23,10,3.0,0.3
d7f14584-635e-4cc5-8adb-ae0b077bf4d2,район Люблино,55.68080795,37.75216585,1984.0,212,93,2.0,0.021505376344086023
d7f6257a-8948-4df3-b197-0a72cf5ca547,Бабушкинский район,55.86722915,37.68601445,2014.0,255,152,54.0,0.35526315789473684
d7f87c1b-133e-4229-ab1d-6589da1bdd22,район Сокол,55.799332,37.509772422612734,1966.0,86,72,35.0,0.4861111111111111
d7fd367b-5ab7-442f-89e7-b66f30b7c8de,Хорошёвский район,55.782210500000005,37.51576018161458,1957.0,168,70,6.0,0.08571428571428572
d804fbc7-9c3a-4320-bd8b-93a89116b881,район Ивановское,55.75918135,37.8208577411827,1998.0,353,130,8.0,0.06153846153846154
d808ed37-5545-4a83-90ed-08750292c3ac,район Раменки,55.696109899999996,37.48866725622804,1971.0,139,98,28.0,0.2857142857142857
d81c2901-69f6-41c3-92c8-831ba217b1d8,поселение Московский,55.5901228,37.378901302305046,2013.0,278,128,25.0,0.1953125
d81e26c5-3b40-4d8d-9742-0132047970dd,Мещанский район,55.76587385,37.625836307228155,1917.0,12,6,1.0,0.16666666666666666
d8340d64-0edd-456e-b2b4-4b4f07cfe7ac,район Западное Дегунино,55.8781488,37.5150233,2012.0,297,160,22.0,0.1375
d8378280-27e9-4806-b11c-acca3601ff1e,район Перово,55.7584634,37.782428663185,1960.0,108,51,5.0,0.09803921568627451
d83d64ad-9857-43aa-9c76-1094b85ceb98,район Коптево,55.8372469,37.52550889230145,2002.0,171,87,18.0,0.20689655172413793
d8437c3c-6423-4d19-95ba-1fc757166a32,Хорошёвский район,55.7783379,37.52660169359536,1985.0,457,192,4.0,0.020833333333333332
d84bfc0f-33d2-4af2-bcbb-12b52eb2a066,район Измайлово,55.8015536,37.79333737488024,1958.0,98,45,6.0,0.13333333333333333
d8544c6e-7d37-4930-ae73-9343bbe4d757,Головинский район,55.8496808,37.51578746774432,2002.0,149,83,26.0,0.3132530120481928
d8575b69-ef0e-4c18-ba6c-ec8f30618863,Бутырский район,55.8291433,37.57931696038867,1997.0,187,86,17.0,0.19767441860465115
d860c206-cf1a-4689-8b57-5502224a011c,Нагорный район,55.6591012,37.60959251083455,1978.0,400,189,8.0,0.042328042328042326
d8619839-b279-41b1-a4ca-7616ce19a7b2,район Беговой,55.7801896,37.57874894256098,1943.0,176,92,39.0,0.42391304347826086
d86d0299-cd2e-43ca-959f-19a19421f473,район Раменки,55.722711149999995,37.523573848475614,1966.0,146,84,12.0,0.14285714285714285
d86d1f3c-c02d-42a5-ae5d-7ecbf3482a50,Академический район,55.681780950000004,37.58298624999999,1998.0,195,110,33.0,0.3
d8755373-0a93-4782-9e5b-5be819a89ae5,Хорошёвский район,55.7846575,37.5229987,2004.0,283,168,48.0,0.2857142857142857
d87f240e-9995-4edd-b5a1-ac16c0410db7,район Новогиреево,55.7428833,37.7850269504576,1966.0,168,84,11.0,0.13095238095238096
d880f8eb-e7cc-4602-8b1a-7c3755a2b627,район Аэропорт,55.79767975,37.54459571666433,1969.0,98,45,2.0,0.044444444444444446
d88920c3-908f-402c-8162-a3fc81611fff,район Царицыно,55.634277299999994,37.68347647008197,1974.0,168,84,9.0,0.10714285714285714
d892d424-52a8-42d3-89de-934f3fbbe82e,район Новогиреево,55.7465904,37.794353169966726,1967.0,163,85,10.0,0.11764705882352941
d894277d-a9e5-47c6-86dd-68f7a07a2f29,район Северное Измайлово,55.80746415,37.81498600724531,1971.0,166,91,4.0,0.04395604395604396
d8a0e14f-972a-4a9e-bcd3-ba6730ebedf6,район Северное Измайлово,55.8066599,37.81007421625387,1971.0,195,98,6.0,0.061224489795918366
d8a60165-449f-4c3f-903a-895924aa96fe,район Люблино,55.679984250000004,37.75622305628943,1968.0,147,71,2.0,0.028169014084507043
d8bc7a58-2414-4d6a-a0c4-56616d220825,район Кунцево,55.74112315,37.42070567055934,1962.0,104,72,23.0,0.3194444444444444
d8bf65be-30fa-46fa-8002-c5504e2d18cd,Головинский район,55.85126725,37.51882921359273,2002.0,659,333,66.0,0.1981981981981982
d8c5e26c-f0fd-4b0b-9633-d3590a3a849f,район Тёплый Стан,55.63575575,37.51065095,1973.0,314,143,8.0,0.055944055944055944
d8e8eb64-f906-4458-8bfb-c9a6f28adf42,район Якиманка,55.732446,37.614595389145656,1960.0,114,59,11.0,0.1864406779661017
d8eb6afc-593d-4b9e-a7c8-6aab9cca87d9,Рязанский район,55.7290717,37.767514379535264,1969.0,154,84,9.0,0.10714285714285714
d8ebe3e7-244d-4f3a-af17-8aa51f114bdc,Останкинский район,55.8253851,37.6284454,1981.0,240,127,4.0,0.031496062992125984
d8f071fd-33f3-4f77-ae44-fd89cdfee9fc,район Выхино-Жулебино,55.684359799999996,37.857544335815575,,1085,507,73.0,0.14398422090729784
d8f53959-84df-49cc-a160-6737bf4fdf2c,Тверской район,55.7885548,37.59293605704431,1950.0,182,93,20.0,0.21505376344086022
d90c5285-f757-4143-90cd-edb9b68fce29,поселение Филимонковское,55.5319217,37.2378563,2013.0,27,16,5.0,0.3125
d90fee2a-674e-42ea-a5f1-8060b436481e,район Беговой,55.78645555,37.55859242459609,1958.0,92,40,2.0,0.05
d914399f-10b3-4d14-9d16-54d2490151b3,Савёловский район,55.79920545,37.57053972462733,2001.0,561,261,49.0,0.18773946360153257
d9175099-2809-4bf9-a32f-a7375a08af4d,район Чертаново Центральное,55.62214875,37.588006231258504,1970.0,179,98,5.0,0.05102040816326531
d921b845-9663-4ae4-851c-9892c4118a32,район Филёвский Парк,55.739844,37.501245009166624,2015.0,30,42,31.0,0.7380952380952381
d925d75e-3f14-4372-a864-ade96ed44aa1,район Южное Бутово,55.547037,37.567564617368014,2005.0,198,99,2.0,0.020202020202020204
d9337fe6-8378-4a5e-aaae-db109625c0ba,район Котловка,55.67433415,37.60099737099237,1968.0,135,84,21.0,0.25
d9369938-cd3a-4438-ab69-dd359ccf375e,район Внуково,55.61301585,37.30743482176513,1972.0,153,84,3.0,0.03571428571428571
d94585d8-f6bb-455d-8ab7-6ce4ec296667,район Строгино,55.7965427,37.3922399509209,2003.0,787,267,7.0,0.026217228464419477
d9477742-dcbb-442a-acce-f7bd85798e09,район Преображенское,55.804604850000004,37.725143636647005,1968.0,427,236,3.0,0.012711864406779662
d94f12bd-1106-478b-8fbe-cde55ff50551,район Ростокино,55.83461155,37.64572360414209,1951.0,70,47,13.0,0.2765957446808511
d951827d-4152-4a04-bc88-1743b4faf293,район Арбат,55.74715155,37.58711067164454,1910.0,76,28,2.0,0.07142857142857142
d95288be-3f2b-4259-80c9-0b7e454eed62,Красносельский район,55.76557215,37.635097749852285,1901.0,88,39,8.0,0.20512820512820512
d95ef0f0-f43a-4a81-ad54-a7612a01e60b,район Некрасовка,55.69818785,37.92311757475679,2014.0,323,182,50.0,0.27472527472527475
d965e73f-9c9d-4d63-8803-ce7d50157a93,район Сокол,55.799912,37.49940658444917,1951.0,130,49,4.0,0.08163265306122448
d9686ae8-f855-45b8-8542-e8cbda8484e2,Академический район,55.688566550000004,37.59429645000001,1960.0,160,80,14.0,0.175
d975e518-2fe9-4e57-8f3a-3c4fcf80a722,Пресненский район,55.75850575,37.60397426609376,1910.0,27,21,10.0,0.47619047619047616
d9798007-4aea-4b45-90ba-1baf9465dca0,район Выхино-Жулебино,55.70783875,37.8258703,1970.0,127,84,23.0,0.27380952380952384
d97b9c79-44d6-4d89-a944-8bc3341775d8,поселение Роговское,55.47076275,37.29984356318341,1976.0,21,16,6.0,0.375
d98a5ce1-e8d1-495a-82dd-e4145c92b381,район Черёмушки,55.66437345,37.57438207035362,2007.0,174,82,26.0,0.3170731707317073
d98b459c-5e3e-49f9-90d1-9156546a1eb3,район Кунцево,55.7371474,37.429007700000014,1962.0,125,72,13.0,0.18055555555555555
d9b0743e-810b-45d4-9fcb-21d46d5252d2,район Хорошёво-Мнёвники,55.78006355,37.45005831072871,2011.0,551,340,137.0,0.40294117647058825
d9b0989f-2cdf-48bf-92c1-4c08e236ccf7,район Коптево,55.82853605,37.52311925983575,1971.0,286,178,10.0,0.056179775280898875
d9c8ad0e-f73c-41af-bce9-edb11a6223f5,район Беговой,55.77840449999999,37.576652201226786,1900.0,157,64,5.0,0.078125
d9c9741c-eeb3-44ea-a154-61fdefd32c3c,Гагаринский район,55.6918403,37.5492954,1957.0,1074,418,6.0,0.014354066985645933
d9d456d1-c915-47fb-b4a9-f133c419b864,поселение Московский,55.589298299999996,37.37625009528299,2009.0,317,165,51.0,0.3090909090909091
d9d5502e-a1f1-4d8a-9278-a08e3d17b7a1,поселение Десеновское,55.50185655,37.32590179604546,1977.0,124,63,4.0,0.06349206349206349
d9d7174a-64bf-4621-b90a-70a44d9b2230,район Зюзино,55.649429299999994,37.57052834195592,1997.0,445,201,29.0,0.14427860696517414
d9de8706-43f8-4f08-a1cd-9b960e3ec2a2,район Очаково-Матвеевское,55.70314595,37.46977534794239,1973.0,344,172,18.0,0.10465116279069768
d9e27791-83a8-4c01-b765-6ef7273f7a2f,Обручевский район,55.6626777,37.52779110898368,1985.0,1300,1298,668.0,0.514637904468413
d9efedd1-6d53-44f1-b314-96866d0ed9a7,Войковский район,55.8159578,37.48759541276673,1950.0,180,85,5.0,0.058823529411764705
d9f6dde7-c0ce-4afd-8263-6e50c1a37b5d,район Измайлово,55.802213699999996,37.78506710074874,1969.0,252,128,15.0,0.1171875
d9fe53f4-856c-429d-abd2-88494a11542d,район Левобережный,55.868484699999996,37.472050202425876,2012.0,1397,621,51.0,0.0821256038647343
da12839d-e81d-490a-b463-3f8880ef48d4,поселение Краснопахорское,55.4345911,37.3257155827707,2015.0,13,12,7.0,0.5833333333333334
da1e61dd-3be4-4c4d-9f30-faf871f6f849,район Фили-Давыдково,55.71749025,37.4599181945578,1973.0,217,178,42.0,0.23595505617977527
da20afd5-dd43-4501-986e-a90f7ad08f67,район Левобережный,55.864458299999995,37.46911005,1974.0,191,98,12.0,0.12244897959183673
da24236a-e0d8-44ac-a57c-a295875e6ee0,район Выхино-Жулебино,55.7078058,37.827337434979185,1970.0,445,216,22.0,0.10185185185185185
da28f193-760a-4bc7-887f-9d12f343ce5f,район Щукино,55.79043625,37.478383575489325,1970.0,195,178,29.5,0.16853932584269662
da2a89f8-f141-4882-b050-1c7ba254b9c1,район Тёплый Стан,55.6197812,37.488413800000004,1995.0,233,128,20.0,0.15625
da307ab6-7b06-4707-8592-6a66deb4a741,район Хамовники,55.7361747,37.5948527,1903.0,16,7,2.0,0.2857142857142857
da3ecd51-a551-4ac7-a223-d5f467a92a90,район Сокол,55.8084264,37.50013496682456,1959.0,604,255,34.0,0.13333333333333333
da4398b6-df47-4f39-a813-d62fd587c64e,Ломоносовский район,55.68622725,37.52457395997355,1958.0,893,397,2.0,0.005037783375314861
da446909-7165-433b-90e6-3836841f98d7,район Выхино-Жулебино,55.7126779,37.80893599053803,1974.0,299,144,22.0,0.1527777777777778
da44b954-6038-43cd-895a-09601c7a171e,городской округ Троицк,55.756257649999995,37.844570475117976,1974.0,254,126,6.0,0.047619047619047616
da49515b-eb0c-48fa-af7c-c3736065dad7,район Аэропорт,55.8020023,37.545459049611395,1962.0,65,48,19.0,0.3958333333333333
da503478-b974-4632-9799-736271f2b78d,Тимирязевский район,55.812359,37.5716319,1963.0,266,142,16.0,0.11267605633802817
da5ccb24-126a-43ee-b872-3fc326298155,поселение Рязановское,55.4684541,37.5448871039629,2010.0,430,292,90.0,0.3082191780821918
da5fc217-b01d-48f6-84e7-d2d5df6665af,район Гольяново,55.8100872,37.77685593693565,1994.0,390,199,19.0,0.09547738693467336
da604693-38bc-486d-9184-9190828051d7,Тверской район,55.7781236,37.58919535,1914.0,95,42,9.0,0.21428571428571427
da6b8f1a-8b38-4931-9644-61ee7ec8e906,район Хамовники,55.7446967,37.58873893622904,1914.0,49,25,9.0,0.36
da71f3bc-e676-4e37-b654-aa9ba0315b1d,район Кузьминки,55.70336865,37.75137913487772,2001.0,722,317,18.0,0.056782334384858045
da7a58af-8579-477f-8212-443ba05acacc,Таганский район,55.73269845,37.67341390552789,1961.0,190,80,3.0,0.0375
da86a197-7276-421d-8c82-920228fb7271,район Коньково,55.6466088,37.519394,2003.0,255,173,71.0,0.41040462427745666
da8f23e7-5a5e-48f9-a693-b0cdb1df7dec,район Новогиреево,55.7515853,37.821616266794024,1961.0,72,40,4.0,0.1
daa9041b-2ba8-4b0f-9175-6148e27dcf18,район Сокольники,55.78704705,37.67710353613553,1971.0,255,140,42.0,0.3
daa957d5-f8dc-4cb8-844f-c10590382473,район Черёмушки,55.66751705,37.57153486579315,1998.0,546,268,47.0,0.17537313432835822
dab060a7-d0cb-441b-8f5c-fc9c3eaf0d06,район Сокол,55.81337015,37.49762200589558,1965.0,237,144,32.0,0.2222222222222222
dab322f6-a527-498f-b589-e09274ef3361,Пресненский район,55.7682772,37.556450636397955,1965.0,92,84,35.0,0.4166666666666667
dac56ca8-0ac0-4ff9-8c78-b3dd3e6e182d,Тимирязевский район,55.847201999999996,37.570799613453254,1966.0,121,72,12.0,0.16666666666666666
dadb4a7d-971d-4966-b5ce-6b6787a5de53,район Лианозово,55.90618695,37.56752826465589,2006.0,69,44,21.0,0.4772727272727273
dade0d19-27bf-4a5b-8cd2-3705aa37f212,Рязанский район,55.72077505,37.78588147752892,1967.0,124,81,20.0,0.24691358024691357
daedefa3-6220-4fe1-acc6-7f99f60d75f4,район Свиблово,55.8532967,37.639646549999995,1964.0,104,72,13.0,0.18055555555555555
dafa7d33-d818-41a0-a193-088299ac40d8,Басманный район,55.7643834,37.65366079182717,1904.0,39,18,6.0,0.3333333333333333
db17afb1-2cae-4837-96d3-71e7ed5b7818,район Левобережный,55.86213375,37.47720973405376,2010.0,491,229,44.0,0.19213973799126638
db2605d0-b878-41b3-811d-4f270cc02293,Таганский район,55.74473705,37.662428497147296,1955.0,15,8,2.0,0.25
db27c187-cf97-4faf-a652-15c3cef2c25a,Басманный район,55.762363,37.64538066434511,1910.0,47,20,3.0,0.15
db2a48aa-9ad4-4900-8721-8205b188d00a,район Марьино,55.663201099999995,37.769152137018494,2000.0,635,333,52.0,0.15615615615615616
db337d79-14dc-48c4-b6ac-7002b078d691,Войковский район,55.8189169,37.4878597,1962.0,137,60,2.0,0.03333333333333333
db4a1c6c-d781-414e-a296-7ca4a439a033,район Ховрино,55.87181845,37.48461655,1965.0,150,84,10.0,0.11904761904761904
db5165c1-e9ee-4b75-84de-088abbf72716,район Кунцево,55.7350291,37.427576450000004,1999.0,255,99,5.0,0.050505050505050504
db5c2464-63c5-404a-ae34-45abe0c2303c,городской округ Троицк,55.47626195,37.303977058117816,1969.0,115,72,21.0,0.2916666666666667
db5f0323-4e0d-499f-b538-611a2665b87e,район Кунцево,55.73566580000001,37.42987569621843,2016.0,235,132,29.0,0.2196969696969697
db621fa4-1f84-4640-ab0a-262ed0568157,Тверской район,55.7713762,37.61873048730187,2007.0,85,52,23.0,0.4423076923076923
db6ab835-190e-4550-80e2-51b1c6972217,район Соколиная Гора,55.7611874,37.7434347,1972.0,121,72,3.0,0.041666666666666664
db6d98b8-8514-49b3-a278-0ebb4f2b4fcf,поселение Рязановское,55.470606000000004,37.54465588814766,2008.0,357,243,91.0,0.37448559670781895
db70729c-6ede-4ee3-a917-1708bee0a259,район Зюзино,55.6427871,37.603842549999996,2012.0,134,144,92.0,0.6388888888888888
db7ad200-76fa-4239-aa17-4ecbd496d665,район Строгино,55.79849015,37.38935187232179,2012.0,350,240,68.0,0.2833333333333333
db7d644d-d123-48e8-a6ec-a463a8593feb,район Марьина Роща,55.796427949999995,37.60647594369151,1970.0,160,84,6.0,0.07142857142857142
db82230b-5291-46ca-9dfa-58ae108d6be6,район Богородское,55.808338250000006,37.72176906667114,1963.0,161,69,1.0,0.014492753623188406
db88f965-cfe8-4aed-b9d4-90edab8732ba,район Восточное Дегунино,55.856200349999995,37.56740415299245,1972.0,175,95,13.0,0.1368421052631579
db8b454e-3c9a-4b11-8654-8cd19395bdaa,Тверской район,55.77593305,37.61362109629153,1971.0,192,126,34.0,0.2698412698412698
db91191a-8d72-47ee-ab34-03d06fe235ae,район Бибирево,55.88958155,37.616088149999996,1976.0,193,127,43.0,0.33858267716535434
db94c810-4d60-464e-8c41-1e34a194220c,Можайский район,55.72565415,37.437347102444164,1970.0,134,80,15.0,0.1875
db952954-460a-4456-82ae-007e149b4264,Лосиноостровский район,55.868857,37.68005425431737,1972.0,157,81,13.0,0.16049382716049382
dba524a4-c18e-447c-9979-c85e1fe0e46c,район Якиманка,55.7238317,37.60710582229633,1962.0,355,154,12.0,0.07792207792207792
dbbf8b2c-60aa-4e3a-bda8-0cc0a3f32ba7,район Хамовники,55.723663450000004,37.58360476792969,1943.0,149,75,13.0,0.17333333333333334
dbc7bb73-19a6-41b0-ab93-e6f54ad752b2,Бабушкинский район,55.86885055,37.66739253850736,1977.0,909,455,76.0,0.16703296703296702
dbc8fa93-31d7-4ab7-81b0-45eadcd03ce8,район Измайлово,55.79981385,37.782796899999994,1959.0,182,80,6.0,0.075
dbcc53f0-bb63-4412-ac29-56855424c171,район Текстильщики,55.719394,37.73952415524215,1969.0,177,81,4.0,0.04938271604938271
dbcd09b8-4d00-4ac4-a2c4-103398008755,район Раменки,55.711489799999995,37.51179387010167,1960.0,143,64,2.0,0.03125
dbdc184c-865f-4f4d-a189-1a91de32b6e5,район Нагатинский Затон,55.67688895,37.68741842474756,1974.0,123,72,8.0,0.1111111111111111
dbe17377-f431-40c7-8882-a136633860b8,поселение Десеновское,55.50158635,37.324159550000005,1977.0,134,69,11.0,0.15942028985507245
dbed2eba-dbe5-43ff-b871-a3d85af81ec6,Академический район,55.693841500000005,37.58701135,1965.0,109,62,13.0,0.20967741935483872
dbf43a7d-1f33-45c1-b731-eda519090799,район Раменки,55.70571095,37.507188483088235,2006.0,161,82,28.0,0.34146341463414637
dbf67feb-caf1-4cb6-aa19-6b2b2ad85855,район Котловка,55.678816749999996,37.60556024979653,1968.0,168,96,5.0,0.052083333333333336
dbf804ec-ed07-4cda-bd95-3e43846147af,район Царицыно,55.61602475,37.648668628084415,1969.0,201,98,1.0,0.01020408163265306
dc0a212e-d1c5-41cb-b500-f1b9cc50030f,район Черёмушки,55.6686801,37.574800431096904,1996.0,308,135,10.0,0.07407407407407407
dc138d3a-41af-4230-93cf-4d553e53a054,район Сокол,55.8007991,37.49858112616164,1952.0,202,73,4.0,0.0547945205479452
dc25bba4-d218-4d7d-a2bc-807154b3cfdb,Нижегородский район,55.73272095,37.70750508046136,1957.0,180,92,7.0,0.07608695652173914
dc499788-f7de-4cef-88b0-5312dba1d9db,поселение Рязановское,55.469756700000005,37.544743510559,2008.0,309,200,75.0,0.375
dc49e4a4-2e4f-41b8-b26c-b8bec4b01c17,район Кунцево,55.74284605,37.39803275,1968.0,109,64,19.0,0.296875
dc4d8b97-235e-4d6e-bd64-f0b85da044ee,район Богородское,55.8197732,37.70780146907301,1995.0,117,47,3.0,0.06382978723404255
dc4f9131-2a01-47e1-a544-d07d383d293d,район Перово,55.75542335,37.7775495,1966.0,128,72,8.0,0.1111111111111111
dc54e3ba-7573-40ad-84cc-aebbdafb64b7,район Беговой,55.785887450000004,37.55968135078912,1960.0,41,24,4.0,0.16666666666666666
dc64678e-7b31-4745-85ca-dc5522e5b481,район Лефортово,55.76556925,37.71155879806035,1970.0,327,159,3.0,0.018867924528301886
dc6b4024-702f-495c-ad0f-306348927316,Красносельский район,55.7614258,37.63145763888252,1898.0,85,48,19.0,0.3958333333333333
dc7d1937-5c14-446b-83b4-2b670dbfc81b,Басманный район,55.7623018,37.65195140275232,1928.0,39,26,11.0,0.4230769230769231
dc88f6ea-9cf8-445f-a1f2-3e5b0695631d,район Черёмушки,55.651443799999996,37.55931575908221,1965.0,149,84,11.0,0.13095238095238096
dc89db16-47fc-417f-90d0-f953a45b3c16,район Соколиная Гора,55.763280300000005,37.730582550413075,1974.0,131,84,24.0,0.2857142857142857
dc910451-1cab-4adf-a9a5-14c26b671d60,район Северное Тушино,55.86779095,37.43935825824906,1975.0,410,214,32.0,0.14953271028037382
dc9aa97a-3a93-4ef4-9907-6bcc684b0bb2,Тверской район,55.76122495,37.6110805112193,1930.0,113,51,7.0,0.13725490196078433
dca2763a-0029-4bbf-a540-221c01392ed5,Обручевский район,55.64751,37.499853633085515,2003.0,654,260,17.0,0.06538461538461539
dcaf7b8a-b681-41ee-8c6f-f9e442e0bdb3,район Зябликово,55.61811095,37.70109204566762,1976.0,427,566,363.0,0.6413427561837456
dcb4a3f2-d718-40b9-b3b7-d6b60c6a5c3a,Рязанский район,55.7149491,37.796299075062606,2015.0,745,408,83.0,0.2034313725490196
dcbb8215-1057-456e-ab83-0abf28d39baf,Дмитровский район,55.8830348,37.52550301613077,1968.0,172,80,6.0,0.075
dcca5ff7-1190-452d-965f-147854243ce4,район Кунцево,55.733292199999994,37.41853623784638,1956.0,136,74,5.0,0.06756756756756757
dcd01eb4-6659-4b43-b14c-fe26f38e0aa8,район Лианозово,55.90716365,37.56757034796337,2006.0,98,44,11.5,0.2727272727272727
dcd77de5-716b-40ca-b329-2bfa130a1a56,район Выхино-Жулебино,55.708118,37.8258369,1969.0,157,81,5.0,0.06172839506172839
dce663e1-83f8-4131-b3a0-692a41b7dfbe,район Щукино,55.797251849999995,37.465061478688995,1971.0,190,98,2.0,0.02040816326530612
dcf95865-d91c-40f0-8fdb-83fe0700813c,район Орехово-Борисово Северное,55.61248125,37.71463678087819,1974.0,364,142,4.0,0.028169014084507043
dd0eaac1-64d8-417b-bc1a-7570eaa78b64,Савёловский район,55.7909441,37.569584,1963.0,123,60,4.0,0.06666666666666667
dd1459d9-2fe3-4a4d-aeb2-3ad342c14f9c,Ломоносовский район,55.68407485,37.529172802138014,1958.0,442,199,6.0,0.03015075376884422
dd172179-eda8-450c-8be2-690fcf041afd,район Филёвский Парк,55.75232595,37.50135978230577,1955.0,119,59,1.0,0.01694915254237288
dd21e44b-0f82-4e11-912f-b3e83e76777e,район Северное Бутово,55.5654058,37.57878243108029,2002.0,273,135,26.0,0.1925925925925926
dd5030ec-4869-46a1-821f-d9f448b161bf,Войковский район,55.821569600000004,37.51783210107925,1969.0,439,177,3.0,0.01694915254237288
dd526f21-367b-4254-99ff-c294a3ea82e6,Академический район,55.6942909,37.5853354,2000.0,204,93,10.0,0.10752688172043011
dd56adf4-ad09-4739-952f-72c6e891b1c3,Ломоносовский район,55.675927349999995,37.54405119479744,1970.0,163,112,25.0,0.22321428571428573
dd63d2ba-8275-4902-9270-879c5c3584d3,Ломоносовский район,55.673756749999995,37.536580878201214,1963.0,116,72,15.0,0.20833333333333334
dd68f9cd-f26d-4836-8113-62a15a832154,район Проспект Вернадского,55.6708369,37.51248090233241,1963.0,109,72,18.0,0.25
dd6ab98e-b101-4dd6-a889-3f0afc5972b8,район Ново-Переделкино,55.63746945,37.35745759999999,1988.0,328,166,31.0,0.18674698795180722
dd6bcbc1-abf0-4883-9327-6cacb73500ca,район Лефортово,55.7668903,37.714922173097705,1967.0,110,72,25.0,0.3472222222222222
dd708dca-534f-467c-9e88-b9659f0ab073,район Сокольники,55.7982049,37.69133918221983,1967.0,121,72,8.0,0.1111111111111111
dd8dbd4b-66c8-4b24-a10a-0873649e11ed,район Замоскворечье,55.7292188,37.6467827,1908.0,239,132,27.0,0.20454545454545456
dd99a99b-a1b1-489e-9700-28ce6220385a,район Хорошёво-Мнёвники,55.779159050000004,37.476086154519294,1969.0,252,135,13.0,0.0962962962962963
dd9e0f38-8791-47a3-a4ed-cfaee375eb23,Пресненский район,55.77460515,37.58385207885759,1910.0,137,82,30.0,0.36585365853658536
ddb5710a-384a-4f98-b369-31231d8c783a,район Гольяново,55.8111629,37.80888320343874,1971.0,1070,495,5.0,0.010101010101010102
ddb75dff-56c9-4eda-b563-25267a112929,район Кузьминки,55.70303105,37.75277467376739,2000.0,229,140,41.0,0.29285714285714287
ddb856c0-0cec-4abc-831d-ef0b1349ed54,район Раменки,55.6918564,37.4953613,1985.0,251,135,21.0,0.15555555555555556
ddc36e72-a491-407c-a073-fbd90b7e32ed,район Измайлово,55.80827945,37.793895177601996,1969.0,132,79,2.0,0.02531645569620253
ddce2942-8ed6-4110-8b0f-958e2a7881e7,район Ховрино,55.85814485,37.49531694303203,2002.0,425,255,75.0,0.29411764705882354
ddd2f654-8346-4355-a349-97e676432881,Басманный район,55.7559033,37.64977626688183,1917.0,48,25,6.0,0.24
dde4641a-93a9-46a0-bdd6-db4c615bc0b7,район Проспект Вернадского,55.6662489,37.506843043199446,2014.0,438,188,1.0,0.005319148936170213
dde89725-49fc-4357-aaa1-943b0d149c3b,район Черёмушки,55.67553445,37.552685488653566,1963.0,124,72,12.0,0.16666666666666666
ddea3ca6-f8b5-4fda-842e-2d587ce719ce,Войковский район,55.8310606,37.4868383,1973.0,160,86,19.0,0.22093023255813954
ddf6d529-5565-4ada-95b5-62b5db7ea554,район Нагатинский Затон,55.6777411,37.696100130107,1981.0,236,142,13.0,0.09154929577464789
ddfa35ed-7ed9-44c5-8310-e3e6eb8f8616,район Богородское,55.80894325,37.71657504329623,1959.0,131,59,2.0,0.03389830508474576
de196f77-c98d-4285-bdcf-d8b3a2b0be38,район Замоскворечье,55.7350389,37.6311709,1912.0,34,17,7.0,0.4117647058823529
de220243-610e-48aa-91fe-babc16f06826,городской округ Троицк,55.622877849999995,37.666416392732245,1977.0,610,239,6.0,0.02510460251046025
de23f81b-c212-42f3-9eb8-e667c8378f68,Тимирязевский район,55.82133975,37.57218393164865,1959.0,158,76,11.0,0.14473684210526316
de312768-d4e7-4443-a522-b8b82d7c98c9,Басманный район,55.774214549999996,37.68641802661155,1972.0,197,98,12.0,0.12244897959183673
de336cfd-3a1f-4df8-bade-dfa4ae0d2417,район Аэропорт,55.801457150000005,37.54148010465312,1981.0,133,68,10.0,0.14705882352941177
de33a7ad-2190-4d11-9ad9-2a9b9eb4bcb0,район Филёвский Парк,55.73868685,37.49612004786461,1975.0,216,136,49.0,0.3602941176470588
de3bfc56-f745-4b2e-b32a-9e80d575f97f,район Северное Тушино,55.862049049999996,37.43146582041632,2001.0,160,97,33.0,0.3402061855670103
de4d1c32-f423-41da-b459-ad5096a784cd,Хорошёвский район,55.78400475,37.51154495740653,1955.0,152,66,14.0,0.21212121212121213
de4ed26c-84cf-4a37-a04f-1a2e7ccede21,район Соколиная Гора,55.791242800000006,37.73493010678948,1960.0,72,40,6.0,0.15
de53ac97-02f0-4cdf-92c1-a3e16e165996,район Отрадное,55.87435615,37.58912121325422,2010.0,246,144,38.5,0.2638888888888889
de5e1a61-a0f9-4634-b2d5-21da4c9ad0b8,район Выхино-Жулебино,55.704301150000006,37.8119674216286,1968.0,157,86,17.0,0.19767441860465115
de65f9e4-e8e4-4424-9309-54eed25ad4d6,район Хамовники,55.7213732,37.57012812702661,2015.0,12,17,13.0,0.7647058823529411
de7df1aa-bba6-4cb3-bb67-9b05cb7524e7,район Некрасовка,55.69789355,37.92554721544643,2014.0,473,192,7.5,0.041666666666666664
deb0ece0-9dc2-4149-8453-7dbc1a7a3592,район Коптево,55.837343649999994,37.52647103512166,1966.0,160,96,11.0,0.11458333333333333
deb82255-70ab-486e-b014-e2a3d6f5aeb5,район Проспект Вернадского,55.667028,37.50769394550179,2009.0,467,203,6.0,0.029556650246305417
dec7e48a-03c4-4089-871a-872c4606058a,Алексеевский район,55.80269185,37.64060337815902,1967.0,81,48,5.0,0.10416666666666667
ded4c62f-3171-4edb-a0c5-f8abb25afbae,район Раменки,55.72360675,37.52571870274164,1963.0,128,60,3.0,0.05
dedeea4e-8bb7-4cc2-8a0a-23d2e001353d,Таганский район,55.7478469,37.64303721508351,1953.0,263,117,36.0,0.3076923076923077
dee3f32e-1cc6-4f17-9805-bdef34f76887,Академический район,55.69256625,37.58827627661179,2000.0,836,351,25.0,0.07122507122507123
dee9dd75-c26b-4938-a6ff-fc52949beab8,Обручевский район,55.67141264999999,37.54858660166533,1971.0,161,91,5.0,0.054945054945054944
deeebf63-97d7-48c6-b8ea-76f01422b018,район Измайлово,55.79679245,37.7681718675086,1973.0,172,97,5.0,0.05154639175257732
def07667-0205-4e42-a3c2-f08e70e425d3,Красносельский район,55.782731150000004,37.67142947835654,1926.0,77,32,3.0,0.09375
def10f4d-f582-443d-b01c-e11ab79cffab,Ярославский район,55.87474775,37.72316364999999,1981.0,396,193,19.0,0.09844559585492228
def71c2d-2e95-443b-929e-431aeccecc2a,район Хамовники,55.721154999999996,37.57702317440611,1955.0,613,318,117.0,0.36792452830188677
defc5a79-b916-499e-8a11-3b0542acb52d,Мещанский район,55.7704815,37.6225111,1962.0,88,63,23.0,0.36507936507936506
df0269fe-3926-4821-8237-3ca5ff1c4b6b,район Люблино,55.6681085,37.775528438539524,2003.0,459,226,23.0,0.10176991150442478
df253985-9298-4f19-a6bc-78a2302335a9,район Южное Тушино,55.8434702,37.45729312308001,1973.0,181,84,3.0,0.03571428571428571
df2f5e5c-b8a8-4cb0-b3fd-56d355513013,Бутырский район,55.80629935,37.582627962273094,1938.0,142,51,1.0,0.0196078431372549
df3b551f-2233-4fcd-bda4-6cb5047fb92f,Алексеевский район,55.815870649999994,37.655640037464586,1969.0,167,84,2.0,0.023809523809523808
df49a397-82cd-4296-8fd2-ea6e290019f4,Тимирязевский район,55.8247084,37.56937271275119,1982.0,212,138,31.0,0.2246376811594203
df4c5ac9-a83a-4735-a3af-f0009736b87b,поселение Первомайское,55.49990285,37.22395175,1975.0,108,53,7.0,0.1320754716981132
df5fc66f-f168-44a9-94a4-78c212856603,район Бибирево,55.88687995,37.60963260733244,1977.0,264,127,7.0,0.05511811023622047
df676a2d-a3a9-4fee-8375-893ccf73c231,поселение Кокошкино,55.656198950000004,37.33678505,1973.0,56,67,42.0,0.6268656716417911
df751e46-1057-42c9-b582-1cc0bef4ed69,район Богородское,55.8194568,37.700716650000004,1961.0,133,60,2.0,0.03333333333333333
df769ffd-ec0e-4871-90c3-73e40b6cf5eb,Лосиноостровский район,55.883203800000004,37.70879533221677,1997.0,371,142,1.0,0.007042253521126761
df7bcce5-496c-4c41-a0b5-1703764e8333,Останкинский район,55.803916799999996,37.62928812356442,1969.0,167,84,4.0,0.047619047619047616
df87049e-fd76-43c3-a171-7b4b12a2b587,район Преображенское,55.8011731,37.72851430931334,1970.0,148,98,28.0,0.2857142857142857
df8fb2b3-49fc-49dc-b939-3a17176e378d,район Марфино,55.8445504,37.58089433194648,1989.0,190,91,2.0,0.02197802197802198
df9229d6-9035-494d-bac4-a7329d46e323,Мещанский район,55.7760284,37.62851004707752,1998.0,35,16,5.0,0.3125
df9257cb-7128-4907-ad64-ebedfb90544a,район Аэропорт,55.80049675,37.54365393227051,1965.0,89,50,2.0,0.04
df9359f5-f533-4d3c-bb13-82e63be6ded1,Красносельский район,55.7794193,37.66505816819118,1962.0,203,110,16.0,0.14545454545454545
dfa10e64-dfcd-4a99-897f-dcbe068d0ae5,район Измайлово,55.80036475,37.78585389978039,1960.0,70,40,9.0,0.225
dfa5e999-e088-4981-904a-a8355277f6fd,район Коньково,55.6385681,37.535029355705234,1999.0,396,199,42.0,0.21105527638190955
dfbabf11-4f9e-4af2-acd1-fca99b03fbee,район Кузьминки,55.70294845,37.76003002162757,1966.0,125,96,27.0,0.28125
dfbbc6e6-9f07-4077-8a0c-653c153d88e6,городской округ Троицк,55.48054535,37.29932107120115,2006.0,123,93,47.0,0.5053763440860215
dfbbfb26-69c7-430d-b864-b83fec7817ae,район Дорогомилово,55.74047775,37.52483798988757,1936.0,93,63,20.0,0.31746031746031744
dfbd50eb-ce34-45c2-9180-7920efff73c7,район Чертаново Южное,55.59396385,37.60518524101698,2007.0,144,68,12.0,0.17647058823529413
dfc70016-d9b9-4938-bbf6-56c5a3bd3f22,район Соколиная Гора,55.77103795,37.729493,1964.0,98,68,15.0,0.22058823529411764
dfcdc819-2bea-4fe9-b377-0afe723cae43,район Черёмушки,55.68067705,37.55609747362186,1961.0,99,63,15.0,0.23809523809523808
dfdbc1b0-4ed7-4b6f-bdee-7c1e6dec6a3e,район Северное Тушино,55.850966650000004,37.414013629381294,1968.0,265,178,48.0,0.2696629213483146
dff4e0f8-631f-4776-897b-45081f5dcc48,район Солнцево,55.6559137,37.409199563658746,2008.0,427,183,13.0,0.07103825136612021
dff69a2e-5b1f-4b67-b1f1-548e4dbe1034,район Северное Медведково,55.886273849999995,37.65134636282188,1966.0,109,72,18.0,0.25
dff7a40b-5327-465b-bdcb-e7a4312623fd,район Кузьминки,55.70189565,37.76142470348262,2010.0,184,120,40.0,0.3333333333333333
dffec86d-b4b9-4a5a-acd1-8e9a7e0a8773,Лосиноостровский район,55.86885515,37.687679458751035,1972.0,165,98,26.0,0.2653061224489796
e0039e20-61c4-4527-8a65-cc4ae769f1f4,район Аэропорт,55.8034485,37.54886333234674,1971.0,152,97,20.0,0.20618556701030927
e0079aaf-0f35-4655-acf4-233c89d5c7a8,район Кузьминки,55.702057249999996,37.7717004,1965.0,136,96,21.0,0.21875
e0163980-8238-4af7-b2a6-49f04946586c,район Преображенское,55.801679449999995,37.70294264419524,1964.0,229,120,7.0,0.058333333333333334
e02f86e5-7558-4dac-ab18-2964806687ff,район Хамовники,55.72547755,37.57482402247544,2014.0,225,211,128.0,0.6066350710900474
e03ae839-87db-425a-b83c-6a015c1e5f65,Тверской район,55.77306955,37.595606984543124,1927.0,28,13,2.0,0.15384615384615385
e03bf30d-df4c-4587-94a8-381dd62bac7a,район Ростокино,55.8274048,37.66646880505308,1966.0,194,84,1.0,0.011904761904761904
e03cd8ac-dece-4765-b34d-e7368fa58559,район Южное Бутово,55.5372246,37.52938409586321,2000.0,374,157,1.0,0.006369426751592357
e049c882-7b04-4030-bf6c-e9056531ecc5,Лосиноостровский район,55.8806557,37.686346010910015,1970.0,509,272,1.0,0.003676470588235294
e060fb13-49e7-4c46-b355-aeb3dcc462f3,поселение Московский,55.86131805,37.666650254981576,2010.0,609,287,96.0,0.3344947735191638
e06d715b-4d50-412c-bef0-e59696a2d3bf,Обручевский район,55.6634563,37.51264125447331,1977.0,341,175,26.0,0.14857142857142858
e073c6bc-1703-48f3-9b4f-5a8622b99824,район Ховрино,55.874736150000004,37.484991449999995,1965.0,165,96,6.0,0.0625
e0761d19-ba2f-4318-8e9f-57f679764583,район Северное Тушино,55.85347045,37.44505820404447,2013.0,174,120,39.0,0.325
e076a2d3-c644-486b-9416-6258bb531ad6,Даниловский район,55.71225085,37.60996557254717,1961.0,96,63,4.0,0.06349206349206349
e076d8d9-46c2-42c3-acc4-d577fff084f7,Хорошёвский район,55.77717095,37.53177099293347,1985.0,466,196,5.0,0.025510204081632654
e07dbfce-214a-427d-88cd-1c9d9dfa58f8,район Коптево,55.835711,37.52292773722871,1956.0,29,16,6.0,0.375
e07f5616-8a40-41ec-9d79-447e42881fc5,Алексеевский район,55.812374000000005,37.65329488934739,1964.0,119,68,2.0,0.029411764705882353
e084f85d-e2b1-4dda-bd03-1eb6a55f202d,район Левобережный,55.865893299999996,37.47455237307355,2009.0,1620,621,3.0,0.004830917874396135
e08c59dd-6acd-4cea-8ffa-f7130cc475d7,район Коптево,55.817475650000006,37.52559462998835,1998.0,899,346,17.0,0.049132947976878616
e08de53e-3f75-4cf7-bee7-0e1dc85b5aa0,район Гольяново,55.812544149999994,37.811387498687466,1971.0,198,111,8.0,0.07207207207207207
e093199c-9338-44ee-89c7-5c7306af3312,район Новогиреево,55.7501728,37.808066414107955,1967.0,141,84,26.0,0.30952380952380953
e095f164-6724-4e54-b250-14f69bd513b8,район Хорошёво-Мнёвники,55.78435365,37.46858380542546,2007.0,295,186,19.0,0.10215053763440861
e09bb252-d0e0-46d7-96bf-87bf81d9157b,Донской район,55.71389645,37.59620208920818,1973.0,63,36,9.0,0.25
e0a7e8db-1d44-4571-83bf-971fed98cc5f,район Кунцево,55.739259950000005,37.42609918106483,1964.0,118,72,14.0,0.19444444444444445
e0abcade-2207-4dc7-9ce8-1b09f752e6d5,район Беговой,55.789562700000005,37.58002868444741,1955.0,95,45,1.0,0.022222222222222223
e0b328c6-56df-401f-bb02-3ce57a59c16b,район Зюзино,55.65376515,37.581046364969495,1964.0,105,72,26.0,0.3611111111111111
e0b8dd43-a1a8-4349-97df-942100f66fcf,район Косино-Ухтомский,55.71704175,37.859117328036874,1961.0,61,30,4.0,0.13333333333333333
e0cf893c-8464-46c4-ab55-ac2e9c963dfc,район Проспект Вернадского,55.6717251,37.495505322747746,1969.0,204,107,10.0,0.09345794392523364
e0da67f1-5b8e-4908-97fa-b5ee6d01ea57,район Хорошёво-Мнёвники,55.784324850000004,37.47554872718798,1963.0,124,68,5.0,0.07352941176470588
e0e133aa-bea8-4eae-91a9-8313f7546d06,городской округ Троицк,55.50978945,37.434635710746605,2010.0,578,321,30.0,0.09345794392523364
e0fef1e5-ea61-4f2e-8375-dc7b6d016ee5,район Сокольники,55.7860748,37.6865923,1975.0,316,214,44.0,0.205607476635514
e104823b-5b09-4955-b6de-d9c298ab5f2b,Войковский район,55.835500550000006,37.488766967252005,1963.0,168,80,5.0,0.0625
e11a6a4c-8fa1-43c4-b386-7c2961ae78a2,Тимирязевский район,55.8117636,37.564750000660545,1967.0,169,84,11.0,0.13095238095238096
e1373f11-9f5e-48af-bca4-39bea26d1ad3,район Чертаново Центральное,55.61433565,37.593070850000004,1970.0,536,251,16.0,0.06374501992031872
e13a2ac4-d9f2-4279-97a7-2715a6f979f9,Академический район,55.6841275,37.57930490453461,1997.0,325,166,37.0,0.22289156626506024
e149ccc6-4bc0-4308-8dc2-fc4367b226d3,поселение Сосенское,55.56953755,37.47559695456763,2014.0,135,257,193.0,0.7509727626459144
e14a6d40-e7aa-471d-93fe-736b57213e3b,район Марфино,55.8255519,37.59433928932338,2010.0,355,228,76.0,0.3333333333333333
e1512f2e-b98a-4af7-b6d6-05659a394d41,поселение Московский,55.59097275,37.37939941584406,2012.0,404,256,93.0,0.36328125
e15c5c84-3133-4025-815a-f2756ef41a48,район Текстильщики,55.71974215,37.733671388597514,1969.0,145,80,13.0,0.1625
e15e6689-6e3c-4874-ac26-15efc9fef69f,поселение Сосенское,55.57620695,37.47524297162422,2015.0,62,134,111.0,0.8283582089552238
e15ec8ae-0be5-415c-b0c7-f4758e7094bc,район Арбат,55.7541506,37.607082516344164,1900.0,72,31,6.0,0.1935483870967742
e165d31c-e1bb-4895-aae1-a5d1e2267091,Пресненский район,55.7626082,37.59579813609538,1914.0,33,22,11.0,0.5
e16d1d14-32c2-4661-89e7-d2baa1c34c2d,район Тропарёво-Никулино,55.65717735,37.494571874237934,1971.0,265,143,19.0,0.13286713286713286
e16ef670-5587-4de0-81f6-c9ebd1b60f97,Лосиноостровский район,55.86705755,37.6846726191486,1959.0,137,71,7.0,0.09859154929577464
e183a3c4-3dbe-48d9-a657-e3b48580c00f,Алтуфьевский район,55.8767613,37.57635017092382,2010.0,299,176,37.0,0.21022727272727273
e1915ad0-358f-40c3-8b2a-4762f944b8d6,Донской район,55.7035537,37.59293027827805,1962.0,56,40,9.0,0.225
e193867d-e946-439e-9bfa-7f57ade52835,район Покровское-Стрешнево,55.828147650000005,37.42717147518598,1972.0,202,97,3.0,0.030927835051546393
e19ba17b-20ac-4b9e-8d49-56caf61352ef,район Строгино,55.8188343,37.39780093212292,1983.0,776,354,15.0,0.0423728813559322
e19d672e-8cfb-4d9e-a5eb-4fe33afdde6a,район Перово,55.7568457,37.780443311773965,1966.0,111,72,18.0,0.25
e1ac4c7d-da2c-4e83-bbd9-f0b3b84942de,Лосиноостровский район,55.88014835,37.702827229050975,1970.0,185,97,6.0,0.061855670103092786
e1c42a6b-16cf-4dfa-b717-1c1135a89eaf,район Хорошёво-Мнёвники,55.78045525,37.44994343995098,2009.0,243,137,49.0,0.35766423357664234
e1c469d9-124a-4cdd-b6f6-e8351d772e92,район Аэропорт,55.810726599999995,37.51981030566241,1958.0,173,76,2.0,0.02631578947368421
e1cdc0ac-d165-47e0-ab94-b421dafbb7d9,район Арбат,55.7543603,37.58565677924239,1905.0,64,28,8.0,0.2857142857142857
e1d402b2-aef5-44a7-8f57-333e2da4c78d,район Хорошёво-Мнёвники,55.775805649999995,37.481296380116746,1961.0,116,68,7.0,0.10294117647058823
e1d83ea6-0849-40a3-8c8e-bff193009e58,Пресненский район,55.756245050000004,37.58218281742829,1934.0,130,48,1.0,0.020833333333333332
e1e41de2-2237-4a08-870b-5e4cf5c579a3,район Коптево,55.83823655,37.52421754779549,2004.0,201,103,24.0,0.23300970873786409
e2004a3b-a2a1-47c9-963f-3ac4738f1801,Нагорный район,55.651104849999996,37.607309629394535,1978.0,206,111,8.0,0.07207207207207207
e21509fb-9817-4745-980a-921421c690e5,Тимирязевский район,55.8342583,37.57024910313372,1970.0,332,143,6.0,0.04195804195804196
e22b0421-b9a8-4116-b78c-0a04e2a7e74b,Пресненский район,55.762813249999994,37.59039239556488,0.0,26,9,1.0,0.1111111111111111
e22dde2f-e322-40aa-93fa-26a616dd1c76,Хорошёвский район,55.781166049999996,37.530103029550105,2001.0,1029,466,99.0,0.21244635193133046
e2386abc-bd27-4184-92c0-33d6ac365fa7,Хорошёвский район,55.779741349999995,37.51565758803385,1956.0,149,65,13.0,0.2
e23994c5-487b-4d31-85b3-fbe21ffd7386,район Соколиная Гора,55.760282849999996,37.73448891490365,1998.0,249,111,6.0,0.05405405405405406
e23bbf9d-1e91-4acf-8f91-475eb16624f5,Головинский район,55.8644047,37.51401315,1969.0,307,178,24.0,0.1348314606741573
e25a3154-5a62-4819-b81e-f4e04b166ebf,Бескудниковский район,55.85820245,37.570687222435346,1971.0,589,436,172.0,0.3944954128440367
e25dd00f-37cd-4389-9bfc-8a03850cc21a,поселение Сосенское,55.57036745,37.49178065856307,2015.0,201,223,141.0,0.6322869955156951
e2665bb5-699b-4b3b-8dd5-e4cfcbd05e2c,район Северное Бутово,55.5630569,37.57008090924821,1996.0,392,163,11.0,0.06748466257668712
e286891d-0153-4178-a9eb-93e1368bba22,район Ховрино,55.8743292,37.49004736701128,1966.0,151,96,12.0,0.125
e28ac7ea-3621-4dc4-9afb-f6b1d001dda1,район Восточное Измайлово,55.78990565,37.80034210017795,1967.0,241,165,18.0,0.10909090909090909
e28bdb07-d158-4ba5-a02e-d72aff99ad3b,район Перово,55.75912255,37.758365283959975,1959.0,401,194,20.0,0.10309278350515463
e2926795-cf95-4e15-9f68-27963091f555,район Измайлово,55.79532705,37.77815127318612,1968.0,135,80,14.0,0.175
e2964c9e-8079-4b4f-bfed-8b091ff19cfc,Ломоносовский район,55.68032665,37.519093546862436,1965.0,190,148,47.0,0.31756756756756754
e29f140b-5a27-4ae1-a36d-ba92c9a02b7a,район Аэропорт,55.806709999999995,37.52539454711538,1960.0,90,41,7.0,0.17073170731707318
e2acbe84-f834-447e-804b-e2d35ac34825,район Нагатинский Затон,55.677108000000004,37.67790173910295,2004.0,377,196,40.5,0.20408163265306123
e2ba7493-c449-40fa-a571-2203c28fe786,Савёловский район,55.79492995,37.57228824355464,1968.0,161,84,5.0,0.05952380952380952
e2bb1758-c3a7-4223-91f0-c02dea373344,городской округ Щербинка,55.507294099999996,37.572460273980155,2004.0,466,268,84.0,0.31343283582089554
e2c9be58-fb3f-436a-8f75-c0bedc506917,район Коптево,55.83840345,37.52827718512167,1966.0,142,96,25.0,0.2604166666666667
e2d0c432-d068-44b6-96e2-e06045a353d8,Даниловский район,55.7172347,37.616929062138695,1931.0,152,63,4.0,0.06349206349206349
e2df2747-ab31-4682-be63-fcad84319992,Тверской район,55.78612115,37.59877621551622,1931.0,190,74,6.0,0.08108108108108109
e2e1d357-063d-45da-91b6-043cdc7af218,район Куркино,55.8918676,37.38374672367358,2010.0,131,64,16.0,0.25
e2f18e1a-f68d-4b8a-aa31-5da4b17b30fd,район Южное Тушино,55.847998849999996,37.42762836706858,1969.0,884,422,44.0,0.10426540284360189
e2f23bc5-945a-4de8-a1da-1c40e798c7b3,район Якиманка,55.7235256,37.611206,1961.0,80,66,20.0,0.30303030303030304
e2f4ae16-3be1-4228-827c-309f2b4001bc,Красносельский район,55.77821335,37.66555701546919,1933.0,420,165,25.0,0.15151515151515152
e3058e7c-8ac7-41ec-9c32-8ce127fb8b0d,Даниловский район,55.767539549999995,37.70197813182098,1900.0,85,36,2.0,0.05555555555555555
e314422c-169d-495e-9489-c55852194ab3,район Проспект Вернадского,55.6731572,37.498071871608786,1969.0,117,108,61.0,0.5648148148148148
e31545b0-9022-4fcb-a85b-1d78e2ca24d6,район Чертаново Центральное,55.6212221,37.60725779424577,1990.0,559,252,24.0,0.09523809523809523
e31c6cea-16c5-4b18-ae79-96b526ecab2c,Басманный район,55.77917135,37.68860875707473,1917.0,38,18,3.0,0.16666666666666666
e3264bf5-77e9-4482-9a76-55908777f36b,район Ховрино,55.86029405,37.49917048056191,2006.0,78,52,22.0,0.4230769230769231
e347102b-f923-44e0-8de1-8849806dcfeb,район Лефортово,55.74746705,37.70304315784119,1979.0,224,111,8.0,0.07207207207207207
e349a664-6df4-4357-9442-b53f6053a4a4,поселение Кленовское,55.64080885,37.271371050000006,1968.0,40,22,5.0,0.22727272727272727
e354ac45-6ea4-4c50-ac60-58f4b2ae3f7b,район Измайлово,55.7947774,37.81511618330958,1954.0,154,60,2.0,0.03333333333333333
e35999bc-b6b4-4e97-9193-eb18d7069636,район Арбат,55.74951,37.598794010838205,1908.0,38,15,1.0,0.06666666666666667
e35b2431-9971-4c4d-b468-2d90cee8e19a,Хорошёвский район,55.7833292,37.53345851823957,2006.0,164,116,47.0,0.4051724137931034
e3612860-2915-40a8-a351-06a2a4e7e59a,район Ново-Переделкино,55.63750445,37.36366302768783,1988.0,471,222,30.0,0.13513513513513514
e368e2d6-f30d-4972-b84a-67bce07ee276,район Преображенское,55.80236375,37.72761471734593,1970.0,198,98,3.0,0.030612244897959183
e3717eee-111f-4ad8-bde8-0d0ca89460ec,район Южное Тушино,55.84081995,37.4640434,1965.0,183,80,6.0,0.075
e373c7e6-d943-4c71-aa32-bbf9e4ebe7c9,район Кунцево,55.7404731,37.400916249999995,1962.0,125,60,9.0,0.15
e3783c28-e76f-44e0-ad77-461fa678aaf5,Нагорный район,55.6479822,37.61062562591697,1964.0,112,72,21.0,0.2916666666666667
e3821e9d-f840-4ae8-8f6f-87ef22559b24,Таганский район,55.7349705,37.65029477384428,1961.0,110,68,7.0,0.10294117647058823
e393584b-fc00-45e9-bfaf-47aedf560450,район Нагатино-Садовники,55.672468,37.65980058151101,1964.0,296,166,29.0,0.1746987951807229
e39a4ff1-6e38-4734-aabd-5c8499895b26,поселение Сосенское,55.575917950000004,37.4730930955818,2016.0,109,144,103.0,0.7152777777777778
e39a646e-69d1-42f6-95e1-20323261a0ab,Тверской район,55.7699704,37.5982812,1949.0,282,119,32.0,0.2689075630252101
e39d97f4-2bde-4955-8150-99671be5acb7,район Проспект Вернадского,55.67372415,37.49666653898163,2017.0,544,238,14.0,0.058823529411764705
e3a860a5-014e-4ce6-ac49-15ee9d627735,Таганский район,55.73965565,37.688973100000005,2002.0,446,239,22.0,0.09205020920502092
e3af9923-251c-4d3f-8dd6-1ec65b9f3449,район Сокол,55.79415675,37.513684177419535,1951.0,96,46,8.0,0.17391304347826086
e3b3cc8c-ca91-4655-ba26-7a1c7695b4b9,район Вешняки,55.74099185,37.8234412907392,1972.0,351,136,2.0,0.014705882352941176
e3c194c7-eda7-4654-9a42-e15d38fd3815,район Хорошёво-Мнёвники,55.78583664999999,37.44801124466214,1969.0,195,98,6.0,0.061224489795918366
e3c635e0-dc25-44cf-84a7-a62a8e9d322a,район Арбат,55.75207705,37.58174153478055,1928.0,130,56,1.0,0.017857142857142856
e3c6b2f3-d33d-44c4-8115-29a369023414,Ярославский район,55.866696000000005,37.70289787372161,1977.0,251,111,4.0,0.036036036036036036
e3ca080b-1439-47e4-bf6f-18d4a3714280,Лосиноостровский район,55.8865241,37.705726815256725,2014.0,397,158,4.0,0.02531645569620253
e3d80cd7-c74a-42fc-95b1-787d5e1f6401,район Лефортово,55.7581601,37.68527980565517,1988.0,91,47,6.0,0.1276595744680851
e3e32e1e-9616-4c04-b788-0458ed44735a,Хорошёвский район,55.7823125,37.51684395860747,1958.0,174,80,7.0,0.0875
e3e787a9-af61-4ba3-92db-400882652d4a,поселение Десеновское,55.504470600000005,37.330633851849015,1957.0,38,20,4.0,0.2
e3f4998c-cb9a-4890-8dbf-b6605f6b1785,район Левобережный,55.86531455,37.47161559221716,2015.0,473,328,120.0,0.36585365853658536
e3f790d2-35b1-4a2e-97c3-7d412dd7a712,район Восточное Измайлово,55.79716905,37.8220253,1967.0,157,84,6.0,0.07142857142857142
e3faa801-371d-4e1f-963f-192131ada036,район Северное Измайлово,55.806996,37.81395915,1966.0,145,96,32.0,0.3333333333333333
e4091ec6-b47e-4980-a18a-c2071b97e2ba,район Выхино-Жулебино,55.688918,37.85365398866146,1995.0,427,210,55.0,0.2619047619047619
e40aa8b0-4484-4bfb-a6f7-f3e24453bd57,район Аэропорт,55.8115177,37.518603,1960.0,101,70,15.0,0.21428571428571427
e4150779-23dd-4caf-bc47-3e52398318aa,район Замоскворечье,55.7348283,37.63803184961328,1883.0,49,25,7.0,0.28
e41f3c39-5916-420d-8b43-124ecdbf5236,район Кузьминки,55.70219,37.770565718443905,1996.0,231,111,12.0,0.10810810810810811
e422d82c-da7e-4590-aa74-9d0e2d68d4e5,городской округ Троицк,55.47076275,37.29984356318341,1982.0,280,141,24.0,0.1702127659574468
e42d2b7e-3ddf-472e-86ae-c2e70d5baff9,Тверской район,55.76977975,37.603940282061956,1931.0,112,57,14.0,0.24561403508771928
e43832e3-fa1d-4154-819a-b2b11bd2952b,Савёловский район,55.800504000000004,37.57469340002515,1965.0,113,68,16.0,0.23529411764705882
e438cd1b-8dd2-4998-a52e-66485b2e9e70,Тимирязевский район,55.8235514,37.56671733207257,1971.0,129,84,15.0,0.17857142857142858
e43ef766-5734-41e3-a1d3-285f39d67a67,район Хамовники,55.74355215,37.5808374803576,1975.0,323,167,27.0,0.16167664670658682
e441db41-3ec2-4417-a86e-5c78c2f4a3a7,район Выхино-Жулебино,55.685408100000004,37.85853420705687,1995.0,318,138,10.0,0.07246376811594203
e448a520-1bea-4647-adf5-a46db50c6798,Пресненский район,55.76368095,37.59055780248705,0.0,43,23,9.0,0.391304347826087
e44b998d-0c6b-4e7b-9b4d-c3005162ab29,поселение Воскресенское,55.525090950000006,37.513097200000004,2015.0,377,200,52.0,0.26
e467842e-1764-4b31-b5b6-a0906f9c0769,район Куркино,55.8997309,37.3926864,2003.0,236,96,3.0,0.03125
e46cfbe2-10fa-422e-aa5e-6de69041cc7d,Бескудниковский район,55.86957175,37.55876306017669,2006.0,618,294,4.0,0.013605442176870748
e474e019-587d-47d0-84e5-ba1cd8e50f7a,район Люблино,55.681632199999996,37.7517021958282,1976.0,179,95,17.0,0.17894736842105263
e4759fdd-db5d-453c-9f34-e2a663ab58c5,район Щукино,55.7950554,37.48965215188611,1948.0,26,10,1.0,0.1
e47befc4-b7fb-4dac-b628-a0640d900caf,район Соколиная Гора,55.779627149999996,37.72529074819734,1962.0,186,106,12.0,0.11320754716981132
e488d6e4-5958-4caf-9d9d-6e353a54b70f,район Измайлово,55.79654135,37.779885159693634,1960.0,176,80,8.0,0.1
e48ab3af-81e3-43f7-b8f6-8aaa78626b04,район Черёмушки,55.67074445,37.57107251725034,1963.0,97,71,24.0,0.3380281690140845
e4a8e28f-ef3f-4535-b0fe-af96b7e7f6f9,Рязанский район,55.71534615,37.78940100745615,1956.0,152,69,3.0,0.043478260869565216
e4aac3a5-c5be-40c2-a5fc-bd54a40616a3,Таганский район,55.73824475,37.67715653618242,1967.0,161,83,5.0,0.060240963855421686
e4ac1011-c3d4-44d9-b078-965127d8d6dc,Бутырский район,55.83030935,37.58024362267734,1996.0,544,208,8.0,0.038461538461538464
e4af90dc-f270-463b-ad77-b0de7ac042c5,район Москворечье-Сабурово,55.643710850000005,37.65372067515794,2005.0,708,320,53.0,0.165625
e4b09a9b-b695-4e64-bf48-db3c60a8504a,Хорошёвский район,55.779568299999994,37.51866874025381,1958.0,128,60,5.5,0.1
e4c24238-4ee8-4790-ada9-03ce096e828e,район Новогиреево,55.7560808,37.82584343990327,1973.0,112,55,3.0,0.05454545454545454
e4def99d-6543-44ac-8c4b-524055b61104,Бескудниковский район,55.86667875,37.55899153208502,1965.0,135,72,2.0,0.027777777777777776
e4e7cbcd-9997-4d38-9e73-cceb36c472ea,район Кунцево,55.73436065,37.41678519699374,1966.0,160,82,14.0,0.17073170731707318
e4f8dda5-a0e5-4e6e-b601-f2329bf81612,район Арбат,55.7484696,37.588772730187884,1890.0,60,28,8.0,0.2857142857142857
e4fe18aa-9a99-4087-ac56-5a4e2f021c3c,район Косино-Ухтомский,55.71189755,37.89329333738093,2005.0,634,256,3.0,0.01171875
e50d1334-4f8b-4916-84b4-2bcaf165c6d2,городской округ Троицк,55.4954219,37.32521138368879,2014.0,20,12,5.0,0.4166666666666667
e5124d2d-df28-45f4-a121-a663557d5178,район Преображенское,55.80200635,37.72193085000001,1973.0,300,213,74.0,0.3474178403755869
e514f317-1a87-450f-9018-0c215aa6d7f0,Рязанский район,55.71870255,37.78712141032388,1967.0,138,80,13.0,0.1625
e516e888-4171-40dd-80d7-732112bc122c,район Кунцево,55.7316917,37.42608387464631,1954.0,112,57,4.0,0.07017543859649122
e51d4646-4282-4b2b-be77-1a66caf3e1e2,Тверской район,55.76802855,37.60160124696915,1917.0,38,19,6.0,0.3157894736842105
e528524d-6c27-42f3-8489-8b5ff2d1bf50,Головинский район,55.852859499999994,37.502845999051786,1971.0,182,112,18.0,0.16071428571428573
e531c885-c43b-467b-89fd-f4e17dc07b42,район Царицыно,55.635042999999996,37.67425368415094,1969.0,172,84,1.0,0.011904761904761904
e5325b8d-653a-4016-8faa-552c0f1d4369,район Тропарёво-Никулино,55.6579947,37.4953571,1971.0,315,143,1.0,0.006993006993006993
e53c65de-4207-4633-b217-647bcb5e930e,поселение Московский,55.60505515,37.36397987315872,2015.0,386,394,207.0,0.5253807106598984
e540367e-a8b7-428c-9001-9218eca5f582,район Ховрино,55.85828845,37.501831254683665,2003.0,282,119,24.0,0.20168067226890757
e5515256-9e5c-4731-8dd4-7590ed63f81a,район Восточное Дегунино,55.89042635,37.5592844,1980.0,193,111,17.0,0.15315315315315314
e5572f4b-b91f-4c51-a5b2-5de3cd303d05,район Сокольники,55.7998755,37.69614346664001,1981.0,246,127,3.0,0.023622047244094488
e55b7621-cd85-4556-a93a-9652bd75db48,район Кузьминки,55.706002,37.75659829023334,1962.0,139,72,2.0,0.027777777777777776
e55f28f5-8feb-4bfb-bf2a-9e6cce47dbf8,район Левобережный,55.8612023,37.47092601126792,2009.0,373,136,7.0,0.051470588235294115
e55f3262-416e-4150-9cce-43502534f8c5,район Чертаново Северное,55.634795350000005,37.61004301142826,1972.0,555,211,4.0,0.018957345971563982
e564ef78-1f62-4db0-8faa-39aed6674f94,район Южное Бутово,55.538855350000006,37.50528481050885,2000.0,64,30,1.0,0.03333333333333333
e5688ccf-2c4a-4273-aee0-9038a02a2cbf,поселение Филимонковское,55.81191445,37.48914282830596,2011.0,37,25,9.0,0.36
e56b0ced-47ef-4ae6-9736-5a408c5183e2,район Сокольники,55.7957871,37.694594912259326,1926.0,106,63,16.0,0.25396825396825395
e56be321-53bd-46f3-8ed5-63bf7ef2fe0a,район Черёмушки,55.65844975,37.56313176901031,1964.0,167,85,1.0,0.011764705882352941
e5771a95-f79c-43b7-9495-1f2eae78699d,Южнопортовый район,55.7171592,37.67385183097679,2002.0,564,277,14.0,0.05054151624548736
e57f0ab9-0f39-48cf-81b4-2bdf3b4f453c,поселение Первомайское,55.5931283,37.4863101,2010.0,47,63,46.0,0.7301587301587301
e5a91e25-d3a7-48a2-9dda-05f45ad6552e,Южнопортовый район,55.7082653,37.67242315,1972.0,197,112,11.0,0.09821428571428571
e5ab5cff-448a-45a4-a4f2-9dff226db14b,район Кунцево,55.7444356,37.41669849442799,1964.0,115,72,16.0,0.2222222222222222
e5c26814-b1ff-41f5-b6f6-45c48ac42eac,район Марьино,55.6536676,37.76671531458753,1998.0,244,112,11.0,0.09821428571428571
e5cb17c7-77c7-403f-b2d1-c1459dc86762,Гагаринский район,55.684269,37.548724287045985,1963.0,87,72,22.5,0.3055555555555556
e5d40dc3-4d10-494c-a283-9a98b3be7233,Тверской район,55.767693949999995,37.61590455120536,1917.0,18,9,3.0,0.3333333333333333
e5d44e4d-71c5-4c8f-9e5a-d59494c6f4c8,Таганский район,55.74232925,37.689320414089636,2004.0,569,256,3.0,0.01171875
e5d89699-269f-4596-b07d-306e90321d3e,район Отрадное,55.8642988,37.620034213203965,1994.0,450,192,11.0,0.057291666666666664
e5ddb29c-14ea-408d-bcaa-874724d5e031,район Братеево,55.632029349999996,37.7542116401353,2000.0,473,239,16.0,0.06694560669456066
e5e387cf-90b6-4ff7-8cfe-1b45b1482142,район Нагатино-Садовники,55.6757903,37.63212030726921,2016.0,349,257,100.0,0.38910505836575876
e5ea739e-4c40-46d9-bf91-167df690e58f,Мещанский район,55.781350950000004,37.63409255212804,1944.0,127,51,5.5,0.11764705882352941
e5f6bed3-1178-450a-bdc8-151b72091f2a,Мещанский район,55.7882572,37.6353534,1944.0,176,104,35.0,0.33653846153846156
e5f7bcc1-ac3e-4a42-8fb8-b8c854abc2fb,район Северное Бутово,55.565162650000005,37.58120834183788,2004.0,234,296,217.0,0.7331081081081081
e612ff65-9853-4a85-970e-c8c283d001c7,Басманный район,55.7594128,37.63860729665937,1890.0,15,6,1.0,0.16666666666666666
e61cc3ce-9730-4a6d-aa6d-30c21bf9359f,Басманный район,55.76014455,37.647338388039216,1923.0,12,6,3.0,0.5
e61f2147-8a72-4ada-9cf0-0384824b40e3,Басманный район,55.7644267,37.656613004216695,1929.0,434,177,10.0,0.05649717514124294
e620793e-73d5-43d0-a085-b993bb9333e8,Басманный район,55.76196855,37.648034169089485,1887.0,23,8,2.0,0.25
e622337f-9e3a-44f7-9b45-99dca7685b2b,Бескудниковский район,55.86541065,37.5600744811524,2005.0,298,161,26.0,0.16149068322981366
e629dfab-a3d1-4ae0-8b26-aa0dc65f82f9,Бабушкинский район,55.858080099999995,37.66189069052052,1967.0,96,72,26.0,0.3611111111111111
e62fc16e-9e2a-41fa-9139-dcf0356713f4,Даниловский район,55.7131672,37.660386458167665,1975.0,224,208,105.0,0.5048076923076923
e630186d-63a9-48cf-91d2-c0f47512e83a,район Очаково-Матвеевское,55.7135381,37.487497765737004,2006.0,155,78,24.0,0.3076923076923077
e6344b9d-156b-48a9-993d-dac6d5f1f10c,район Лианозово,55.90404785,37.57061953690723,2002.0,205,113,27.0,0.23893805309734514
e6484063-b894-480c-a0f8-cb52bd6ca189,Рязанский район,55.72826925,37.77485950767182,1970.0,158,84,6.0,0.07142857142857142
e64cda56-8922-4699-9ead-8e0f9d3f9c34,район Гольяново,55.81474435,37.81669705042372,1967.0,132,80,16.0,0.2
e65964ee-70c7-4372-92eb-94c4777c6c4e,район Черёмушки,55.657243050000005,37.5668364,1965.0,144,84,15.0,0.17857142857142858
e65d35dd-38d0-40a9-bdae-1502fa24d45c,район Левобережный,55.8707725,37.46238925,2007.0,169,84,20.0,0.23809523809523808
e668cb2b-68e2-44f3-be48-3405befd68c3,Басманный район,55.76588355,37.66969370147598,1965.0,95,72,25.0,0.3472222222222222
e668efed-cc52-451e-9daa-9251af485cf1,Останкинский район,55.8204189,37.62600954145203,1965.0,127,84,23.0,0.27380952380952384
e66df6a0-a661-43e5-b774-8a9151536840,Мещанский район,55.78874810000001,37.62991991669193,1969.0,225,112,13.0,0.11607142857142858
e675e324-e65e-4f16-8928-de1243ef7ddf,Нагорный район,55.66823625,37.615853210515404,1968.0,152,84,10.0,0.11904761904761904
e676a600-1466-4f11-adca-dd32f5206749,Пресненский район,55.76710745,37.56861506883241,1955.0,61,31,7.0,0.22580645161290322
e6820e34-9c22-4699-8051-70e340f1972c,район Филёвский Парк,55.7478045,37.516059479348705,1967.0,121,72,5.0,0.06944444444444445
e689e6de-1d75-4e94-9b2c-df4203e98324,Ярославский район,55.86436465,37.692371667513584,1972.0,728,285,11.0,0.03859649122807018
e696863b-7c9f-479e-829c-484c155e260a,район Некрасовка,55.704059,37.93565157350096,2016.0,458,192,6.0,0.03125
e69776cf-219b-4ff9-9ee2-44a1a9c4f50e,поселение Воскресенское,55.525446900000006,37.50987991645276,2015.0,447,331,157.0,0.4743202416918429
e69ccbb2-f074-4b08-8425-1e6d893f8c22,район Щукино,55.79956885,37.48649282290249,1958.0,104,48,4.0,0.08333333333333333
e6a48610-b5d7-4ed3-9ef8-a5dd64496404,район Дорогомилово,55.73655935,37.52614207686071,1971.0,212,108,19.0,0.17592592592592593
e6a48bc6-3b1b-45fb-8709-cf5af7bba3f3,район Северное Медведково,55.88711235,37.64557585,1967.0,159,84,3.0,0.03571428571428571
e6c8f3d6-8102-4654-a5d7-e6e48189dc51,район Вешняки,55.719983549999995,37.82091316993113,1983.0,189,95,4.0,0.042105263157894736
e6c9dc96-0b70-4dd9-894b-8a10d67285df,Гагаринский район,55.705035249999995,37.581310637462266,1964.0,126,80,5.0,0.0625
e6ce927e-966e-42ff-b70e-e1095e76eb9a,Ломоносовский район,55.6843274,37.521182502358315,1968.0,220,108,6.0,0.05555555555555555
e6dbabb9-7260-48cf-b8b8-03e5e5982463,Тверской район,55.776624,37.5973248,1959.0,308,121,5.0,0.04132231404958678
e6deeb21-27de-484e-9611-343b00a51aa7,район Сокол,55.806077200000004,37.50379855211881,1955.0,229,96,16.0,0.16666666666666666
e6e1cc44-ec42-4692-897f-e97fa9771bfb,поселение Десеновское,55.50031265,37.3276253,1986.0,210,109,4.0,0.03669724770642202
e6e2d317-f231-4749-9505-c08a42b725c6,Рязанский район,55.717211750000004,37.74759836830762,2007.0,1485,792,269.0,0.33964646464646464
e6e601b5-ccd4-4695-8820-329d01690bef,район Левобережный,55.8680866,37.46561395,1963.0,158,96,26.0,0.2708333333333333
e6f34563-6036-4ba1-b45f-26be335a1d15,Красносельский район,55.77538255,37.63921042987994,1910.0,31,12,1.0,0.08333333333333333
e6f91844-c409-4203-a542-c2ffd3a8e912,район Хамовники,55.743468750000005,37.593468636480964,1900.0,58,32,9.0,0.28125
e70300f3-76c8-472e-a8e7-60affa92e22b,район Сокол,55.801635950000005,37.51748421696086,1945.0,63,35,7.0,0.2
e704ab6b-4b40-448e-82d5-ddf40e358b6d,Хорошёвский район,55.7889286,37.51902503183993,2006.0,498,276,86.0,0.3115942028985507
e705b67c-7f7b-46f2-856d-afa2d5c503b8,район Зябликово,55.619166,37.75735900428903,1987.0,615,334,57.0,0.17065868263473055
e70621de-7eb4-46ea-9f8e-29e25514dd0b,район Гольяново,55.827399,37.81871661684825,1969.0,479,215,15.0,0.06976744186046512
e706b552-d5bf-49fb-b154-3e1ba59112b4,район Соколиная Гора,55.7823329,37.714349551172475,1961.0,160,71,2.0,0.028169014084507043
e707ab6c-5c60-472d-bac4-aab89ddc5cc6,район Отрадное,55.8656164,37.6060202,2003.0,359,192,34.0,0.17708333333333334
e70854aa-3723-4b93-88ce-4552b147a72f,район Кунцево,55.73905165,37.39813914879724,1964.0,348,158,18.0,0.11392405063291139
e708ee1f-7468-470e-95c2-a2a050659a1f,Академический район,55.6780667,37.565824157623155,1959.0,74,35,3.0,0.08571428571428572
e710de36-fc4c-447e-a926-6e5cf9ca7572,район Арбат,55.74963235,37.57858069495447,1994.0,225,112,29.0,0.25892857142857145
e71108e7-fce6-47ee-9398-fd726e5a4af0,район Беговой,55.77879195,37.55381928814782,1950.0,59,34,6.0,0.17647058823529413
e7151998-e119-4a8e-8d25-19698d4cb44d,Гагаринский район,55.5416914,37.2041884,1953.0,150,66,16.0,0.24242424242424243
e7227dee-ee1f-4619-bb85-ea1904dae165,Тверской район,55.783261350000004,37.60716112321359,1959.0,70,30,1.0,0.03333333333333333
e727559f-4af3-4f9f-8876-cdfa26b2a094,район Левобережный,55.85789855,37.47610190581597,1966.0,217,108,7.0,0.06481481481481481
e729abd5-36cc-4119-a429-69be9f66fc8c,район Измайлово,55.79665129999999,37.781639133944516,1961.0,219,116,20.0,0.1724137931034483
e72af58d-4da4-4437-a099-7d3b98fdcbb6,район Хорошёво-Мнёвники,55.78213325,37.48314315837555,1974.0,317,143,3.0,0.02097902097902098
e72e84f2-7be9-44a4-a0cb-0ef9864c09d6,район Соколиная Гора,55.76754915,37.744411796504,1967.0,130,72,1.0,0.013888888888888888
e74abce1-f902-402b-b9b5-b48a8f5f59c8,район Сокольники,55.7888438,37.671219686356395,1972.0,119,90,29.0,0.32222222222222224
e774ec7f-fa71-44c1-88f9-133f74f8b830,район Выхино-Жулебино,55.70726105,37.822520499999996,2019.0,310,192,40.0,0.20833333333333334
e77ae883-ef4b-4b3e-8bef-33364c78faa3,район Северное Бутово,55.5701195,37.574896635841,1991.0,151,70,3.0,0.04285714285714286
e77f558c-c927-48d3-97ca-f07d6d5e7f75,район Марьина Роща,55.7964749,37.61426415,1962.0,127,60,3.0,0.05
e7a11bda-90bd-4818-af8e-c5ec0bc54691,Мещанский район,55.76872325,37.6272070178682,1916.0,54,21,2.0,0.09523809523809523
e7ba3f7a-de45-4da6-b2a3-3011e4825422,Южнопортовый район,55.73110265,37.66666759083334,2003.0,520,311,101.0,0.3247588424437299
e7bbf692-05e8-4851-af31-12ea55f4853d,район Царицыно,55.6369374,37.6530159,1967.0,144,80,11.0,0.1375
e7c04680-799e-48b2-af18-1ee65148acd5,район Некрасовка,55.69902965,37.9244339744384,2014.0,371,182,29.0,0.15934065934065933
e7dc6572-28d7-44a2-b5c6-3bbf46f60fa9,Гагаринский район,55.705449349999995,37.5814356932772,1964.0,118,81,12.0,0.14814814814814814
e7e1334b-0a63-4336-8d3b-75c071a00ed5,район Нагатино-Садовники,55.6670819,37.64912026571516,1972.0,107,54,13.0,0.24074074074074073
e7ee36d1-1eb1-481f-b436-5b45b5a2a993,городской округ Троицк,55.8032666,37.78477916529913,1983.0,272,134,20.0,0.14925373134328357
e7eff7a5-2e78-424c-b5fb-1047bb3cbb1d,район Новогиреево,55.7555715,37.823009385754844,1960.0,72,40,2.0,0.05
e7ff9874-401a-4014-b026-4ee97ef5bee6,Красносельский район,55.77015575,37.6359792983545,1997.0,40,27,14.0,0.5185185185185185
e8297b18-4754-4a77-990b-16ff33125fe5,район Новогиреево,55.748817900000006,37.81178905,1984.0,201,108,11.0,0.10185185185185185
e82a8b6c-a8c5-4310-861b-cbbd042b8ba4,Савёловский район,55.8000205,37.558532842298575,1971.0,176,98,10.0,0.10204081632653061
e82c2aab-3d1e-4fd0-999e-aad07fa063ff,Дмитровский район,55.884859399999996,37.53523522480167,2000.0,237,118,9.0,0.07627118644067797
e82f91a9-683a-4bb6-ac8f-1540ae8e8cb8,район Кузьминки,55.702514550000004,37.760394421627566,1962.0,111,72,10.0,0.1388888888888889
e8380956-9e24-448a-a577-5af09c232588,район Зюзино,55.6582289,37.58425945590659,1965.0,159,96,22.0,0.22916666666666666
e843c363-4724-444d-bb9e-1b63e2ec9d91,район Арбат,55.750175049999996,37.594619245668184,1856.0,35,20,7.0,0.35
e84a775b-7ccf-4fcf-bc74-ebdb2a2d23e8,Даниловский район,55.7206606,37.625906661596105,1961.0,117,71,21.0,0.29577464788732394
e84e9fd3-611b-4571-9652-05441cac4b42,район Марьина Роща,55.797617349999996,37.6146896,1960.0,123,59,4.0,0.06779661016949153
e852ca5b-d635-4f83-bf59-eb4bc98f3504,район Раменки,55.7327533,37.5359592,1965.0,153,80,3.0,0.0375
e857b28e-19b2-4b0f-affa-19d52f7aef0a,район Сокольники,55.7908471,37.666488837874994,1963.0,117,54,3.0,0.05555555555555555
e85b6b40-2074-409c-ba77-047c6bb7bdb0,Рязанский район,55.729189399999996,37.7691810627057,1968.0,154,84,9.0,0.10714285714285714
e85c15d5-7bb3-494a-9529-0ecbc68d0138,район Измайлово,55.7906022,37.7908476,1960.0,84,34,2.0,0.058823529411764705
e8637d2c-bb6c-4bec-8b2d-d735111335b6,Мещанский район,55.786960300000004,37.63801522850058,1966.0,155,84,6.0,0.07142857142857142
e86cea91-7a64-4d76-81a0-a88a6a01d834,район Зюзино,55.666048599999996,37.614546399999995,1967.0,165,84,13.0,0.15476190476190477
e87a31ec-0f91-49fa-8b60-d9112ac4b5cd,Рязанский район,55.728894100000005,37.76076782385844,1958.0,287,220,80.0,0.36363636363636365
e8874ebb-29e9-40f6-a460-e8a86b98780c,район Нагатино-Садовники,55.67452005,37.66175630333663,1969.0,813,385,22.0,0.05714285714285714
e88c6643-c280-49ea-85b8-57d1d9fb2a97,Таганский район,55.7475999,37.66318290032453,1926.0,121,52,2.0,0.038461538461538464
e8963fa7-6dd6-43a6-9ee5-6ad19eec4d97,Таганский район,55.7434034,37.65829583809501,1957.0,95,45,2.0,0.044444444444444446
e897b3e2-31f1-4286-a6da-3a16ae467646,Бескудниковский район,55.8764928,37.54390687301942,1966.0,163,84,1.0,0.011904761904761904
e89da331-bbb6-4013-ae7d-8f5e10ea4dcf,район Южное Тушино,55.84161225,37.457067349898466,1976.0,511,286,47.0,0.16433566433566432
e8b59a6e-b0f1-4f04-b2b9-eca1dcbee444,Таганский район,55.73487135,37.67736204494818,1974.0,180,100,17.0,0.17
e8be6cec-7519-4466-9b30-c070684b1015,район Коньково,55.6457707,37.49361005,2003.0,184,196,113.0,0.576530612244898
e8c282d4-73fc-4b74-bc2c-230b84ea1b7a,район Сокол,55.805192,37.5107517,1938.0,437,231,91.0,0.3939393939393939
e8ca610c-2300-43a4-aef8-ac4ebd0f45c6,поселение Московский,55.6048201,37.36831460000002,2015.0,146,324,254.0,0.7839506172839507
e8ce70c5-4f1d-4b52-8bc6-5f121a58a023,район Некрасовка,55.7009458,37.924547241666666,2013.0,415,192,17.0,0.08854166666666667
e8cf9567-752f-4666-9849-3b3273c9440d,Таганский район,55.7402713,37.6583662,1984.0,542,296,40.0,0.13513513513513514
e8d108de-5247-4a02-8119-0308c78f5f28,район Раменки,55.69766395,37.50690962067732,2001.0,392,185,50.0,0.2702702702702703
e8d7db74-120a-475c-b33c-5ecdaed84b86,городской округ Троицк,55.4954219,37.32521138368879,2014.0,17,12,6.0,0.5
e8dce22b-ca2d-4d6c-9ce9-02b98d800d39,район Ховрино,55.8447398,37.5216903,1968.0,469,215,13.0,0.06046511627906977
e8e14acd-dd51-4711-9f21-eddaf405acd5,Пресненский район,55.75948765,37.56080585072609,1890.0,39,20,2.0,0.1
e8e31ff2-4fb5-4a2f-b280-aa7d8d19ade7,Гагаринский район,55.6988627,37.5631608,1956.0,1117,438,43.0,0.09817351598173515
e8ed4646-2dc8-461e-b60b-9ac35ac4fe5e,район Соколиная Гора,55.79180725,37.73323964220042,2012.0,276,140,31.0,0.22142857142857142
e8f1cf75-ec46-4717-8d45-8c8d74569c44,Войковский район,55.823648649999996,37.51350342122231,1954.0,202,97,19.0,0.1958762886597938
e8f5d2ed-9d67-4057-b8f9-7ac32284ea5a,район Зюзино,55.6622407,37.60168966417079,1971.0,280,143,19.0,0.13286713286713286
e905f091-fdfa-4242-a7cb-6be0d3c6f544,район Южное Тушино,55.849315250000004,37.44977339750712,1982.0,564,286,36.0,0.1258741258741259
e90aaa60-ea8f-47ca-b858-011efe242637,район Коптево,55.84182275,37.53374749872118,1939.0,80,48,11.0,0.22916666666666666
e90d091c-06cd-4fba-9d6f-fcca076da248,поселение Сосенское,55.55032035,37.49803556936582,2016.0,137,106,42.0,0.39622641509433965
e90de8be-2539-4fb9-88ee-90b30ec0818f,район Щукино,55.79687965,37.48632498021729,1951.0,131,65,13.0,0.2
e93bfb1b-8b3f-4111-bd4e-8b4ad940924c,район Преображенское,55.804482199999995,37.72159118811736,1969.0,150,84,12.0,0.14285714285714285
e941a7b6-d68d-47ae-a31c-2626752b03ea,район Хамовники,55.73881825,37.57099410092728,1946.0,398,171,22.0,0.1286549707602339
e9692b1b-a517-478b-9840-b5f561185983,Пресненский район,55.748156,37.536606,1965.0,200,107,22.0,0.205607476635514
e96a5e1f-f6a2-4d39-b10b-641558334d69,район Сокольники,55.79708265,37.68535169583053,1957.0,49,20,1.0,0.05
e97308bc-e464-4020-91a8-82b64c88fa6a,район Левобережный,55.867047799999995,37.46731417428451,2008.0,1077,456,9.0,0.019736842105263157
e9769883-7e89-43e7-b11c-a5c108334aed,район Ново-Переделкино,55.63671715,37.35798319999999,1988.0,715,332,38.0,0.1144578313253012
e976d669-5046-4eb6-85a1-2b113015a2f8,район Кузьминки,55.699160649999996,37.77566684999999,1961.0,125,69,4.0,0.057971014492753624
e9789171-b55b-4d9a-a82e-b68f033e347d,Донской район,55.692547899999994,37.61909444623691,2006.0,145,87,27.0,0.3103448275862069
e98359dd-1b5e-473d-9846-655992f86947,район Марфино,55.843174649999995,37.582150600000006,1972.0,191,98,14.0,0.14285714285714285
e987106b-c703-4087-8baf-65025314c90d,район Арбат,55.7533803,37.58213484078789,1912.0,48,22,1.0,0.045454545454545456
e98e8ac9-4788-44cf-8eec-b202019d9d75,район Аэропорт,55.7986152,37.5471108,1984.0,117,59,9.0,0.15254237288135594
e98f2af4-0683-4b83-969a-a95cb73861c0,Хорошёвский район,55.7759948,37.54505716980474,1949.0,66,39,12.0,0.3076923076923077
e9a459f0-58d3-4a9a-b74c-754bd7a4367d,район Зюзино,55.643097850000004,37.602988890469085,2012.0,176,144,75.0,0.5208333333333334
e9a7e4c3-e3ee-40ae-af89-20ed3c5f5011,Даниловский район,55.7172114,37.61807615,1933.0,115,80,20.0,0.25
e9aa1ff8-8d73-4229-bd69-1fb6097f33b4,Тверской район,55.77983835,37.61299463392345,2003.0,178,115,33.0,0.28695652173913044
e9ab6ff7-3c82-4894-b114-33ae14d7b5af,район Фили-Давыдково,55.73729245,37.47662642421186,2006.0,535,300,83.0,0.27666666666666667
e9ab9a2f-3e88-473a-ad69-99bbea9583cb,Пресненский район,55.76558795,37.588909264363494,1932.0,16,9,3.0,0.3333333333333333
e9ac7bcb-d3e1-4505-8c26-77f17a64e692,район Кунцево,55.73519485,37.414232100229356,2009.0,392,192,29.0,0.15104166666666666
e9adbff8-77f4-4e88-8653-e52c606fd4f2,район Северное Медведково,55.892909149999994,37.653838014516126,2005.0,803,352,20.0,0.056818181818181816
e9aec040-1048-413d-9a10-2fc8f9da1ae2,Басманный район,55.7730646,37.693484315131826,1999.0,95,63,25.0,0.3968253968253968
e9bb4885-f02f-43aa-899d-f69fa3fe3244,район Сокол,55.79315485,37.50822034560436,1954.0,185,72,9.0,0.125
e9bb86f1-3f75-4f49-b1c9-526484ae017c,район Замоскворечье,55.720570300000006,37.61858101510539,1927.0,162,93,38.0,0.40860215053763443
e9c35a88-40cf-4f7b-a997-aa3bb24d9823,район Сокольники,55.792735699999994,37.6915749540925,1959.0,44,21,3.0,0.14285714285714285
e9c375b7-a8d8-4aab-9abc-6182367b2b58,Даниловский район,55.7175618,37.628114593426815,1974.0,198,104,2.0,0.019230769230769232
e9c3897c-1c8f-4325-8060-673dae8a478f,район Измайлово,55.79174625,37.77325167031918,1966.0,168,80,1.0,0.0125
e9c4713c-5a72-4072-955c-642893065af2,район Котловка,55.68164375,37.61286243772009,2015.0,16,73,67.0,0.9178082191780822
e9d39295-5b7d-40d1-842b-c51281e3ddd1,поселение Московский,55.8584185,37.6560008,2010.0,202,94,13.0,0.13829787234042554
e9dc2ea9-7c6f-4076-af64-48e4c32b9fbf,район Измайлово,55.78938685,37.79485862477311,1960.0,105,61,12.0,0.19672131147540983
e9eecfee-f5f8-474a-ad03-23ee4fddb796,район Черёмушки,55.667268050000004,37.56817320929902,1999.0,242,128,35.0,0.2734375
e9f5fcea-b090-4183-a55d-b7ba42b587f4,район Левобережный,55.85684695,37.478277060500204,1965.0,122,84,34.0,0.40476190476190477
e9fda851-80a2-4122-8f83-8668539e5983,район Перово,55.76488645,37.789544534480754,1961.0,106,68,16.0,0.23529411764705882
e9fddad2-8140-416b-99ad-f50c3a0ab20c,Пресненский район,55.759067200000004,37.51866333376414,1967.0,122,71,16.0,0.22535211267605634
e9ffad0d-1184-4ed8-be98-c1e8356980c4,район Бирюлёво Восточное,55.57758615,37.663624548964286,1982.0,248,127,1.0,0.007874015748031496
ea00c07b-2ba4-4f7b-aa47-452ec8676be7,район Свиблово,55.84950405,37.638973217486694,1974.0,276,142,14.0,0.09859154929577464
ea0d088e-73b8-41ad-806d-ab9032c8a96c,Даниловский район,55.7063139,37.61517825,1964.0,107,72,26.0,0.3611111111111111
ea0d1a13-8d4b-4c72-b353-0644db84da54,район Ростокино,55.83509515,37.66356038532054,1973.0,184,98,22.0,0.22448979591836735
ea0d6718-b266-47d0-b8ff-92753a23be96,район Кунцево,55.74452435,37.391817450000005,1970.0,312,148,23.0,0.1554054054054054
ea10df1c-048e-4697-94d7-ff0f8d3626de,район Ростокино,55.83279485,37.66534884793978,1968.0,172,84,11.0,0.13095238095238096
ea149ed5-9920-41e8-811f-a51f4402b99b,Ломоносовский район,55.683753100000004,37.523490958965326,1958.0,288,192,42.0,0.21875
ea18321f-db4c-4510-b91c-5ff94d29ef64,район Черёмушки,55.6705095,37.5678,2002.0,750,442,136.0,0.3076923076923077
ea443e61-db6b-469d-92b8-b8cae1dd2cd2,район Ховрино,55.867158450000005,37.49483791663825,1968.0,166,95,6.0,0.06315789473684211
ea45a2b9-95e0-49e5-a1d3-5a19c43dedfa,район Покровское-Стрешнево,55.8158935,37.46252893480019,1970.0,219,109,3.0,0.027522935779816515
ea461868-2b4f-4496-8fbe-39367005266d,Пресненский район,55.76173575,37.59246905219192,0.0,94,41,7.0,0.17073170731707318
ea67d095-6b1e-4930-a63d-8150d7dbc7a9,район Косино-Ухтомский,55.709754849999996,37.89315109498979,2006.0,726,296,4.0,0.013513513513513514
ea72505a-ed3c-4ed5-a6d5-59000c9b7268,район Ховрино,55.85678755000001,37.50410510000002,1967.0,308,143,12.0,0.08391608391608392
ea74f7c5-a4c5-411b-8026-c6669217a658,район Щукино,55.799664,37.491318261822194,1959.0,58,40,14.0,0.35
ea9016cc-4481-48de-b8c9-2ad9d8fe2fff,район Нагатинский Затон,55.682779499999995,37.66784492515528,1969.0,764,404,56.0,0.13861386138613863
ea96df8b-7323-488e-b996-e38d569b26e0,район Измайлово,55.7917299,37.7752872,1964.0,138,65,8.0,0.12307692307692308
ea9c3259-f6e6-43fd-962a-9ce5eda16796,Тимирязевский район,55.823063000000005,37.5622871,1966.0,155,81,4.0,0.04938271604938271
eab68cc1-47a8-44d0-b196-f3def815018b,район Ивановское,55.776046300000004,37.82354698490601,1975.0,652,379,49.0,0.12928759894459102
eabd423b-626e-4deb-8f68-0fd060e3b274,район Крылатское,55.749632950000006,37.41779098338945,1989.0,725,291,16.0,0.054982817869415807
eabf9aa0-c8d8-4b4d-bcd7-5c903f3bcd7a,район Измайлово,55.789073200000004,37.798577973092264,1959.0,115,63,8.0,0.12698412698412698
eac0a15b-e6cd-42c7-9276-4752042f4466,район Котловка,55.68116085,37.60694980000001,1966.0,98,64,5.0,0.078125
eac4b4a5-3b86-429f-bd1d-9653f18d7003,район Хорошёво-Мнёвники,55.78296055,37.4757456047835,2000.0,392,177,9.0,0.05084745762711865
eac8cc56-bbe8-47ff-ac6c-2f21d98b8043,район Замоскворечье,55.739076,37.62870931016129,1900.0,29,12,2.0,0.16666666666666666
eae2751f-5389-4863-b213-0ae363cc4de7,Бутырский район,55.826155299999996,37.581539085215,1966.0,151,84,11.0,0.13095238095238096
eaf11fa9-7258-4746-a9dd-483c87d9041b,район Марьина Роща,55.789857749999996,37.60072880838037,1978.0,207,125,20.0,0.16
eb0c5f6c-81cf-4edb-b306-c8af34218e09,район Северное Медведково,55.88528895,37.643828,1967.0,152,84,8.0,0.09523809523809523
eb1ef830-0ff8-45bd-8113-28c4ea0c1bca,район Ростокино,55.83622535,37.65848010342782,1964.0,111,72,19.0,0.2638888888888889
eb2b17e1-0669-416d-8acd-3d9a32517700,Тимирязевский район,55.809442700000005,37.57385052499346,1953.0,371,168,10.0,0.05952380952380952
eb3f27b6-3a5e-4201-8832-d1d62e5ceb10,район Гольяново,55.8255472,37.82057989816629,1972.0,158,94,10.0,0.10638297872340426
eb4664a7-2b32-40eb-a851-cfd520c6dd9e,район Нагатино-Садовники,55.68150205,37.65558498029972,1971.0,265,208,28.0,0.1346153846153846
eb580d7f-86e3-4fad-87ca-2c3927ae7315,район Северный,55.91335255,37.54888716752145,2007.0,610,260,20.0,0.07692307692307693
eb652ab9-43f8-4f9f-9f4f-8c21c05837d7,район Щукино,55.7959652,37.48680015400605,1976.0,245,121,1.0,0.008264462809917356
eb67fa74-6e7f-4543-90e9-dc7a643d9dfc,район Выхино-Жулебино,55.71807105,37.805764632923115,1967.0,146,96,15.0,0.15625
eb6c2995-2c42-473d-8876-39b9d9198bf8,район Зюзино,55.649196,37.5682022,1972.0,160,80,8.0,0.1
eb6d90a5-3145-4506-a92f-d521d024cf05,район Царицыно,55.621583900000005,37.66081489284333,1995.0,191,107,15.0,0.14018691588785046
eb785254-1ea5-4d3d-a792-26c070c5c58d,район Сокольники,55.79728035,37.693060977902135,1999.0,224,97,21.0,0.21649484536082475
eb79387d-a479-4b70-8ab7-d8131df273b3,Тимирязевский район,55.8123,37.571178840869464,1963.0,148,89,27.0,0.30337078651685395
eb7b86b2-52b2-4104-86b8-91a173c8b6a4,район Кунцево,55.7358785,37.4231090004683,1969.0,164,84,14.0,0.16666666666666666
eb8ade58-a2e7-4dba-83e3-7082110fa412,Басманный район,55.7739353,37.686534382552246,1972.0,157,98,30.0,0.30612244897959184
eb8fe5c2-e8b6-4247-b07b-ffbb3ef524d8,район Люблино,55.6700774,37.743865545509635,1983.0,828,380,19.0,0.05
eb95c481-9f89-4f7e-ac72-05efdb5600e9,Даниловский район,55.7149653,37.616027843416106,1975.0,160,72,4.0,0.05555555555555555
eb9cb87b-93c4-47b1-9bb0-d74c081b725e,Ломоносовский район,55.682648900000004,37.5403159024912,2013.0,293,161,58.0,0.36024844720496896
eb9df4a3-283b-4916-a1f7-8f1a767154d4,район Зюзино,55.6445727,37.603292204377425,1962.0,108,72,25.0,0.3472222222222222
eba121bc-81ca-4a9c-a3dd-6d5ca0136079,район Щукино,55.795732650000005,37.4876168615659,1949.0,41,17,2.0,0.11764705882352941
eba12895-a8f4-408f-8f3b-94a25e6ebc9b,район Сокол,55.7995747,37.50245943690684,1952.0,121,49,7.0,0.14285714285714285
eba8f24f-3d36-47c5-af63-954ef7c69869,район Отрадное,55.874712450000004,37.58905903916846,2010.0,257,144,23.0,0.1597222222222222
ebab1829-fa70-4050-99ea-7f2df287869b,Бутырский район,55.825727150000006,37.58091975,1965.0,119,84,27.0,0.32142857142857145
ebb91e27-d974-4a41-bfeb-91ff2a24ffe7,район Северное Медведково,55.891988850000004,37.66288097584257,2014.0,573,258,11.0,0.04263565891472868
ebc485fa-3e9e-4d8c-9b85-bf5d58359513,район Беговой,55.78425075,37.57489717636379,1975.0,201,108,34.0,0.3148148148148148
ebdf73cb-c421-4074-856a-35dd9f7dafa7,район Котловка,55.66961445,37.58885212682988,1975.0,1235,682,28.0,0.04105571847507331
ebec5d54-9022-4f72-a741-8f5d238f970e,район Аэропорт,55.79256255,37.56382356212022,1965.0,123,80,30.0,0.375
ebf23399-0129-4ad8-abf9-8e3cca5b8f81,район Кунцево,55.7842303,37.3573227,1966.0,146,64,8.0,0.125
ebf378e4-122b-4439-b9d6-429cd81a7594,район Щукино,55.81021165,37.45143528223672,1999.0,442,190,13.0,0.06842105263157895
ebfb5c01-c24d-4788-901c-3fd04c5e3d7b,городской округ Троицк,55.4961797,37.3247123,2013.0,41,16,1.0,0.0625
ebff5e72-77d4-4d65-b052-156077378f3c,район Текстильщики,55.6989174,37.74183092323375,1965.0,169,84,7.0,0.08333333333333333
ec092f0f-c411-44ef-8af9-80829627f438,Войковский район,55.82241195,37.51504870584577,1953.0,135,52,4.0,0.07692307692307693
ec0c9a88-c1d2-4574-9d13-5373e4d56783,район Кунцево,55.7371934,37.426059107440175,2018.0,316,148,16.0,0.10810810810810811
ec0e4e62-2457-4b87-9cd7-f93f91858735,Гагаринский район,55.70588985,37.58285478718028,1963.0,90,72,18.0,0.25
ec1234ca-6a04-456e-8981-cde69f20e6e7,Басманный район,55.7647337,37.65107525193518,1917.0,49,20,3.0,0.15
ec14abc3-7543-4155-808a-e086ad6ec28f,Тимирязевский район,55.810656800000004,37.56072138442403,1966.0,152,84,20.0,0.23809523809523808
ec3c3d90-baf8-4517-8417-68d25b5f7ed0,район Кунцево,55.786381399999996,37.36427342644057,1966.0,155,80,21.0,0.2625
ec3eb2dc-2189-4a77-a896-647e18195a9d,Бескудниковский район,55.858567199999996,37.5598262881782,2017.0,263,131,16.0,0.12213740458015267
ec461305-13ea-4c50-be79-03af50185c5b,район Бибирево,55.8879369,37.615756768377906,1987.0,266,120,9.0,0.075
ec4975e0-c00a-46c6-856f-325a01a57caf,район Беговой,55.7828676,37.574949,1978.0,233,96,5.0,0.052083333333333336
ec4a0a5b-cece-43dc-aca3-218966ce8417,Донской район,55.7111683,37.597726325114536,1965.0,151,72,1.0,0.013888888888888888
ec4ac172-5143-4273-9487-038b81fe9597,Рязанский район,55.7101754,37.7917918,1965.0,140,84,16.0,0.19047619047619047
ec4c05b3-05e6-4684-beb2-0256ddcca19e,район Ново-Переделкино,55.6381686,37.363734889566956,1988.0,456,222,31.0,0.13963963963963963
ec4fc0e3-0f2b-4349-84b2-aa7ff0b1356c,район Арбат,55.747989149999995,37.5875903186016,1910.0,36,18,5.0,0.2777777777777778
ec56bbf8-9f50-4cab-bd88-ae2e01dccf8c,район Хорошёво-Мнёвники,55.7781161,37.49725251049371,1960.0,133,60,2.0,0.03333333333333333
ec70a957-9a6a-4eea-a535-44fd435a0fb2,район Лефортово,55.7462489,37.70444971130275,1976.0,225,108,10.0,0.09259259259259259
ec7b4a6f-8a83-452f-927f-392f2b4723c4,район Сокол,55.79364815,37.50845640731895,1952.0,131,62,16.0,0.25806451612903225
ec7dfa71-af29-43b3-85c5-2bc251dcb6f8,Пресненский район,55.76254725,37.581843996810264,1890.0,14,8,4.0,0.5
ec7e37aa-0100-4bbf-99c2-6320f392a093,Хорошёвский район,55.7988587,37.53397874018674,1959.0,119,65,15.0,0.23076923076923078
ec8191b2-2fdc-401e-b131-3775e25e8e1d,Басманный район,55.7638488,37.6481128193884,1917.0,13,7,3.0,0.42857142857142855
ec84f739-d451-46f5-8ae0-e0649be2988f,район Кунцево,55.737850550000005,37.40855749999999,1964.0,183,80,5.0,0.0625
ec891731-813a-4c1a-b087-4fcc3c765101,район Замоскворечье,55.735479,37.638323291960944,1953.0,161,60,4.0,0.06666666666666667
ec8e66a7-7c1d-46de-ba05-228e353c0d7a,Басманный район,55.7567139,37.6395154,1915.0,42,23,7.0,0.30434782608695654
ecac3706-4189-4e4a-9f47-49f9b09564b7,район Нагатинский Затон,55.6776463,37.66622118998874,2012.0,212,180,103.0,0.5722222222222222
ecad330e-ad07-40fe-bc13-625bf4f4845e,район Марьино,55.66351684999999,37.76543744441746,2000.0,330,141,2.0,0.014184397163120567
ecae1b2c-4050-4efd-a3cf-d5bce74f8243,Обручевский район,55.647433,37.49668652668911,2002.0,224,87,4.0,0.04597701149425287
ecc65376-4b1f-40e6-9ecb-e74f8ef187d3,район Сокол,55.80368675,37.516746891483564,1953.0,155,66,14.0,0.21212121212121213
ecc90f6c-8b79-41b1-8822-4818ba1ff044,Останкинский район,55.815588399999996,37.6244485,1969.0,200,112,15.0,0.13392857142857142
eccb71f8-0115-4ff4-83d6-426adf0e1328,район Бибирево,55.894255349999995,37.613566813154826,1987.0,218,109,14.0,0.12844036697247707
ecd5d6ce-acd8-4cd9-95dd-e1662c907e3e,район Отрадное,55.8614719,37.589101843004116,1974.0,1042,574,169.0,0.29442508710801396
ecd7a18e-9ed1-4426-9925-0a03d643943b,Гагаринский район,55.7037616,37.57015963246832,1959.0,848,342,9.0,0.02631578947368421
ecde01d6-431b-4fe4-aa6e-a84a4a103f60,Рязанский район,55.7228587,37.78295973679945,1957.0,123,63,4.0,0.06349206349206349
ecfac101-94b8-4094-b5d2-114794b64ea6,Тверской район,55.7838926,37.587184,1966.0,131,96,38.0,0.3958333333333333
ed030582-e354-406f-b9ef-d497fe49ea3f,район Ростокино,55.835557300000005,37.6450422816898,1979.0,223,126,25.0,0.1984126984126984
ed086bcf-25a9-48c6-8516-106bd439b993,район Митино,55.8459007,37.369181610538305,2015.0,723,432,118.0,0.27314814814814814
ed0c532d-4fd6-4091-8aa6-916867f1a20e,Ярославский район,55.876385049999996,37.71642402222989,1970.0,229,98,2.0,0.02040816326530612
ed14e840-ff4a-4984-808f-8653ac2f00d7,Обручевский район,55.6607485,37.51924886919451,1981.0,229,126,27.0,0.21428571428571427
ed3869d6-cfcc-4ebd-9ee1-f1a9a9ef0b7c,район Лефортово,55.758112350000005,37.71098028572354,1951.0,383,149,24.0,0.1610738255033557
ed3b58c0-4308-4500-9c12-078b51156803,район Сокольники,55.79042595,37.690482036662495,1910.0,87,36,2.0,0.05555555555555555
ed3db355-f492-4d40-b71f-69cef443f6d8,район Новогиреево,55.74939555,37.80624589999999,1967.0,148,80,13.0,0.1625
ed3ed7f3-d347-43c4-b8c3-4a88b8ca8c23,Басманный район,55.7549633,37.653978,1902.0,74,34,3.0,0.08823529411764706
ed415f2a-7a17-4f19-b773-1bcf0557cbce,Хорошёвский район,55.782721699999996,37.51399139585132,1956.0,192,86,16.0,0.18604651162790697
ed491899-9c06-4470-bff0-a4c5c5cdd521,Бутырский район,55.8183805,37.58602515277383,1965.0,139,73,5.0,0.0684931506849315
ed51ae39-5350-4ab4-b9e5-5eb2dac79cdf,район Щукино,55.79381585,37.492292914555414,1970.0,126,90,11.0,0.12222222222222222
ed547786-8e57-409b-865a-b0742aff6d99,Ломоносовский район,55.6832156,37.53091050069429,1958.0,104,64,15.0,0.234375
ed5b1f1f-b588-489b-8fd5-63e0bfefeaee,район Люблино,55.6714709,37.77199556641035,1999.0,327,135,2.0,0.014814814814814815
ed6266c6-c4b3-4375-858e-77b0f2dff13b,район Солнцево,55.641842249999996,37.40936485706192,2003.0,941,389,6.0,0.015424164524421594
ed70a696-74bb-4e1c-b63b-0505d018cd21,район Кунцево,55.74212375,37.433766449325844,1998.0,962,339,20.0,0.058997050147492625
ed784777-d7e8-4133-8abf-061ff9224225,район Строгино,55.81734,37.40110757147964,1998.0,231,117,29.0,0.24786324786324787
ed79789d-2552-4ba0-9ec0-8d3d28ae837b,район Орехово-Борисово Южное,55.604531699999995,37.706459100000004,2000.0,647,333,72.0,0.21621621621621623
ed946f9d-4512-47ef-9ace-2b6448e32307,район Марьина Роща,55.790577299999995,37.6019168256486,1964.0,188,80,2.0,0.025
ed971684-93d9-4fc7-bdfe-ebb363f16832,район Сокол,55.79916995,37.51769985267913,1951.0,108,55,16.0,0.2909090909090909
ed99fc92-4707-4416-b9de-dd80a025cb5b,район Хамовники,55.727645100000004,37.586559626902456,1963.0,332,174,19.0,0.10919540229885058
ed9c4540-0721-4517-8915-7f7e51b3e7dc,район Черёмушки,55.65733735,37.567567312898944,2010.0,281,165,54.0,0.32727272727272727
ed9dd6c6-f110-49b7-8c13-dbe3a4002199,Останкинский район,55.8155197,37.6250214,1969.0,137,84,17.0,0.20238095238095238
eda5ffb5-cf3e-4211-af2a-fe6ee2157b9a,район Тропарёво-Никулино,55.6659176,37.46685870045806,1982.0,246,127,15.0,0.11811023622047244
edadeec7-8f3e-4406-961b-2aca921a4803,район Лианозово,55.906200049999995,37.56845191776096,2006.0,74,31,7.0,0.22580645161290322
edba1725-bc18-4a95-9400-a14d157a9761,район Текстильщики,55.722813099999996,37.73410764681529,1966.0,188,86,2.0,0.023255813953488372
edbad311-06ed-4c11-a807-b93a5e35559d,район Тропарёво-Никулино,55.657368399999996,37.485342200000005,1970.0,193,100,20.0,0.2
edd6625e-dce0-46a1-82bb-cc4542de45a2,район Печатники,55.6564806,37.70703043303682,1957.0,32,12,1.0,0.08333333333333333
ede4c8ac-4287-41c6-bd35-cf1482d61af3,Пресненский район,55.760384450000004,37.56877069917245,1959.0,79,40,6.0,0.15
edee40e3-f50f-4eee-8c65-cdc029cc8a74,район Чертаново Северное,55.6307073,37.603684650000005,1969.0,157,98,29.0,0.29591836734693877
edf64b31-228f-4c81-84aa-d8f69815c880,поселение Первомайское,55.853584100000006,37.38490884343086,2010.0,48,68,50.0,0.7352941176470589
edf96974-b69c-4e59-96ec-6d180cb61375,Тимирязевский район,55.8141615,37.560710887745095,1962.0,116,60,4.0,0.06666666666666667
ee04ef42-d798-4cec-977d-008f99afba05,Мещанский район,55.76748885,37.62673071501838,1917.0,37,19,5.0,0.2631578947368421
ee0b4ec4-6254-4acb-be42-d52b5f83a630,район Гольяново,55.813520499999996,37.78841650913071,1958.0,65,38,10.0,0.2631578947368421
ee171ac9-69d5-4e3f-8370-0877dcf3ca09,Таганский район,55.74653155,37.651747310105456,1971.0,137,96,33.0,0.34375
ee17ae6a-09a8-4c15-9dc2-800d5c624827,поселение Рязановское,55.46973745,37.54258766780404,2008.0,320,244,115.0,0.4713114754098361
ee2abd9e-5824-4ef5-a8f5-08dbd72e1077,Тимирязевский район,55.81627565,37.5655720753886,1963.0,108,68,15.0,0.22058823529411764
ee3b8900-8259-47dc-9c23-d008aea8bb05,район Щукино,55.7975615,37.46000665560676,1983.0,203,95,15.0,0.15789473684210525
ee3de7bd-2459-4bc8-8e32-c961247b1959,Останкинский район,55.8136214,37.6366944,1966.0,612,272,33.0,0.1213235294117647
ee4ceb7c-6f22-4d60-a9ad-7bea10c6a6d9,район Ховрино,55.868022999999994,37.48573863658099,1965.0,154,82,6.0,0.07317073170731707
ee588144-fe9d-4b4a-8656-171a349eaf81,район Богородское,55.8194533,37.71055580017635,2009.0,512,309,98.0,0.31715210355987056
ee60304d-964a-4be6-91f7-70668a04ce5a,Головинский район,55.8496804,37.488741195029874,1968.0,192,112,10.0,0.08928571428571429
ee639d0c-a31f-4705-a40f-e1073dad1cb1,Ломоносовский район,55.6765015,37.53451537928777,2008.0,522,272,50.0,0.18382352941176472
ee6893ea-6140-4c1c-8d99-0aebc461959d,район Проспект Вернадского,55.66844125,37.5084492,1972.0,163,94,7.0,0.07446808510638298
ee69590b-29eb-40ca-b873-1e469dc13eb8,район Хамовники,55.7406315,37.583465150483555,1912.0,74,40,10.0,0.25
ee6aa662-da8f-46f5-80df-b4dc697dfde2,Лосиноостровский район,55.8706976,37.68508285957144,1956.0,37,18,4.0,0.2222222222222222
ee746473-374e-48d9-8f97-b019dfa2edd3,район Аэропорт,55.80300285,37.5250893229343,1951.0,501,214,30.0,0.14018691588785046
ee7768f0-4ac5-485f-b270-dc3c1582ae8e,Нижегородский район,55.7305068,37.75682896429575,1948.0,41,18,3.0,0.16666666666666666
ee78ba7c-69ba-4617-95c3-4e6440aafcdf,район Аэропорт,55.801756299999994,37.540672337207184,1972.0,91,53,19.0,0.3584905660377358
ee8f50ca-51fd-43e4-819a-507a7996d220,район Сокол,55.79452245,37.511781322040775,1951.0,156,71,18.0,0.2535211267605634
ee966f8e-fe8e-4a6f-9b56-c5e1b13ae779,район Перово,55.7485451,37.7820082,1961.0,108,60,12.0,0.2
ee9bc82f-b3ac-479f-8f3e-e3346bb516be,район Дорогомилово,55.74815625,37.566439848429766,1975.0,132,65,11.0,0.16923076923076924
ee9f9c33-8a9e-41ea-b6d8-28f24fec40bb,Ярославский район,55.86323125,37.690702099999996,1976.0,212,112,17.0,0.15178571428571427
eeb08c8d-ad44-49c2-8d48-16bd0c3d37f9,Басманный район,55.765253900000005,37.670050244780356,1996.0,181,76,11.0,0.14473684210526316
eeb64702-054f-4f3e-9737-f19e41e3e281,район Очаково-Матвеевское,55.7061407,37.46799109708955,1970.0,168,98,18.0,0.1836734693877551
eeb9826e-6e08-4962-a074-f35088af23ab,район Соколиная Гора,55.7723023,37.73112797600766,2002.0,242,101,8.0,0.07920792079207921
eec03b62-020e-4b69-9785-ea15c643e5cb,район Ростокино,55.835944749999996,37.65488062792842,1977.0,229,111,19.0,0.17117117117117117
eeccd459-2596-4c10-a480-b2e852780269,район Текстильщики,55.716419900000005,37.73090535,1969.0,131,84,27.0,0.32142857142857145
eeea505f-2a1e-4a04-b689-3e3186e44f20,район Проспект Вернадского,55.6772581,37.514552502181886,1999.0,234,112,23.0,0.20535714285714285
eeec5836-8f8d-400e-a4f9-581a4f0a3490,район Черёмушки,55.652310150000005,37.56165514473646,1965.0,147,85,14.0,0.16470588235294117
eef3b3c1-8bed-44b0-8859-fe318eee2fe7,район Южное Тушино,55.8364271,37.4539747,1963.0,132,72,5.0,0.06944444444444445
eef8ce57-9b60-4a64-b88a-ebeb122c047e,район Левобережный,55.864983699999996,37.468529245958024,1973.0,176,112,24.0,0.21428571428571427
ef0838ec-ee87-4f79-83a6-7d69a6c35ea0,Рязанский район,55.7158512,37.7509239,2009.0,308,241,125.0,0.5186721991701245
ef083f9a-ac58-4ad3-83a1-aa05f3af9551,район Лефортово,55.765872,37.71567134558773,1979.0,201,105,2.0,0.01904761904761905
ef0cee72-89c1-4938-aded-f35eb3386b0f,район Лефортово,55.761813950000004,37.71363746209659,1971.0,270,178,25.0,0.1404494382022472
ef248ad9-13be-40a6-bed3-fa484d53e35f,Бутырский район,55.81801885,37.59293974800839,1961.0,76,36,1.0,0.027777777777777776
ef2fcac0-ea6e-4260-9e7c-bd1f482ffb3b,район Гольяново,55.81765295,37.812058300000004,1968.0,667,285,4.0,0.014035087719298246
ef3140a0-799a-4daa-83c5-00d0d7a7921e,Южнопортовый район,55.712997,37.6712612101377,2001.0,414,200,20.0,0.1
ef404f41-7c82-4ce1-83aa-caa7b7db04ab,район Хорошёво-Мнёвники,55.7806677,37.47257626746457,2005.0,421,213,64.0,0.3004694835680751
ef42338a-f521-4f77-8a4a-954db8c75dd1,поселение Сосенское,55.5430311,37.497829417885946,2016.0,325,224,66.0,0.29464285714285715
ef4267a2-ded0-4d0b-8a79-b752f662399f,район Хамовники,55.72349385,37.56971364128814,1929.0,58,24,4.0,0.16666666666666666
ef437c50-fc64-4914-9e22-2d5dc421d75c,район Солнцево,55.649479799999995,37.40425177945859,1982.0,572,283,51.0,0.18021201413427562
ef5d980a-e7e7-4958-b7bf-071b6fae2ccd,район Лефортово,55.7466206,37.7018875,1979.0,233,110,2.0,0.01818181818181818
ef5df590-59b7-436d-8911-941e55e31713,район Беговой,55.786617050000004,37.55949532648122,1957.0,127,60,3.0,0.05
ef62367a-08e8-446e-b29a-1b625931aa13,район Черёмушки,55.67774455,37.558784205751635,1960.0,142,80,19.0,0.2375
ef67062c-2b47-4d3c-9d65-03751ce262ee,городской округ Троицк,55.574969800000005,37.37472085140611,1972.0,161,83,12.0,0.14457831325301204
ef6c1dbc-636c-4b92-a150-5665d0d2e589,район Гольяново,55.8193971,37.802481877463464,1955.0,871,448,45.0,0.10044642857142858
ef6f0e23-0881-4a2e-9756-791ee231a8c1,Мещанский район,55.771887899999996,37.62408760846782,1898.0,26,12,2.0,0.16666666666666666
ef705422-fe56-4937-afe7-7beeb7f1ad51,район Коптево,55.820681699999994,37.528608899999995,1965.0,205,100,5.0,0.05
ef788657-93d1-4d6b-8fb4-36dbff59e081,Пресненский район,55.75571185,37.598909503547716,1912.0,60,19,1.0,0.05263157894736842
ef7ffcde-0d0d-474f-924a-9b16859f94ae,район Филёвский Парк,55.74735405,37.50990986693138,1965.0,342,214,56.0,0.2616822429906542
ef83fc60-a80d-46d0-b278-cd5653424bde,Тимирязевский район,55.82860995,37.5706012,1971.0,157,96,9.0,0.09375
ef85a7f1-b3d1-4e41-aa21-9c0f4d38cf51,район Щукино,55.4955298,37.2027071,1999.0,173,95,26.0,0.2736842105263158
efa9c94a-0b73-4e27-b596-327e7957d85f,район Солнцево,55.65469285,37.39675800252676,2001.0,515,245,39.0,0.15918367346938775
efaa90b6-bed8-49a1-ade6-7ea818ca35ff,район Кузьминки,55.6984699,37.77540055,1963.0,129,72,7.0,0.09722222222222222
efbf9773-c62c-47c7-80c7-e83c3479d82e,Войковский район,55.8206838,37.51499847532661,1980.0,215,109,16.0,0.14678899082568808
efc85e1b-df69-46c3-a5fc-6147a645d8cc,район Коптево,55.8267903,37.5203405,1977.0,645,321,6.0,0.018691588785046728
efd8f716-d1d7-4c3e-ab7b-3ac798545630,район Гольяново,55.826686499999994,37.8100047,1971.0,362,179,20.5,0.11173184357541899
efe0e64e-dcb0-4c51-aea7-df93cc8dfed8,район Новогиреево,55.74871505,37.804358587023685,1983.0,121,66,19.0,0.2878787878787879
f0027c08-f985-4ec8-bae2-23602cbbbfd2,район Черёмушки,55.66517155,37.566621608087004,2004.0,198,112,46.0,0.4107142857142857
f00901b1-999d-472f-b69d-a9880cc6535d,Лосиноостровский район,55.8843219,37.68295755,1998.0,285,133,15.0,0.11278195488721804
f00e6dbe-2f47-453e-a3a1-76092634feb8,район Северное Медведково,55.885275050000004,37.6691213,1969.0,188,98,4.0,0.04081632653061224
f02186a6-dcc0-4f3e-8d82-e7a1c777ccce,Войковский район,55.81626315,37.51026530421268,1953.0,698,247,8.0,0.032388663967611336
f024c1d0-86da-4775-9ecd-24a4af63509f,район Щукино,55.804139899999996,37.4723691035271,1954.0,191,120,53.0,0.44166666666666665
f02577fa-5588-41a3-a5bf-b73d485f59a2,район Филёвский Парк,55.7429618,37.492333305146616,1965.0,225,128,24.0,0.1875
f02d8ba9-b336-4477-88a4-68ea64583640,поселение Московский,55.6034246,37.3558552,2008.0,181,152,68.0,0.4473684210526316
f02ee2b5-2793-4aec-8de8-36b9bb847b6b,район Хорошёво-Мнёвники,55.781306799999996,37.48278647865091,1974.0,324,143,6.0,0.04195804195804196
f0306685-49d6-48aa-bde9-08d8c02e46ea,район Измайлово,55.798642349999994,37.78835370957789,1951.0,341,155,5.0,0.03225806451612903
f0317a7e-8ea2-49e8-b596-941b4a7c9687,Пресненский район,55.7595844,37.5811107,1954.0,889,453,112.5,0.24724061810154527
f035c1f5-3831-4f54-81ae-bdf0ae40848c,район Митино,55.8411833,37.35828880729376,2004.0,172,84,6.0,0.07142857142857142
f03d3246-93f8-4880-8317-5d0408392352,район Соколиная Гора,55.7792352,37.72806073147294,1970.0,183,104,17.0,0.16346153846153846
f0435b47-75d8-4238-a733-8ab4959a7ba6,район Нагатино-Садовники,55.68001845,37.65971617568614,1965.0,116,72,7.0,0.09722222222222222
f047ae6f-d914-4d6f-a0d2-1291e7a1afb2,район Южное Бутово,55.5351021,37.51749953647888,2000.0,281,144,5.0,0.034722222222222224
f048e52b-8c02-4e5c-97d9-239b9e4f9ad9,Мещанский район,55.7801423,37.632599509906115,1915.0,61,35,7.0,0.2
f05238b9-e9d0-4a23-b273-8fe8f6e38625,Донской район,55.6995578,37.61949012832892,1963.0,62,34,9.0,0.2647058823529412
f055ae0b-cd66-4ade-b0df-e37feddd67b8,район Черёмушки,55.6683975,37.571430899999996,1961.0,98,72,23.0,0.3194444444444444
f05f7770-da4e-4ef6-bda8-17ec593cf7f3,поселение Сосенское,55.54128525,37.49627407067989,2015.0,207,128,40.0,0.3125
f06ec968-c845-4861-9d93-01c5df137d9d,район Чертаново Южное,55.59629715,37.61727836875478,1972.0,164,98,11.0,0.11224489795918367
f0756d66-94f8-4acc-a151-2f7150c2bc0f,Бабушкинский район,55.86404535,37.68014060581331,1967.0,154,84,9.0,0.10714285714285714
f0784629-b56c-4518-a355-b95b48fcb989,район Южное Тушино,55.8475557,37.40223625,1958.0,31,12,1.0,0.08333333333333333
f089d774-4bd7-494d-b6c6-4fb94c93c6b0,район Арбат,55.7464921,37.58119649999999,1973.0,119,72,18.0,0.25
f08a883c-14e8-4c01-9aa3-09a96c860b92,Академический район,55.68858745,37.575384962972024,1958.0,84,60,20.0,0.3333333333333333
f08c39ba-3282-4191-8147-d750ac99949f,район Ховрино,55.861213649999996,37.49394389684834,1969.0,161,98,20.0,0.20408163265306123
f09b6404-38ec-4203-bdf1-7cbd65e3aef1,Басманный район,55.76386255,37.66830520297453,1996.0,68,31,8.0,0.25806451612903225
f0a2b2e5-0c42-45eb-b9db-6efe9ec0a902,район Беговой,55.778009049999994,37.5526702348284,1949.0,63,34,12.0,0.35294117647058826
f0a71f34-51cc-427f-98bd-b609000f44f2,район Коньково,55.6372512,37.51285709582209,1973.0,426,213,30.0,0.14084507042253522
f0c3f388-8bb0-4f20-8cca-feb8e481a641,Пресненский район,55.7595541,37.5908807,1978.0,102,51,11.0,0.21568627450980393
f0dc9172-8804-4295-bbd8-5b4abeea29ef,Таганский район,55.75401575,37.65612622036859,1911.0,62,30,2.0,0.06666666666666667
f0dca8a6-12f8-478f-85d0-3c399c47c46e,район Отрадное,55.8704219,37.60978395,1976.0,287,178,1.0,0.0056179775280898875
f0e67462-4b29-4416-898b-86f8df894ede,район Раменки,55.694873,37.53166817733799,2010.0,604,373,101.0,0.2707774798927614
f0e9e26e-73a0-4353-a83a-7b62fdb9ff40,Ломоносовский район,55.6880826,37.528401,1957.0,824,377,14.0,0.03713527851458886
f0ff78b9-8fef-4952-bba1-20f1ae49ffe8,поселение Сосенское,55.568358700000005,37.47024611165383,2015.0,116,136,84.0,0.6176470588235294
f104ffdc-425e-4cb7-954f-bf48ad528daa,Тверской район,55.77430595,37.59302618568016,1917.0,89,44,13.0,0.29545454545454547
f10c102a-7479-4e54-a1d1-ad6f7ea5c3af,городской округ Троицк,55.4775027,37.30580545299202,1968.0,126,72,20.0,0.2777777777777778
f10c61e8-ed27-4fa6-8aea-92f49fe41226,район Филёвский Парк,55.7416946,37.4980365,1958.0,176,85,18.0,0.21176470588235294
f10eb845-387f-4c96-8d1b-60c52134b975,район Вешняки,55.73388215,37.819733117004304,1971.0,322,144,11.0,0.0763888888888889
f110fa39-efb9-4d93-ab31-f449b2b31cc7,Ломоносовский район,55.5416914,37.2041884,1957.0,202,102,11.0,0.10784313725490197
f124fcca-b919-4f96-8b19-43ac7633bf35,Даниловский район,55.71742635,37.61866471962986,1934.0,197,71,2.0,0.028169014084507043
f135130b-4ccb-4593-9c8f-7dc6c4b17cb5,район Чертаново Южное,55.59259605,37.598950296274126,2006.0,1039,540,115.0,0.21296296296296297
f13e9b6d-a6a6-428c-ab1b-d83ae1773277,район Кунцево,55.7404584,37.39909442924386,1963.0,226,100,11.0,0.11
f14c846c-fce0-48cd-9287-92d520be303b,Басманный район,55.753636549999996,37.643532199999996,1870.0,65,32,8.0,0.25
f153c213-a60a-41f1-8d65-97234f34f986,район Сокольники,55.794349600000004,37.68523063403868,1958.0,66,33,3.0,0.09090909090909091
f156d50e-3b45-486a-8174-106250263c6e,Войковский район,55.826932,37.495306029416696,1966.0,157,84,6.0,0.07142857142857142
f15fb83f-9dee-4b7a-a92f-4f12402814af,район Щукино,55.7968361,37.4948102,2013.0,369,180,37.0,0.20555555555555555
f1625a07-56de-4fb6-bb42-290c2f123f7d,Хорошёвский район,55.781288149999995,37.521572003749995,1967.0,147,84,22.0,0.2619047619047619
f16b5eaa-22a4-47d5-9d97-6f06f1af6c85,Войковский район,55.81776515,37.51411296218818,1972.0,174,98,20.0,0.20408163265306123
f16ddbe2-7624-45f3-8bde-7e6e0ba317d7,район Якиманка,55.7214178,37.60323714845309,1968.0,130,56,10.0,0.17857142857142858
f173308d-d41f-4cfd-987c-2bf128738c56,Хорошёвский район,55.7783816,37.5227341,1994.0,691,296,23.0,0.0777027027027027
f173649f-efe3-4099-a571-80592bf8ba6d,район Беговой,55.7865401,37.5604896,1958.0,218,99,4.0,0.04040404040404041
f1764266-1828-444d-9523-3c0908177b69,район Бибирево,55.896985650000005,37.6025002,1978.0,258,127,13.0,0.10236220472440945
f195f3dc-13e6-47dc-90e7-b0692f885da5,Нагорный район,55.643012600000006,37.6154816586393,1962.0,130,70,4.0,0.05714285714285714
f197ee1e-0d24-40a1-a341-1b227accb274,район Беговой,55.78584015,37.573811941994244,1961.0,92,60,10.0,0.16666666666666666
f1bb231b-cf37-4dfa-94dc-135d661be690,район Аэропорт,55.8033748,37.5262454,2010.0,196,142,72.0,0.5070422535211268
f1cc01d4-17e4-48ea-8bb0-c7f2d7fdc0b5,Обручевский район,55.6469509,37.503673,2010.0,611,416,173.0,0.41586538461538464
f1d6b083-4d35-4c66-8eb8-31c2b1b43fd1,район Свиблово,55.8577201,37.638612635768226,2000.0,574,270,25.0,0.09259259259259259
f1f0e247-a6e5-43f0-b7e5-8bf051897bb2,район Косино-Ухтомский,55.7223668,37.909998925185505,2007.0,390,184,9.0,0.04891304347826087
f1f43f69-d466-4ca6-9802-5c9e8ca639e5,Нижегородский район,55.7367411,37.708563104974985,1958.0,181,80,1.0,0.0125
f1fceb38-1f8e-4a92-ba01-8791a28e8a5b,поселение Московский,55.86072325000001,37.670967,2010.0,598,383,145.0,0.3785900783289817
f225d1da-0fc4-4a87-be4a-d82c71371b47,район Марьина Роща,55.7864122,37.60319250586708,2000.0,226,95,15.0,0.15789473684210525
f22cca63-4759-4068-acc9-636ae93f826d,Рязанский район,55.71393105,37.75081564901029,2007.0,237,240,153.0,0.6375
f22d3131-e1a8-45a5-8e68-8016497dcf55,Красносельский район,55.770937,37.64875932860488,1929.0,157,70,8.0,0.11428571428571428
f2309fc2-319a-4d2c-bda5-2179d3e813a9,район Гольяново,55.81631595,37.81123184236321,1966.0,119,81,20.0,0.24691358024691357
f232ab38-0757-40c2-a53e-7482925250e0,район Хамовники,55.74335885,37.57701795357143,1917.0,33,16,4.0,0.25
f23307dd-27d8-4884-bcf0-4aaf12200bb3,Басманный район,55.75885625,37.630886243586126,1905.0,22,11,4.0,0.36363636363636365
f2338c60-4eed-43d7-a611-fbe19d806a08,район Коньково,55.64938955,37.526095600000005,1967.0,705,287,10.0,0.03484320557491289
f23a8514-647a-499d-b126-e3acb521f629,район Чертаново Южное,55.605118700000006,37.622814450092605,1982.0,220,127,16.0,0.12598425196850394
f2450cdb-b0c2-43b6-9458-cbf1f717fd9b,район Чертаново Северное,55.64000235,37.615022597643176,1988.0,799,395,25.0,0.06329113924050633
f247a0fd-5cb6-419a-a1d3-5c0ef5663e4c,район Зябликово,55.61682315,37.75482210637763,1999.0,198,88,11.0,0.125
f24a70e7-738b-4f80-bb89-b79f784f28b3,Тверской район,55.7605842,37.61187711189842,1891.0,46,21,3.0,0.14285714285714285
f26029c8-1a11-4fe9-bbdd-668305dc9a65,Тверской район,55.765805900000004,37.60277826148233,1950.0,40,25,12.0,0.48
f26ee594-918c-434f-8abf-dcd22b5f18ca,район Сокольники,55.7059786,37.8602418,1980.0,287,141,37.0,0.2624113475177305
f270dd06-14e6-4986-8ecc-eb1ce56344e9,Тверской район,55.779735349999996,37.61031820168182,1970.0,172,95,18.0,0.18947368421052632
f2802443-8c44-403c-9f0e-bc0de18cec9d,район Печатники,55.6547932,37.6974659,1958.0,22,10,2.0,0.2
f2803540-c677-4a39-8b1c-a5da219b3441,поселение Московский,55.469537599999995,36.92567914999999,1969.0,129,60,2.0,0.03333333333333333
f2808715-99ab-4e11-95fd-cd79c47c28d5,Таганский район,55.7461662,37.64643947623418,1999.0,97,41,2.0,0.04878048780487805
f28140db-71f3-49f6-8824-4679a1671831,поселение Первомайское,55.5830612,37.2026845,1982.0,123,60,8.0,0.13333333333333333
f286cd41-d51c-494c-8bd4-7cf4912ca585,район Фили-Давыдково,55.7334728,37.47592114979817,1965.0,116,72,10.0,0.1388888888888889
f28f01e3-e58e-41a8-985a-472aa29a3949,район Ховрино,55.857661199999995,37.50690695750234,1976.0,265,144,16.0,0.1111111111111111
f294808a-c87c-4113-bb4c-682c831e3f90,городской округ Троицк,55.74764445,37.873483716774544,1972.0,173,84,7.0,0.08333333333333333
f2975dd4-e58b-4e0a-9169-fe96687e1064,район Замоскворечье,55.73187835,37.63010351691207,1966.0,137,84,24.0,0.2857142857142857
f2ac5d24-7926-4992-9a52-adc826ba00eb,район Соколиная Гора,55.78785235,37.733655967506465,1973.0,208,111,1.0,0.009009009009009009
f2c55ef1-dc40-4f6b-919b-c609a2eac820,район Восточное Измайлово,55.7891688,37.8008503595679,1961.0,122,72,3.0,0.041666666666666664
f2d04079-6e80-45fa-859f-08a6de698932,район Замоскворечье,55.7315318,37.62996962759843,1971.0,192,97,13.0,0.13402061855670103
f2d48d01-3e4d-4d06-beab-00595499750e,район Черёмушки,55.67368475,37.5727787185215,1962.0,102,71,21.0,0.29577464788732394
f2d578da-7459-4204-b6db-34e3bf04ec2d,район Беговой,55.79049875,37.57570818341097,1983.0,151,64,3.0,0.046875
f2de31f6-2985-42f4-8525-09e77eb0eeb9,Хорошёвский район,55.780006650000004,37.52674185122022,1964.0,178,80,6.0,0.075
f2de58df-cd4e-4818-85b4-894e672a8aad,район Ново-Переделкино,55.642272750000004,37.36566718737664,1988.0,357,165,20.0,0.12121212121212122
f2de6e73-08e9-45dc-98dd-5d46faba247d,район Раменки,55.7283574,37.53228234061531,1966.0,225,102,6.0,0.058823529411764705
f2de87ef-7f86-4608-b00b-2756a1c11c49,район Восточное Измайлово,55.7927659,37.800052,1963.0,123,70,4.0,0.05714285714285714
f2ebc1bd-04f4-406b-a9a6-ad7ce7cf170c,район Восточное Дегунино,55.8689707,37.567159815408885,1971.0,363,358,207.0,0.5782122905027933
f3000e33-ca9d-45ca-94f2-80fd147aa371,Пресненский район,55.7647681,37.607640627865365,1986.0,127,50,5.0,0.1
f302de75-0620-48a3-9583-74ac59f44629,Даниловский район,55.7053597,37.6149026,1981.0,251,108,6.0,0.05555555555555555
f319c689-ef12-48af-bdd1-abb22db97eb5,Академический район,55.6941042,37.58358888723879,2000.0,745,302,43.0,0.1423841059602649
f31dabc9-43a2-4006-9439-0db4606aea47,Тверской район,55.7733082,37.5982710888221,1938.0,122,46,5.0,0.10869565217391304
f31f88cf-d264-4bb8-88fd-6c1d58d80efd,Академический район,55.69464345,37.58202045,2002.0,313,126,13.0,0.10317460317460317
f323bb02-8caf-4e7a-88f7-3510d61a0e12,район Марфино,55.8275279,37.600154864520675,2010.0,296,193,61.0,0.3160621761658031
f33b4625-9f4a-4a84-a8ee-97db420ba2f1,Нагорный район,55.656488350000004,37.62029775340199,1959.0,107,60,1.0,0.016666666666666666
f3409229-adc1-4e7d-b079-f61e4de235ba,Таганский район,55.73278835,37.677746721924194,1999.0,149,97,40.0,0.41237113402061853
f36c133b-e45c-426e-baa9-a233d6d235bc,район Раменки,55.7037917,37.5013383,2010.0,236,110,32.0,0.2909090909090909
f3741875-262b-46be-9fb3-00b333946b9b,район Царицыно,55.63397415,37.64986262871646,1965.0,121,72,4.0,0.05555555555555555
f3830148-8af2-4478-ae5a-3094436c4a0d,район Южное Тушино,55.84468845,37.43017906454918,1970.0,179,84,9.0,0.10714285714285714
f3943f50-a62b-493d-bb15-281f04fe857c,район Зюзино,55.6498055,37.565148913160286,1974.0,286,128,23.0,0.1796875
f39f414e-5d35-49da-89bd-47ff7ab4698d,Тимирязевский район,55.8313862,37.569463999999996,1969.0,639,284,2.0,0.007042253521126761
f3af4133-b31a-4d5a-8c72-19ec3ec5c17a,Хорошёвский район,55.785804,37.511697375816325,1955.0,253,99,15.0,0.15151515151515152
f3b725d4-b490-48c5-b645-cdeb75128d69,Войковский район,55.818407449999995,37.49205933571628,1979.0,240,110,22.0,0.2
f3ba1df5-e04a-47ce-af04-96087ce3a216,район Измайлово,55.8066841,37.8049065,1952.0,181,70,5.0,0.07142857142857142
f3c3a03d-88a6-496f-a358-87b23224a709,Бабушкинский район,55.8753981,37.661236871600686,1998.0,326,171,52.0,0.30409356725146197
f3cbf0aa-fcac-4a58-a96e-b18ac98e2981,Басманный район,55.7591378,37.6391179,1917.0,62,36,10.0,0.2777777777777778
f3cdbf59-65b9-40cf-97fb-9f5f4fdcd606,район Новокосино,55.731820799999994,37.84957293242435,1997.0,425,159,8.0,0.050314465408805034
f3da2c6b-9abd-483e-8e1f-06601e0ccb3b,район Сокол,55.8088704,37.50534221197845,1959.0,381,158,17.0,0.10759493670886076
f3dbfdce-c93d-480a-b0e2-8e93936e386f,Басманный район,55.76806835,37.67853133587264,1970.0,252,181,44.0,0.2430939226519337
f3e70329-6daa-4ef3-8568-b7465df117a0,район Беговой,55.78707005,37.560684008622694,1958.0,72,48,12.0,0.25
f3ff25f5-d092-49e6-9187-32f5e3b991cc,район Южное Бутово,55.50306875,37.59890362590545,2009.0,385,208,49.0,0.23557692307692307
f406614f-413c-4286-9ead-f2b7f88a0bc8,Головинский район,55.8497737,37.48473275,1966.0,287,144,20.0,0.1388888888888889
f42d1042-161e-4e61-9876-3d0ae75ebc8d,Савёловский район,55.79466305,37.57501074973917,1977.0,446,223,18.0,0.08071748878923767
f42e5521-325c-43f4-a6c0-d81251c44c7a,район Богородское,55.8086956,37.70927275,1968.0,196,84,3.0,0.03571428571428571
f4332082-1e61-4353-bc9e-30e3188c62a2,район Чертаново Южное,55.5994125,37.589672783735665,1980.0,214,127,18.0,0.14173228346456693
f43705a5-cea5-437c-bc2d-0de088addfae,район Солнцево,55.6502758,37.41118455,2006.0,104,64,17.0,0.265625
f4393152-3f52-4f3b-8fa2-b0aec1b62238,район Дорогомилово,55.7410962,37.54597042109758,1961.0,307,136,1.0,0.007352941176470588
f445077b-0c54-41d2-9b7f-42374aa154f7,Басманный район,55.77057105,37.66357853639748,1913.0,67,21,1.0,0.047619047619047616
f4555fe2-d74a-4ba1-a7d6-fb5346b242a7,район Филёвский Парк,55.74540065,37.511358409414164,1958.0,170,68,13.0,0.19117647058823528
f45a4059-c382-4026-b2d3-1fda42e02210,район Коньково,55.64687075,37.534624150000006,1969.0,373,143,4.0,0.027972027972027972
f4667e98-78fd-4f53-8c0e-8db1f043ad31,Донской район,55.69482075,37.607856562767125,1997.0,415,188,19.0,0.10106382978723404
f4770a96-af8e-4538-a906-6162e6ff40c7,Пресненский район,55.75231495,37.53865409209912,1966.0,116,72,7.0,0.09722222222222222
f47ff712-7cd9-4e48-86e6-cbf7df344af0,район Ховрино,55.85936615,37.498798300000004,1972.0,267,144,10.0,0.06944444444444445
f4844f26-123a-409f-b152-cf014773c3c7,район Ново-Переделкино,55.63646315,37.35936185,1988.0,306,166,40.0,0.24096385542168675
f48d0afb-cd9f-40bc-aead-4e9def7598a7,район Северное Медведково,55.8792344,37.63859521490087,2008.0,181,104,17.0,0.16346153846153846
f48da0dd-e92e-4c50-be82-539f7b032ddb,район Нагатинский Затон,55.6835571,37.68681086559829,1983.0,142,72,10.0,0.1388888888888889
f4a5dff6-80ce-4e47-a71c-0ecc82f4d398,район Выхино-Жулебино,55.70907415,37.81949415,1970.0,160,83,3.0,0.03614457831325301
f4a96336-e722-406b-8883-2965e73e60a1,район Хамовники,55.72298375,37.575472139095666,1959.0,264,108,7.0,0.06481481481481481
f4b95af1-c71c-478c-bb82-6e2fe6a86926,район Нагатино-Садовники,55.6760661,37.6270500786132,1962.0,105,71,12.0,0.16901408450704225
f4c8a5fb-630e-4947-9666-3a870ae7d107,Таганский район,55.7279493,37.6714062,1927.0,102,39,2.0,0.05128205128205128
f4cfa5d2-8542-452f-89bf-d6832070c33a,район Филёвский Парк,55.7361671,37.49063564368738,1974.0,260,178,4.0,0.02247191011235955
f4d0a556-2f1a-48b9-84e1-5377f356a1ad,район Преображенское,55.7932551,37.726428990750236,1967.0,172,110,17.0,0.15454545454545454
f4db3421-f5cf-4521-9504-96191593c8c9,Даниловский район,55.718190699999994,37.62902688881379,1910.0,45,23,7.0,0.30434782608695654
f4dca653-a99d-48dd-9ec5-5f0a41138945,Тимирязевский район,55.84303045,37.56652217479822,1966.0,111,72,19.0,0.2638888888888889
f4e859bd-0144-462d-a6c8-0db986fbe420,район Внуково,55.61419805,37.304797067661454,1972.0,135,84,13.0,0.15476190476190477
f4f76866-ffbd-4bb4-8de9-8520558f11c2,район Арбат,55.751045500000004,37.596885704138,1912.0,48,18,3.0,0.16666666666666666
f4fd4d2b-7715-46f4-b6e7-daf626028e2f,Мещанский район,55.76312475,37.625912824164544,1896.0,25,27,18.0,0.6666666666666666
f4ffeb66-b447-47f6-9609-762313929d35,Тверской район,55.77740865,37.61187096426431,1907.0,52,25,9.0,0.36
f50629ad-f13d-42e5-af9f-56b6b0211abb,район Сокол,55.794212400000006,37.50835420915798,1952.0,225,79,2.0,0.02531645569620253
f50e4333-0321-4bc0-8bd3-a1e2782c67ec,Рязанский район,55.714281150000005,37.78206823133809,1966.0,665,287,7.0,0.024390243902439025
f50e52df-c387-4e95-8bf6-d4fae8178e64,Хорошёвский район,55.78637885,37.50979954180162,1955.0,209,87,17.0,0.19540229885057472
f515512d-c1e1-478c-984b-04f4d4a41dc4,Нагорный район,55.655272,37.60959505,1974.0,105,72,27.0,0.375
f5192a2d-3d4c-451a-82e0-296f33589f50,Мещанский район,55.77100985,37.624185914034996,1913.0,36,16,3.0,0.1875
f5226b67-93e8-4ec0-81f6-c6ca9369fb43,Академический район,55.68440635,37.55869338769172,1958.0,101,64,7.0,0.109375
f523699b-3a38-4cce-8a98-ebe71fa23a1c,район Царицыно,55.62738715,37.67810327845537,1968.0,161,86,7.0,0.08139534883720931
f525a38e-feef-4933-8834-e56ca0837353,район Чертаново Центральное,55.6220992,37.58978685,1970.0,372,179,25.0,0.13966480446927373
f5282c8c-6b11-4ffd-8f9e-1630539511e8,Тверской район,55.77828925,37.60988456667715,2006.0,148,83,24.0,0.2891566265060241
f52f68d6-43a8-41ad-b774-75646383fc24,район Печатники,55.682837500000005,37.7261731,1969.0,131,84,30.0,0.35714285714285715
f5334d9c-5b20-4312-ab3e-5b6a1156bfb8,район Северное Тушино,55.850514399999994,37.41649313691335,1968.0,310,178,22.0,0.12359550561797752
f53d67c9-2820-43e7-a0e7-9825a38cb15e,Красносельский район,55.76881165,37.64045289996773,1933.0,66,41,16.0,0.3902439024390244
f53f0f0c-1c51-46fd-b731-8b460f73c89c,район Богородское,55.81966005,37.70619710322529,1985.0,125,61,11.0,0.18032786885245902
f543d06a-4045-49bc-be65-137baf0bc524,район Северное Измайлово,55.80653705,37.81242694271688,1964.0,112,68,18.0,0.2647058823529412
f5489ff4-874e-4494-b243-4087f1ba56ec,район Сокол,55.8111875,37.497790077272725,1957.0,76,32,2.0,0.0625
f54d3244-465a-4833-b0af-2b235fdfdfa7,Дмитровский район,55.890502850000004,37.53919885300698,1971.0,278,128,1.0,0.0078125
f54e0fad-afa5-4807-a939-ee92130fea64,район Аэропорт,55.808779200000004,37.521664689035305,2008.0,359,253,95.0,0.37549407114624506
f55234e7-c5ee-4d48-9b10-3784bb875c92,Гагаринский район,55.690993750000004,37.535684096162335,1956.0,1265,543,114.0,0.20994475138121546
f5557c10-5736-4083-9a62-fa492507e652,Тверской район,55.7868999,37.595773070078046,1960.0,92,42,7.0,0.16666666666666666
f55bcabc-cd2d-4b81-8541-0604187fbce0,Савёловский район,55.794829750000005,37.577507872095914,1960.0,79,38,4.0,0.10526315789473684
f577d0ff-f819-4e33-934e-b668f399903a,район Тёплый Стан,55.6234126,37.483382632412756,1974.0,326,168,25.0,0.1488095238095238
f579ce88-9b21-44af-ae1d-00ce0e2d09f9,район Ивановское,55.75518505,37.83046454941031,1968.0,163,84,3.0,0.03571428571428571
f5823753-c19b-4666-8589-d00780562415,Пресненский район,55.752838600000004,37.538076887175876,1981.0,149,85,19.0,0.2235294117647059
f589ee17-72ad-4895-8854-26fad6210e59,район Царицыно,55.6346949,37.649993460942895,1965.0,120,72,4.0,0.05555555555555555
f58d71af-4f64-4fa7-be19-53a19d6db9e8,район Нагатинский Затон,55.676548600000004,37.676813,1972.0,154,84,6.0,0.07142857142857142
f58e1c5c-7f50-4c01-92db-467ac7a0fa73,район Кунцево,55.73965925,37.39594805,1964.0,167,80,11.0,0.1375
f58f9ed6-7f0f-462c-b26d-d06e38af79fe,Гагаринский район,55.6849591,37.544587152686596,1994.0,199,105,14.0,0.13333333333333333
f5933c36-f391-4431-a585-310559c130f1,район Кунцево,55.78272715,37.3591414,1968.0,258,108,3.0,0.027777777777777776
f5a3bc41-aa5f-49d0-82d0-2fd2bf225fe2,район Текстильщики,55.698838699999996,37.74035730158112,1965.0,158,80,15.0,0.1875
f5a44444-9017-429e-95a4-65146b67cb29,район Замоскворечье,55.7452317,37.6326526,1956.0,105,60,22.0,0.36666666666666664
f5b1fbb0-a68d-4063-b33d-453843bfb1e1,район Южное Бутово,55.550674400000005,37.55126619352421,1994.0,1,445,155.0,0.34831460674157305
f5b57b70-ae17-43a7-9b7b-065a84fb4951,район Хамовники,55.725384500000004,37.57872871477066,1961.0,251,142,25.0,0.176056338028169
f5ba808b-7e33-4011-b092-f5114d86a845,Алексеевский район,55.8056074,37.63900578929416,1967.0,712,384,42.0,0.109375
f5cbd722-9e28-47e7-8079-d5fc913bdc91,Басманный район,55.77178345,37.70119016750323,1966.0,137,84,17.0,0.20238095238095238
f5d12316-c6ba-4961-9f4a-5edd3f3f3003,район Нагатинский Затон,55.67495835,37.69147847927254,1982.0,173,95,14.0,0.14736842105263157
f5d7b539-608b-4a99-8694-a82714f02604,Мещанский район,55.7868668,37.6227678,1976.0,1444,627,66.0,0.10526315789473684
f5dfabe8-62e0-4354-9630-07940fbed632,Обручевский район,55.6643158,37.51945718608764,1964.0,136,72,3.0,0.041666666666666664
f5ec5244-0b1f-4b2e-aef0-827bc4e7014d,Пресненский район,55.7583573,37.54891550747584,2004.0,14,193,188.0,0.9740932642487047
f5ec71cf-627b-4e8e-8c32-4e505d7d3428,Басманный район,55.76519805,37.666658600000005,1972.0,163,98,16.0,0.16326530612244897
f5f1f5a5-dfd4-4076-8488-18944425d0c5,район Раменки,55.72832865,37.52070111270325,1970.0,310,208,65.0,0.3125
f5fc0a4f-7705-4461-92fe-f5962cb04571,Даниловский район,55.71635195,37.61094715482898,1967.0,95,72,13.0,0.18055555555555555
f6017e65-6fc2-4e4a-9899-926b50661b98,район Текстильщики,55.69433045,37.73892132713138,1964.0,130,72,6.0,0.08333333333333333
f605a8e9-2aae-4fc7-84e3-bd4d65093233,район Филёвский Парк,55.763804949999994,37.482427944930805,1981.0,214,126,17.0,0.1349206349206349
f606db2a-7255-4f85-9b1d-1ca86c8b7b0e,городской округ Троицк,55.4961797,37.3247123,2012.0,11,6,2.0,0.3333333333333333
f60b9cf2-e72e-4723-ac73-59f7b27fb602,городской округ Троицк,55.8593849,37.6703795637471,2004.0,41,17,3.0,0.17647058823529413
f6189910-f62e-4b58-9309-27421399d095,поселение Краснопахорское,55.4347457,37.32697570298879,2015.0,15,12,7.0,0.5833333333333334
f6210be2-d718-4e24-abcb-13c93e4f68d6,Таганский район,55.7469348,37.645669052695354,1965.0,109,72,20.0,0.2777777777777778
f623c5b8-cdf5-407d-9f88-f94714d50570,Ярославский район,55.8523201,37.682021385162,1970.0,274,222,107.0,0.481981981981982
f627b49e-fc4c-4470-9ac8-1a6d789bd539,Ломоносовский район,55.6741145,37.536702698337024,1963.0,121,72,12.0,0.16666666666666666
f62f4e05-2011-47b1-943e-28563d558481,поселение Филимонковское,55.55173295,37.326744367234525,2013.0,30,27,14.0,0.5185185185185185
f63d16cc-a984-4113-afe1-95b644809e5f,район Южное Тушино,55.847690650000004,37.42437520679492,1966.0,135,68,4.0,0.058823529411764705
f64c34c5-2440-4e1c-b1c6-02dea4b53d67,район Лефортово,55.75937145,37.707167793198245,1957.0,144,61,5.0,0.08196721311475409
f64c75cd-a640-41ed-9893-c1aaef58e638,Останкинский район,55.8209468,37.6327091,1957.0,663,265,4.0,0.01509433962264151
f654265b-d1d8-4e78-9138-45ec9f2c2137,район Зюзино,55.65145085,37.60338585825206,1967.0,146,84,23.0,0.27380952380952384
f65e6cfc-bef7-4266-9f20-ac42f49b1a00,Басманный район,55.7740504,37.67874339699412,1966.0,168,102,2.0,0.0196078431372549
f666851e-4790-485d-a89d-db795fea2dde,район Ростокино,55.83420595,37.663347050584434,1968.0,131,72,10.0,0.1388888888888889
f6734e84-9f32-4584-af3e-21148ec6dbed,Академический район,55.68836005,37.58774488308979,1960.0,181,76,4.0,0.05263157894736842
f674ea37-4bbd-40f6-89a1-563ebf10b2ef,район Беговой,55.78317035,37.57231579709554,1928.0,69,31,7.0,0.22580645161290322
f675600f-4a49-484b-aad2-af17f5d95429,район Измайлово,55.7944157,37.78063463261187,1977.0,129,68,4.0,0.058823529411764705
f678b4ef-cbaf-4b3a-b7dc-4b464bf43fd4,район Южное Тушино,55.84801495,37.4370396,1961.0,127,59,4.0,0.06779661016949153
f6812886-494d-4e80-86b5-f00ee1638c84,район Кунцево,55.74515405,37.39619167503022,1972.0,184,98,14.0,0.14285714285714285
f693b115-90d8-46e3-9498-46463ceda265,район Тропарёво-Никулино,55.660575800000004,37.46926938782666,1982.0,242,127,17.0,0.13385826771653545
f6a064bf-a441-441c-8a5f-b61dbb1d562d,район Очаково-Матвеевское,55.508215,37.2200714,1966.0,149,84,21.0,0.25
f6a7d7fb-cc5a-4e14-bbfb-fd18c368539b,район Аэропорт,55.8111179,37.53386600490492,1974.0,317,142,10.0,0.07042253521126761
f6a9d149-4a29-4093-bc21-b507d5224e9d,район Гольяново,55.81507775,37.79427099130284,2008.0,745,469,171.0,0.3646055437100213
f6be5564-0a6f-434d-8490-dafc3d5582e2,городской округ Троицк,55.74566685,37.67082342114922,1967.0,136,72,10.0,0.1388888888888889
f6bfa4af-10f4-44d4-a851-79938b0e7949,район Чертаново Северное,55.62783245,37.604653420000005,1996.0,381,168,12.0,0.07142857142857142
f6ce9b89-c959-4d79-85e5-e75062047450,Головинский район,55.849619000000004,37.47870341505936,1965.0,284,143,4.0,0.027972027972027972
f6d1c7d3-d7cf-44cf-9536-e87a6c64f113,Бабушкинский район,55.8753618,37.67459114809848,1970.0,327,178,32.0,0.1797752808988764
f6dd7149-3667-4875-9ec8-7d8bc6d4f3dc,Тверской район,55.7868999,37.595773070078046,1910.0,116,35,1.0,0.02857142857142857
f6ee3ed6-92bf-44cf-895c-135f5c40e94a,район Сокольники,55.788133450000004,37.67113918189385,1977.0,225,126,25.0,0.1984126984126984
f6eefeea-bbe2-407e-862e-f0d70a656d35,район Филёвский Парк,55.7467086,37.51184284358057,1975.0,134,72,19.0,0.2638888888888889
f6fb4d17-312b-4401-8f10-2c3e875e8813,район Сокол,55.7975086,37.51445924605982,1950.0,114,50,3.0,0.06
f7051fa0-4dc4-45a8-9412-04259666ede2,район Чертаново Северное,55.6299208,37.60163765727435,1969.0,162,98,26.0,0.2653061224489796
f726aabe-e093-4853-b8cf-c0ec5738e825,район Черёмушки,55.674035,37.562537097266556,2009.0,383,236,101.0,0.4279661016949153
f7299ea7-7054-45c9-b497-8b3005e85894,район Гольяново,55.8208418,37.82453277494577,2004.0,373,201,33.0,0.16417910447761194
f72cb449-5358-4321-9865-c49fcf73ea06,район Фили-Давыдково,55.7319138,37.46510888815676,2010.0,324,224,99.0,0.4419642857142857
f736ace4-dd3a-42d0-ac64-db6ed4e0c291,район Хорошёво-Мнёвники,55.7763713,37.45918865019052,1961.0,116,72,8.0,0.1111111111111111
f73a8538-147b-47b6-87b7-e03063ceaf2e,район Измайлово,55.793985899999996,37.788625675181564,1963.0,62,40,9.0,0.225
f73d9a43-17a6-4609-b18a-b2ab759fd22a,район Гольяново,55.8130059,37.784986450000005,1980.0,188,96,10.0,0.10416666666666667
f74662c8-61dd-43c3-b797-c3607536d20a,район Филёвский Парк,55.74659025,37.512996519453125,1967.0,98,72,30.0,0.4166666666666667
f74989c2-caa5-46a2-b9d2-001fa1347297,район Сокол,55.7998762,37.50192289875096,1953.0,107,59,24.0,0.4067796610169492
f75a4591-4566-4784-9872-f1c4da82841a,Академический район,55.682236950000004,37.581640222739566,1998.0,539,295,72.0,0.2440677966101695
f76923cd-28e6-494f-858e-bdf267de191e,район Щукино,55.789989399999996,37.4933195702251,1957.0,205,120,26.0,0.21666666666666667
f772b6a2-bfe9-42d6-a47d-58e13c542cf5,район Гольяново,55.8264801,37.8223972,1970.0,477,212,16.0,0.07547169811320754
f7743b59-58bd-4060-a9ac-0cd466e38ac7,район Гольяново,55.8180086,37.79959195,1968.0,466,210,16.0,0.0761904761904762
f779107f-b3c3-4da5-9ff2-71d1e8bfcafd,Алексеевский район,55.81100855,37.65058305755254,1963.0,117,52,1.0,0.019230769230769232
f77a12be-454c-48a1-9e2c-2a16e9e1007f,Войковский район,55.816084149999995,37.493588358963954,1962.0,120,58,8.0,0.13793103448275862
f77b4c16-1c8c-4a1d-b9a7-75b617ba03f2,район Ховрино,55.86970775,37.49031306701502,1965.0,134,96,24.0,0.25
f789aacf-17d1-4ada-b3b3-cda5c4b2f79f,поселение Московский,55.588467449999996,37.37714327214441,2009.0,251,128,36.0,0.28125
f7919301-91a3-4d98-ba0e-f6915a049047,Войковский район,55.81802095,37.513042348673636,1998.0,328,136,14.0,0.10294117647058823
f79502a7-ea72-499b-825f-3ecd7f20b01b,район Лефортово,55.768558150000004,37.71627631708376,1975.0,190,94,1.0,0.010638297872340425
f7a2f542-81ae-4053-a6aa-f40bbecf8867,район Преображенское,55.8051117,37.72983269078948,1975.0,198,98,5.0,0.05102040816326531
f7a8c41d-4c4e-47f0-aca8-4debda49b1f9,район Замоскворечье,55.7448827,37.628040607407286,1870.0,14,6,2.0,0.3333333333333333
f7afce81-ba1d-4f73-8349-fd68f49e428a,район Гольяново,55.81429465,37.82024407873712,1978.0,196,113,17.0,0.1504424778761062
f7c37356-802b-4f1f-a281-4e5126dd57ae,Мещанский район,55.770953000000006,37.62371009475355,1913.0,47,20,3.0,0.15
f7c53a77-ac66-4251-bb70-257ef48afc16,район Некрасовка,55.69981535,37.92660117884556,2015.0,478,256,58.0,0.2265625
f7d12bfe-3444-49de-94ec-cdbf1e80eb13,район Раменки,55.70800745,37.508601880235304,1960.0,249,96,3.0,0.03125
f7d3b6c9-ea24-47d2-bcf7-3f4d27b62903,район Якиманка,55.7226042,37.611841102741955,1965.0,112,72,15.5,0.2222222222222222
f7d625e5-86a0-49e7-bacc-6f1ca4f1b79e,район Люблино,55.6752185,37.758047750573574,2003.0,729,368,73.0,0.1983695652173913
f7d923d7-3ac9-4bbb-a16e-0b505b165353,район Гольяново,55.8142972,37.81712597287488,1978.0,198,113,16.0,0.1415929203539823
f7e1eb57-8433-431f-be9f-1ea63893a441,Даниловский район,55.71955115,37.6497040485647,1965.0,236,131,24.0,0.183206106870229
f7ef54c9-9671-4ff5-afa0-bdc117365c27,район Арбат,55.750428,37.586619705304344,1917.0,33,12,1.0,0.08333333333333333
f7f2a362-a315-4566-bb48-a4f4c33dba6c,район Черёмушки,55.67398175,37.5718868185215,1962.0,124,71,8.0,0.11267605633802817
f7f56806-7a8a-40dc-bb68-f2a780a3a47e,район Новогиреево,55.75040075,37.82055825,1969.0,168,84,4.0,0.047619047619047616
f800217e-c7c8-4f77-8bf4-d412286ab408,городской округ Троицк,55.4961797,37.3247123,2012.0,26,12,3.0,0.25
f803418a-7323-4fd3-b7b6-d6201a3d68a2,район Аэропорт,55.7970181,37.55779680123983,1996.0,210,78,4.0,0.05128205128205128
f809257e-9607-45c0-a337-359339b04ca8,район Сокол,55.80109025,37.50817593534249,1969.0,181,112,36.0,0.32142857142857145
f80e80e1-adff-45b0-bc0b-2e7551b9353c,район Кунцево,55.742923950000005,37.41483609006692,1963.0,355,191,43.0,0.225130890052356
f81796f2-75e0-40c6-9fbe-801d384d35c9,район Соколиная Гора,55.7713994,37.730987029181435,1967.0,488,256,1.0,0.00390625
f81be7ef-9d4b-4937-bc2a-91ad5db5ba00,район Люблино,55.67866445,37.747719563645575,1959.0,151,80,18.0,0.225
f821d830-4c1d-4c3e-9878-33a7f841ba28,район Кузьминки,55.7044992,37.7681594,2014.0,229,136,63.0,0.4632352941176471
f823e4f2-4376-4387-a101-42525c26b7ec,район Свиблово,55.861159900000004,37.640251455453566,1969.0,163,84,3.0,0.03571428571428571
f831066b-3696-4703-885e-48c2b857c7b8,район Перово,55.749467949999996,37.78480911890246,1964.0,106,67,14.0,0.208955223880597
f835a060-fd87-4042-9b1f-772e13b6fe81,район Марьина Роща,55.80773365,37.6126431451179,1999.0,434,207,25.0,0.12077294685990338
f8375643-34b7-48ab-9fc9-1324dc554653,Обручевский район,55.661763949999994,37.52367314513162,2003.0,943,420,39.0,0.09285714285714286
f83f010d-be7f-4bf8-be16-428647744505,район Ховрино,55.870596899999995,37.48597116120611,2005.0,249,134,35.0,0.26119402985074625
f842b7ab-e296-4f5e-9c1f-55a35412b84f,Донской район,55.7195863,37.60534565068382,1985.0,222,101,16.0,0.15841584158415842
f84480dd-6e0a-493f-b128-2bdba5aac9d8,Пресненский район,55.7548388,37.56985636232033,1955.0,164,85,23.0,0.27058823529411763
f851bf80-03c9-4356-8f5e-9816e9b5a281,район Проспект Вернадского,55.6722388,37.50865194265157,2004.0,511,244,38.0,0.1557377049180328
f8532312-3b91-420e-bd3b-45642094c57f,район Сокол,55.801994199999996,37.516075793021585,1949.0,66,38,8.0,0.21052631578947367
f8548e74-5c51-48d0-83c4-fcd842630608,район Хорошёво-Мнёвники,55.78337975,37.473049123526934,1999.0,374,171,19.0,0.1111111111111111
f85ab814-78ce-4dd2-89c4-470104986f54,Гагаринский район,55.6935552,37.560585516034195,1957.0,398,173,1.0,0.005780346820809248
f8653fb7-c58d-417e-a007-6ebb21318912,район Сокольники,55.789494000000005,37.66905853878749,1964.0,159,80,10.0,0.125
f8670eef-723a-44b7-9acb-cbd0ee52eb12,район Марьина Роща,55.78735535,37.6139938587054,1917.0,91,55,13.0,0.23636363636363636
f86caaf7-5b46-460d-a845-5b628186e3f0,Басманный район,55.77442655,37.708953125478295,2002.0,305,134,12.0,0.08955223880597014
f873dc25-8c97-4bf9-8e5c-547d02b685b5,район Южное Бутово,55.53635535,37.52078334853047,2001.0,65,28,4.0,0.14285714285714285
f8873b93-02c5-403a-a59a-3e0614c1811e,район Кузьминки,55.70229675,37.758710676608416,2003.0,112,55,11.0,0.2
f88ace9a-a0fb-43a4-b815-19d6f8e3b28a,район Западное Дегунино,55.8648845,37.53812443045537,1968.0,140,84,26.0,0.30952380952380953
f890c4b8-1c39-4032-9328-94649aacb498,район Южное Бутово,55.55064255,37.558202449999996,1999.0,207,89,6.0,0.06741573033707865
f8913cf9-289a-4e5f-8a4a-33bef8a4bca1,район Куркино,55.8974621,37.398882929934004,2016.0,20,282,275.0,0.975177304964539
f893078b-e98c-48ed-a2c3-6fabfb665d7f,Алексеевский район,55.8190112,37.652759450000005,1967.0,144,96,14.0,0.14583333333333334
f8a30838-5faf-4502-88ad-78afd541876b,Басманный район,55.767506999999995,37.672416836989896,1971.0,259,178,38.0,0.21348314606741572
f8a65f26-c764-45b9-ab29-480bb37e8b36,Ярославский район,55.8637601,37.692412875127516,2003.0,416,174,12.0,0.06896551724137931
f8a730d5-db6d-4e97-bd2b-2986ef266b9b,Басманный район,55.7596126,37.642175480782534,1929.0,366,156,10.0,0.0641025641025641
f8c5edb2-cdc6-486a-8470-063c82a8f80a,район Отрадное,55.87815735,37.610719232545364,2011.0,381,255,84.0,0.32941176470588235
f8de184c-b704-4f9a-8caa-ea073a11041f,район Беговой,55.7858787,37.5782821,1955.0,333,163,44.0,0.26993865030674846
f8e6c874-16ff-4a68-8a44-53bf50998057,Таганский район,55.73798975,37.67972292367296,1966.0,168,86,4.0,0.046511627906976744
f8f9160a-d383-4d73-891f-5093f8a233be,Рязанский район,55.71457245,37.78344598658563,1968.0,155,84,8.0,0.09523809523809523
f90d0ff7-4cad-42dc-a911-e0248dc1b87d,Басманный район,55.7684429,37.67521307463157,1917.0,76,34,1.0,0.029411764705882353
f91c206f-4e4f-4d47-9476-4810f8596a59,район Сокол,55.8021431,37.51127784526723,1968.0,186,106,27.0,0.25471698113207547
f927b54d-8e24-4409-9363-b2f68d06ce59,Пресненский район,55.760339450000004,37.541059060959036,0.0,136,57,6.0,0.10526315789473684
f934a233-2838-4e04-bb1c-4b3572f9f89e,район Свиблово,55.8505289,37.65446121326982,2004.0,282,156,39.0,0.25
f93d5a5c-81d3-4459-9bf1-c9470c380df4,Пресненский район,55.7547259,37.59917866909397,1917.0,49,25,5.0,0.2
f93f9a1f-3987-4cea-b9ab-e18659186251,район Аэропорт,55.8067577,37.512959470600094,1960.0,105,64,1.0,0.015625
f94256a4-7124-4a8c-a3b8-9a01540ed9e0,Алексеевский район,55.815022400000004,37.6426080088504,1971.0,196,112,5.0,0.044642857142857144
f945455d-40a6-4306-b9d0-7ccc3ad417cf,Тверской район,55.778579050000005,37.59102801267307,1968.0,85,46,13.0,0.2826086956521739
f94cf0ad-cfbd-4447-bbf8-3c34917fd468,район Сокольники,55.785454200000004,37.6841878464873,1965.0,109,96,45.0,0.46875
f9522863-a07c-435f-bc6c-f8de25576fb9,район Гольяново,55.81769405,37.80753559855427,1966.0,152,77,2.0,0.025974025974025976
f95482d5-7125-4fc4-8775-931bc37f9a15,Таганский район,55.7337701,37.66178725038549,1972.0,131,63,15.0,0.23809523809523808
f9672e6b-55b9-4f5b-9f76-407aae657bb5,район Измайлово,55.79473345,37.78787165,1987.0,208,110,4.0,0.03636363636363636
f97d0c86-cbdf-4f52-9e1c-029feeb4825c,Бескудниковский район,55.86411225,37.56491124300851,2002.0,750,318,13.0,0.040880503144654086
f982ed31-a91e-4d74-89c6-b0616cfc2614,район Зюзино,55.6615457,37.58892983651505,1966.0,151,84,20.0,0.23809523809523808
f98b5438-ee0b-4908-837c-5315ae8eeebe,район Ростокино,55.8293732,37.660305525301204,1966.0,115,72,24.0,0.3333333333333333
f98c9a91-d046-42df-a547-62dc58c346c1,район Сокол,55.800642350000004,37.507413083768164,1969.0,163,112,43.0,0.38392857142857145
f98cf9a5-e181-4f5b-8d9b-bcceb8280d1e,Басманный район,55.76775155,37.656920824939675,1931.0,428,153,10.0,0.06535947712418301
f9a2ce2f-8682-45ee-8eac-acf618a075cd,район Бибирево,55.89787045,37.6276010985809,1977.0,570,283,33.0,0.1166077738515901
f9af63f6-b2da-43c6-8780-3f9f1ce49ce0,район Вешняки,55.7183355,37.82270119780819,1971.0,556,236,32.0,0.13559322033898305
f9c27162-4cd9-4f2f-a7b0-a88c4b9ea9c7,район Тёплый Стан,55.634431899999996,37.47357146231506,1974.0,261,143,39.0,0.2727272727272727
f9c3ceba-0fc9-46ff-822e-67d78e214632,район Северный,55.9132119,37.54773730969435,2007.0,317,147,13.0,0.08843537414965986
f9ca2eb6-3308-4df8-93ff-f96a3aa9ef46,поселение Внуковское,55.6581286,37.3397674922157,1957.0,20,8,1.0,0.125
f9e321f3-06b4-4e10-9b92-409495920b73,Нагорный район,55.66664825,37.6115238,1967.0,151,83,9.0,0.10843373493975904
f9e4efb4-4a28-487a-81cb-f98c143d6c3a,Хорошёвский район,55.784261799999996,37.510919,1955.0,205,86,17.0,0.19767441860465115
f9e86453-0f40-47d7-8af7-50f903ba8095,район Солнцево,55.6517866,37.410519244734274,2007.0,716,307,39.0,0.1270358306188925
f9ea1b0d-1a11-4664-9064-6efb50f42ded,Тверской район,55.773638399999996,37.59985180094702,1954.0,116,55,16.0,0.2909090909090909
fa0394f0-02d8-4d0b-ba2e-2f4d3e699249,район Северное Тушино,55.861058299999996,37.43911516931853,1967.0,646,287,16.0,0.05574912891986063
fa0ac362-e2d6-4758-afe5-23c8421dd854,район Ховрино,55.872053050000005,37.4873205520565,2005.0,433,192,8.0,0.041666666666666664
fa0fa584-98c6-4fd7-956c-2f4b7d6a6111,район Соколиная Гора,55.778851450000005,37.72422098251391,2022.0,85,72,41.0,0.5694444444444444
fa139b9b-37bd-4a31-9381-182fa61e3ae1,Рязанский район,55.720347950000004,37.7859667460134,1968.0,139,80,13.0,0.1625
fa254be6-5905-4e3d-925d-3d90b3d2f66b,Савёловский район,55.800165,37.570604410699204,1966.0,115,68,17.0,0.25
fa291388-79ba-4624-bfb6-ff8fdf6af57e,Мещанский район,55.7833093,37.63503173062626,1952.0,265,126,34.0,0.2698412698412698
fa31dbdb-f2c4-424a-8099-d7505df4a2c5,район Новокосино,55.74285145,37.853210399999995,1991.0,196,110,24.0,0.21818181818181817
fa334f6e-9f17-4425-a65f-518c73d68dd5,район Восточное Дегунино,55.85810615,37.57119626654663,1972.0,199,98,4.0,0.04081632653061224
fa480ac8-00e8-4c60-a4c0-ee58614e8b9c,район Перово,55.7604476,37.79127355,1963.0,126,60,5.0,0.08333333333333333
fa588690-5efe-4c8a-92fd-009e7c1f6bb6,Головинский район,55.8466576,37.4806430771128,1968.0,267,137,6.0,0.043795620437956206
fa66ce65-8bc9-4faf-9445-a7ffc7630e11,район Ростокино,55.83631935,37.64191724644422,1979.0,251,126,12.0,0.09523809523809523
fa68a072-b062-4492-bab4-6fee70998a22,район Кузьминки,55.70047665,37.78252500139107,1996.0,268,134,21.0,0.15671641791044777
fa6b3f09-88b1-4f2e-aa07-a3968d7d3c4e,район Царицыно,55.632807,37.66169320153277,1973.0,255,120,2.0,0.016666666666666666
fa6b53ea-6e8b-47b6-95e7-a1bb73fcb734,район Сокол,55.7960025,37.50745660539593,1955.0,300,123,20.0,0.16260162601626016
fa7329d5-e67c-4823-83b4-df5c62585bf2,Алексеевский район,55.820914099999996,37.652748697393555,1965.0,169,97,8.0,0.08247422680412371
fa741601-f72f-48ef-bad1-29b7fcf4c3fd,район Хамовники,55.729431399999996,37.572859512531295,1974.0,169,91,12.0,0.13186813186813187
fa768536-c32f-450b-a183-668c93455b21,Мещанский район,55.768123,37.62904872473831,1917.0,27,12,4.0,0.3333333333333333
fa7e51f5-8069-4b98-b3ec-c3386919d5c4,район Сокол,55.7987253,37.503814802446755,1963.0,112,72,20.0,0.2777777777777778
fa87356f-0c78-4b62-b3a9-908ed6241d03,Мещанский район,55.785309850000004,37.63819965488835,1965.0,184,107,28.0,0.2616822429906542
fa97c62e-dbe8-4e77-a363-105e36cb324b,район Северное Тушино,55.8519905,37.42093575,1969.0,305,172,4.0,0.023255813953488372
fa9dd0f9-71d0-4251-bf2a-9fce69fde2b3,Рязанский район,55.71539825,37.79291930221787,1973.0,149,77,2.0,0.025974025974025976
fa9e89ba-c6da-47f4-b8d5-ad1b8d3d2e3a,район Сокол,55.7989853,37.50472100995418,1964.0,120,72,16.0,0.2222222222222222
faa8697d-46cd-42e7-a95e-e96f9640a9c7,район Измайлово,55.79526705,37.792046375266864,1974.0,176,95,15.0,0.15789473684210525
faab03ac-80c5-4750-9f85-5762850e1606,район Котловка,55.676734550000006,37.60608790632013,1968.0,165,84,13.0,0.15476190476190477
faac11c7-54ab-49b5-b4b4-47bb740a32d1,район Марьина Роща,55.7914006,37.601670555285715,1927.0,103,41,2.0,0.04878048780487805
faaeff65-924b-4327-8f62-36a3033950c6,Тверской район,55.7755702,37.59847205717084,1932.0,263,118,13.0,0.11016949152542373
fab496e1-885b-4690-b04b-44d8b7cb8e0a,район Некрасовка,55.7006333,37.930449122165655,2015.0,404,192,36.0,0.1875
fac70db6-f8a4-4668-b10d-94c35d4f5351,район Хорошёво-Мнёвники,55.78634695,37.46375208300836,1966.0,154,96,15.0,0.15625
fad21250-4406-47c8-b828-021dc59e4444,Тверской район,55.789167649999996,37.590012650169875,1935.0,355,148,9.0,0.060810810810810814
faf2ff8a-b84b-411e-bfb0-83b05cb34dce,район Филёвский Парк,55.76282415,37.48265760095222,1997.0,974,444,31.0,0.06981981981981981
faf64167-925a-4225-8c8f-280a3d767742,район Хамовники,55.742464999999996,37.58350890126191,1933.0,90,39,5.0,0.1282051282051282
faf71692-7937-4601-b25f-d72569c8e05b,Даниловский район,55.714076,37.620040686843,1974.0,362,128,2.0,0.015625
fafd37ef-719f-4262-9ff1-203496c0d96d,район Кунцево,55.7342502,37.44016598593892,1981.0,122,48,4.0,0.08333333333333333
fb01d4d1-38a5-451e-be8e-b9b88f7c06ea,городской округ Троицк,55.8745443,37.51057951518711,1966.0,107,60,9.0,0.15
fb05c20f-481e-4be6-9253-7945c326e1f1,район Марьина Роща,55.7970255,37.6190992,1964.0,188,100,24.0,0.24
fb0d4ef5-365d-4a0a-a9b9-2b38e6c89fae,Красносельский район,55.773934800000006,37.645496165903495,2007.0,117,68,21.0,0.3088235294117647
fb1683c0-7910-4da2-b7d8-dff4403a7703,район Ховрино,55.863721350000006,37.50360194183031,2002.0,141,83,30.0,0.3614457831325301
fb2d4d29-5450-404d-aaf6-b54ab9138ad4,поселение Сосенское,55.568487000000005,37.471890100022705,2012.0,116,128,83.0,0.6484375
fb2de87a-bea4-41b1-b804-8b55c8acb301,район Измайлово,55.7975031,37.7747171955446,1967.0,308,168,17.0,0.10119047619047619
fb3ddcef-d441-42f8-b6d1-0738438daa89,Нагорный район,55.6546414,37.608860750000005,1975.0,133,63,5.0,0.07936507936507936
fb4303ed-b156-4ed4-bd34-622e222f1112,Тверской район,55.7865162,37.593451555215715,1963.0,269,138,16.0,0.11594202898550725
fb5c3c16-480a-4f95-a72b-5790221b5998,район Солнцево,55.65451335,37.39875196952893,2002.0,269,119,12.0,0.10084033613445378
fb71e13d-b60c-4ec1-b620-8e3cdfe2f23e,район Перово,55.75032525,37.784413883027824,1965.0,102,66,16.0,0.24242424242424243
fb770760-4332-4e6b-8b3c-ce3311f740f7,район Левобережный,55.86637565,37.47315660197619,2006.0,264,134,29.0,0.21641791044776118
fb7e314d-15f6-4077-8799-68140bb70f93,Даниловский район,55.7129737,37.60860231564793,1928.0,121,66,19.0,0.2878787878787879
fb85d208-6e4c-4396-a508-11dfc2325532,район Сокол,55.79823505,37.503021926412906,1966.0,111,72,20.0,0.2777777777777778
fb8929dd-26c3-4757-af43-62b74305db96,район Преображенское,55.8056815,37.7261415,1972.0,664,528,192.0,0.36363636363636365
fb8ac3eb-0ee0-4120-acbd-90862880f1f0,район Ростокино,55.8368129,37.657223314319424,1963.0,120,68,14.0,0.20588235294117646
fb931900-3ca8-4fce-ab4d-5a7e656defe6,район Кунцево,55.7349417,37.439285760543214,1977.0,270,116,16.0,0.13793103448275862
fb99b389-67c5-4673-848d-8cb5be4cd036,район Отрадное,55.85743945,37.59610512734342,2001.0,516,208,32.0,0.15384615384615385
fb9a2207-ad0d-4614-acba-795a8f8681ff,район Замоскворечье,55.72667255,37.627364402135996,1958.0,81,60,20.0,0.3333333333333333
fbbbe0c9-6bef-4990-a17b-656e8150950f,район Отрадное,55.873467700000006,37.591039129186875,2009.0,633,252,3.0,0.011904761904761904
fbc78e69-f201-4936-bf6c-3787b9b9289b,район Хамовники,55.7332182,37.58697512877126,1972.0,128,64,5.0,0.078125
fbc8c2d3-537c-4c08-b393-c7d952bc4bdd,район Аэропорт,55.811630750000006,37.53586412166906,1968.0,349,176,4.0,0.022727272727272728
fbd184d1-b5ec-41d1-98ee-ab67cdc83652,район Преображенское,55.80407565,37.7153080879989,1970.0,523,286,15.0,0.05244755244755245
fbd3dc81-74ae-4e5e-8de7-a2763ab136d2,Даниловский район,55.7183178,37.63027389282925,1969.0,411,192,3.0,0.015625
fbd9eeb3-f1a6-4436-90a1-bebf0836de22,район Вешняки,55.7204917,37.82104341109225,1972.0,250,177,25.0,0.14124293785310735
fbe5e781-f70a-4d46-a939-b37376c74725,Хорошёвский район,55.77870395,37.519799691821035,1950.0,40,18,3.0,0.16666666666666666
fc13760b-793e-4f11-9464-c57b340b05e8,Хорошёвский район,55.77840125,37.516480333790426,1958.0,296,128,6.0,0.046875
fc177fe0-820b-4206-b379-e84b236d43f4,район Хамовники,55.74418795,37.59266835,1914.0,18,10,5.0,0.5
fc1d2c3a-11a3-4e78-8bb5-d3490c6d7b32,район Выхино-Жулебино,55.700046349999994,37.816846999999996,1968.0,170,96,1.0,0.010416666666666666
fc289484-8e8b-4c3c-8152-9245f8128e18,район Хамовники,55.72470055,37.580245606160716,1962.0,98,66,15.0,0.22727272727272727
fc2c4b10-811d-4209-bac1-76c12938596b,Гагаринский район,55.68906025,37.54121166427407,1961.0,383,177,28.0,0.15819209039548024
fc422243-6184-4544-93db-78394c7c55f7,район Кунцево,55.73323765,37.42105047414851,1959.0,129,65,3.0,0.046153846153846156
fc7e6646-7ea6-4d9c-b51d-19b3d3539626,городской округ Троицк,55.4961797,37.3247123,2012.0,31,12,1.0,0.08333333333333333
fc8336e0-0ec6-40c4-bc7b-76d9fd1420c0,Тверской район,55.7752517,37.592301500688706,1990.0,306,121,9.0,0.0743801652892562
fc841559-e77c-4d25-8a62-ad7393af170d,район Черёмушки,55.67146595,37.57112181725034,1962.0,140,72,1.0,0.013888888888888888
fc8bffa3-2504-41ee-852a-3c09729d3f84,Мещанский район,55.7746269,37.62356800585197,1974.0,818,424,66.0,0.15566037735849056
fc9b4ac1-45c0-4530-bd7d-7d9cc5914deb,район Сокол,55.7939862,37.511819388999996,1951.0,106,48,13.0,0.2708333333333333
fca51a7d-a40c-471b-a92a-987b429bcf10,район Марьино,55.66425775,37.77188315492958,2002.0,356,184,18.0,0.09782608695652174
fca57b6e-223f-46c3-b731-8fdb2a54d9c2,Дмитровский район,55.8982406,37.5311123,1968.0,168,96,10.0,0.10416666666666667
fca58e68-310a-48bc-9932-35db5b6619fa,район Коньково,55.642640549999996,37.54870694734477,1979.0,211,105,1.0,0.009523809523809525
fcaaaf3d-dd4b-4d16-b14e-73c5aa1e4074,Головинский район,55.8640258,37.5125608,2003.0,371,174,19.0,0.10919540229885058
fcaeb38f-0773-4a83-9ac2-4a19aa7058f2,Даниловский район,55.71114875,37.61518686032731,1928.0,124,41,1.0,0.024390243902439025
fcaf38fe-6d15-4466-8426-19a57564ee36,район Кунцево,55.7428372,37.41618081795754,1963.0,82,73,34.0,0.4657534246575342
fcb0dfd9-e082-45ff-9992-c42a4ec788dd,район Сокол,55.808963750000004,37.49904655077212,1955.0,433,167,12.0,0.0718562874251497
fcbf56fc-4e73-4422-9cfe-cb2417bf8ac5,Тимирязевский район,55.8235358,37.563485402545155,1936.0,81,30,1.0,0.03333333333333333
fccd9f9d-3596-4082-84ee-2c65bde1d59c,район Гольяново,55.823738500000005,37.82858897167221,1973.0,656,286,19.0,0.06643356643356643
fcd0ca1c-1964-4cbb-b609-a934bb2f648d,Мещанский район,55.775316950000004,37.63001224941328,1999.0,172,74,10.0,0.13513513513513514
fcd2577f-0488-416a-b39a-b34fa3146f1f,район Сокол,55.79140769999999,37.51513496505535,1951.0,316,131,7.0,0.05343511450381679
fcdf8f90-187c-40b2-982b-db9f5ceee1d2,Таганский район,55.7361009,37.6727310971435,1974.0,207,98,1.0,0.01020408163265306
fced1ee7-de24-4125-9e8e-994c66f4938c,район Строгино,55.79481815,37.39869075,1980.0,148,95,20.0,0.21052631578947367
fcf70106-6028-459b-89d8-4b15ec8f1dbf,район Очаково-Матвеевское,55.705551299999996,37.46854433623853,1969.0,148,98,27.0,0.2755102040816326
fcf899ee-875d-44a7-9d5c-2ed1b29b8201,район Щукино,55.78977835,37.48063779549352,1953.0,147,64,6.0,0.09375
fd031b71-7184-4c11-8fc3-9a50e23eed48,Алексеевский район,55.820861750000006,37.64871335,1961.0,243,103,1.0,0.009708737864077669
fd057de1-0285-464d-8a1d-61c6e80d7ca9,район Марьина Роща,55.79438845,37.60933192594224,1959.0,215,88,5.0,0.056818181818181816
fd1d123c-10b2-455c-ad1a-67be9782f39b,район Свиблово,55.847718549999996,37.64446217365024,1969.0,187,98,1.0,0.01020408163265306
fd1da7a3-c9a6-42b5-a79c-bada430c69ec,район Кунцево,55.73946445,37.40503309003623,1968.0,140,80,11.0,0.1375
fd25dedb-030e-4d04-b15a-3e3bd03808a3,район Филёвский Парк,55.765653650000004,37.48707230588996,2009.0,90,112,81.0,0.7232142857142857
fd29cf9a-0896-41e3-a5f6-067c25f0da52,район Соколиная Гора,55.7885356,37.74032644101449,1973.0,302,168,44.0,0.2619047619047619
fd2b5fc9-f2ee-4160-86a7-cd9ee613cf85,район Марфино,55.828125150000005,37.595390575090825,2010.0,247,158,54.0,0.34177215189873417
fd412b1a-e750-45a8-99ac-49dc26ac6d7b,район Ростокино,55.8383092,37.659239176996536,1963.0,116,68,15.0,0.22058823529411764
fd4c3dfd-62e3-411d-aeca-8b934e0e8c7e,Таганский район,55.73804175,37.67837927775527,1966.0,124,80,21.0,0.2625
fd5004b5-1a24-4a76-b5d3-3e7814055408,Хорошёвский район,55.7869909,37.50998493569871,1954.0,171,64,4.0,0.0625
fd5f8c59-6a0f-46c1-bf65-e349e43203ff,район Зябликово,55.61610775,37.73151987183637,2010.0,261,135,11.0,0.08148148148148149
fd62c5c8-8618-4fbf-93de-62b7e9bbb27a,Тверской район,55.781298750000005,37.59326301783144,1917.0,65,24,1.0,0.041666666666666664
fd639c06-a138-4294-9ea5-5c74d853e7d7,Даниловский район,55.718198799999996,37.62188471706706,1969.0,135,87,28.0,0.3218390804597701
fd702f82-7305-4d97-9158-70d9dbfc5df2,Тверской район,55.78690655,37.58817421224669,1966.0,486,256,34.0,0.1328125
fd7a7cf5-31fe-466d-afcf-b87c1e69fb7c,Тверской район,55.769376199999996,37.6028782227024,1914.0,17,10,6.0,0.6
fd823b56-6f62-48c0-9c78-201ecf8d2eba,Войковский район,55.81912665,37.490265598670135,1970.0,143,80,18.5,0.225
fd87f42b-876d-49e3-a967-54fb257ce7bb,район Бибирево,55.899199100000004,37.6057084,1981.0,279,127,4.0,0.031496062992125984
fd8c56f7-8ab1-494c-b5d1-dc1a82068b3a,поселение Сосенское,55.5659115,37.47268217610054,2012.0,237,144,49.0,0.3402777777777778
fd8faee1-5f9f-4976-9eb2-5bdeaa897f7a,район Раменки,55.72485585,37.52906984836392,1965.0,169,108,26.0,0.24074074074074073
fd912c7e-1340-41f4-a45b-f8c79ae79b9b,Мещанский район,55.775410199999996,37.63813877928243,1928.0,121,48,4.0,0.08333333333333333
fd963d1a-3d98-420f-a3de-7fce42c39606,район Хамовники,55.74165895,37.59335895005762,1926.0,52,19,1.0,0.05263157894736842
fd96cbed-0078-4fa1-87d7-587d5f59a385,район Котловка,55.66894615,37.592113049999995,1962.0,121,72,12.0,0.16666666666666666
fdac5899-cc4b-4033-8c4d-b1935c142ab2,Академический район,55.6874478,37.59019815,1960.0,140,74,10.0,0.13513513513513514
fdafc6af-6ced-4af5-8503-80e2aea76e48,район Выхино-Жулебино,55.7196758,37.779364,1970.0,272,168,35.0,0.20833333333333334
fdb1a33e-ce13-4d2c-8cb1-2713aec55a13,Мещанский район,55.76775735,37.62622785313059,1917.0,33,20,6.0,0.3
fdc04751-dbf8-41ab-a33e-44d549aab2e5,район Черёмушки,55.67621265,37.552926346486224,1963.0,120,71,11.0,0.15492957746478872
fdc80a2e-04a6-4117-8a8d-c44be5f374dc,Тверской район,55.77873515,37.61349796238855,2006.0,132,70,17.0,0.24285714285714285
fdcc6d3f-cb08-456c-866e-7ce02a79cb58,район Кузьминки,55.70418915,37.754827259993995,1996.0,210,109,17.0,0.1559633027522936
fdcff24a-5868-4fe6-9e84-334f6299b691,район Кунцево,55.7282964,37.41760380793343,1967.0,126,68,11.0,0.16176470588235295
fdd3aff5-e61a-4a53-9208-1425241f5526,район Покровское-Стрешнево,55.81586955,37.45920905740314,1981.0,252,120,18.0,0.15
fddd13e6-51be-43c9-9549-b9f5c2f675e5,район Чертаново Северное,55.62521125,37.608386152829084,1971.0,940,477,114.0,0.2389937106918239
fde7715a-f033-4826-9225-d3c47fa3a9ad,Войковский район,55.817272700000004,37.51188267078291,1959.0,157,67,5.0,0.07462686567164178
fdeba03d-524d-4eef-b108-113d0d772a9c,Мещанский район,55.77499925,37.629171818116205,1973.0,158,97,13.0,0.13402061855670103
fdf807b9-70f0-4613-b582-f0f026f34ae8,район Щукино,55.79642905,37.45752840480919,1963.0,121,72,11.0,0.1527777777777778
fdfc76b0-fa50-4a97-8e6e-00413f4fc1ed,район Коптево,55.8423861,37.546982526891725,2004.0,345,164,13.0,0.07926829268292683
fdff2f09-85b9-4dad-895b-9a501bae1210,район Дорогомилово,55.7478615,37.5557323,1957.0,360,260,108.0,0.4153846153846154
fe04dde6-2848-4054-aad9-6b55a9de0db9,Нагорный район,55.672238300000004,37.61145216358874,2014.0,493,384,175.0,0.4557291666666667
fe0554f3-42af-4df6-ae84-e345379d62d3,Даниловский район,55.708182550000004,37.64031974439908,1956.0,106,72,23.0,0.3194444444444444
fe0a1a6a-2295-4f14-83de-37446b293865,Бескудниковский район,55.85670235,37.564208603069105,1999.0,306,135,3.0,0.022222222222222223
fe1e84f7-dbbd-49a9-95c5-f536fac85982,район Ховрино,55.857512299999996,37.50752060934384,1976.0,196,105,6.0,0.05714285714285714
fe1f14b5-1a3a-43b1-9699-7f464a284565,Бабушкинский район,55.8752848,37.66271794789369,1979.0,516,286,27.0,0.0944055944055944
fe2b1315-8032-4963-ba6e-75bc2114d4c3,Головинский район,55.846059249999996,37.49841541169829,1969.0,154,80,2.0,0.025
fe2bbb78-b71e-48a8-9774-a8865aaeeca6,Ломоносовский район,55.678477650000005,37.52635752060628,1959.0,223,94,9.0,0.09574468085106383
fe329852-6bea-4e70-a8f5-10b212aa5e22,Басманный район,55.7533916,37.641806498674555,1890.0,13,8,5.0,0.625
fe4e31b3-7508-41a0-bdfe-d70cdde137af,район Якиманка,55.744420649999995,37.61308783462635,1933.0,1119,531,138.0,0.2598870056497175
fe680abf-d5eb-45e7-91d1-fd8a9e6d36a4,Хорошёвский район,55.7815297,37.534009536340534,2006.0,409,192,45.0,0.234375
fe6862aa-3e20-41fd-a164-a43a47b7cc18,"поселение ""Мосрентген""",55.613753700000004,37.475166138734586,2002.0,763,245,1.0,0.004081632653061225
fe6b0ef9-66fc-434b-a723-089a3c85aec3,район Зябликово,55.61828955,37.74210191581522,1997.0,399,200,39.0,0.195
fe6ed759-9455-4153-98a5-484a08f4e765,район Кунцево,55.783523200000005,37.358004867644276,1967.0,166,80,10.0,0.125
fe7d2217-373a-4c1c-a5e4-794d2265209d,район Перово,55.7443494,37.767062294171645,1968.0,140,84,19.0,0.2261904761904762
fe7d5cd0-6e98-48c8-9014-4737f4a09bb5,район Северное Бутово,55.56700275,37.570148586799284,1994.0,597,256,2.0,0.0078125
fe7f769b-59ff-44b8-80ea-efe81e2f71f3,район Кунцево,55.7405294,37.42194263941428,1962.0,96,72,28.0,0.3888888888888889
fe855567-917b-45ba-bbd3-f0720b3edf14,район Черёмушки,55.65788365,37.56495612257463,1965.0,160,86,7.0,0.08139534883720931
fe8b9bc4-162a-4cb2-81ab-709cd6155003,район Измайлово,55.7937089,37.79445387690245,1955.0,311,119,8.0,0.06722689075630252
fe8be951-b161-4910-b501-6b10454b00fa,район Замоскворечье,55.74293815,37.6402046355648,1937.0,115,47,7.0,0.14893617021276595
fe90648f-b645-408f-abe8-2e2781c5b240,район Левобережный,55.8602346,37.47185553498899,1963.0,179,106,25.0,0.2358490566037736
fe90e864-46e6-4283-a466-36f57d8c0666,поселение Сосенское,55.569010500000005,37.48724652429592,2014.0,353,272,111.0,0.40808823529411764
fe9b7907-428e-47c0-9e07-a9a9dc19be6d,Алексеевский район,55.82562455,37.647348957281054,1974.0,630,360,49.0,0.1361111111111111
fea2afc4-ce0b-4849-9b96-50372561601d,район Солнцево,55.65513165,37.40760263059748,2009.0,238,96,12.0,0.125
feaab40c-b7fe-436d-bbd9-19f3f01765df,район Хамовники,55.7187478,37.576958,1956.0,1154,596,121.0,0.20302013422818793
feab4db1-57c7-4a0c-b45d-da42720a86b1,район Зюзино,55.6555829,37.58765189812358,1967.0,178,84,8.0,0.09523809523809523
feae621e-2dc4-400e-bf78-45fb4eb9b162,Мещанский район,55.7762621,37.62947243720379,1910.0,13,10,5.0,0.5
feb4209a-43ac-44f7-aa4d-c8e5b0bd4171,район Сокол,55.80008805,37.5035176379118,1951.0,184,73,11.0,0.1506849315068493
fecb3911-2fcd-4b5f-9b65-f031211977fa,Тверской район,55.764586,37.61556075396593,1892.0,19,7,1.0,0.14285714285714285
fed2af60-6203-46fa-a2db-9ce7c67c5a8e,Бескудниковский район,55.876059600000005,37.556514,1976.0,232,108,6.0,0.05555555555555555
fed58633-ab56-4128-8bb9-6eacb3cba893,район Котловка,55.6661802,37.58298216532289,1970.0,385,168,6.0,0.03571428571428571
fedac8ff-831f-4ea6-9356-d79c00e8af83,Войковский район,55.821019250000006,37.508550810234965,1979.0,162,91,5.0,0.054945054945054944
feded9ab-d6a5-4fda-a99e-65fa50e213d7,Басманный район,55.7666109,37.653947817534714,1957.0,245,113,11.0,0.09734513274336283
fee051b9-2feb-461f-a297-b0978c42fb90,Басманный район,55.7607914,37.6510438,1896.0,21,10,3.0,0.3
fee75df7-0c6c-479b-a2e9-7ad51bb458f2,Таганский район,55.74492145,37.67915351197271,1958.0,189,76,3.0,0.039473684210526314
fefb2f63-e0ce-4ac4-bcc1-ec0de565da12,район Хамовники,55.729692,37.588762979451545,1965.0,183,88,7.0,0.07954545454545454
ff03a30c-12df-4220-8dda-ccc7489c9f4b,Обручевский район,55.667590450000006,37.52321537655643,1972.0,214,112,6.0,0.05357142857142857
ff052886-4efe-4a9b-b8ad-a81c79da250e,Пресненский район,55.7527946,37.536443971188675,1959.0,122,64,6.0,0.09375
ff16ab1a-7dc3-47d6-b89b-b25bd9085ab3,Гагаринский район,55.7070898,37.56258264751658,1986.0,15,12,7.0,0.5833333333333334
ff18551c-945e-4ec5-9a4b-2e8933294028,район Гольяново,55.8116051,37.79787749111614,1967.0,252,178,62.0,0.34831460674157305
ff1da6f0-07a1-4d7c-b02d-078886a71e19,район Ясенево,55.5986782,37.5191426,1997.0,432,189,13.0,0.06878306878306878
ff227a1e-3492-4d72-b0e4-fe86b3af7ec0,поселение Московский,55.8075493,37.6559948,1971.0,124,84,21.0,0.25
ff2fc903-4316-41f6-b8cf-97a1425aabbb,район Кунцево,55.73670855,37.40264805,2004.0,478,217,42.0,0.1935483870967742
ff36ca2a-bfd1-41cf-86ad-08ec783bde7c,Гагаринский район,55.68453975,37.54314702510071,1988.0,213,109,30.0,0.27522935779816515
ff4f1f25-8164-4af3-9da9-749e52444c77,район Щукино,55.7988753,37.48457086536894,1998.0,311,148,24.0,0.16216216216216217
ff6887cf-143d-44ee-8663-8b0426a44059,район Вешняки,55.72722065,37.81097492135521,1971.0,188,98,5.0,0.05102040816326531
ff69ca58-3764-4609-8e3d-05075b69984e,район Замоскворечье,55.72721575,37.63155439838194,1972.0,175,98,20.0,0.20408163265306123
ff69ed1c-48b5-4c00-b919-35a63631bf44,Обручевский район,55.6441863,37.49611220361788,2004.0,834,335,42.0,0.1253731343283582
ff6ddfa1-88bb-4772-b9fc-8607ee9b7b47,Обручевский район,55.657785399999995,37.51755196576838,2005.0,217,136,35.0,0.25735294117647056
ff76248f-f4a3-4d7c-8229-59ed47855076,район Свиблово,55.8522111,37.66023615288351,1971.0,194,98,1.0,0.01020408163265306
ff7693d1-90da-4073-b8e2-40b8832846e9,район Ховрино,55.861825249999995,37.495958400908094,1971.0,467,217,26.0,0.11981566820276497
ff7e042b-1d47-4943-a085-ca0bd6d950d6,Лосиноостровский район,55.88219385,37.697256340472975,2014.0,55,20,2.0,0.1
ff8c30a1-5eec-465a-8501-de39bfe72d6f,район Черёмушки,55.67030435,37.5691377,2002.0,372,202,53.0,0.2623762376237624
ff8cfb03-90a4-4002-9e35-c164faffaafb,Гагаринский район,55.702977950000005,37.58038242124296,1967.0,121,84,24.0,0.2857142857142857
ff91f0c9-a23d-47e7-88e7-83fa308d326a,район Бибирево,55.8870738,37.61359692105406,1981.0,647,325,43.0,0.13230769230769232
ff99bd00-c648-4f2e-b07a-5d158d5d347e,район Зюзино,55.65835395,37.60338129357945,1997.0,338,188,61.0,0.324468085106383
ffa36fb1-1764-48fc-9a53-991184596c52,район Фили-Давыдково,55.7341427,37.47400989978899,1965.0,106,72,16.0,0.2222222222222222
ffbba2cc-7075-4b29-b2db-a0aff96407f1,район Солнцево,55.6601423,37.4101067,1973.0,172,84,5.0,0.05952380952380952
ffbc0790-a3d8-4a43-b6b8-7d11d57145b6,район Перово,55.758231699999996,37.77670883574694,1965.0,90,48,6.0,0.125
ffd08253-384c-4910-9b6e-7d645431a747,Таганский район,55.7387717,37.68168332403102,2011.0,93,78,32.0,0.41025641025641024
ffd55f7e-c64a-4859-97c5-f1a48e19acd5,Хорошёвский район,55.77465655,37.54430316403456,1952.0,70,42,14.0,0.3333333333333333
ffdba71c-486e-4432-983b-b3b452303c88,район Щукино,55.8047768,37.46872377803518,1987.0,184,111,7.0,0.06306306306306306
ffdd2111-c9c6-4477-99d6-d50d9ac25d5a,район Кузьминки,55.69811775,37.77860348028764,1962.0,105,71,13.0,0.18309859154929578
ffe250fd-d1d3-44ae-be91-0f3654afd806,район Богородское,55.81033325,37.72449365579938,1963.0,117,72,18.5,0.25
ffe2eaa4-150a-4a07-98bb-50ed1de78ca2,район Кунцево,55.78539245,37.35828865,1961.0,107,48,4.0,0.08333333333333333
ffe56acf-e786-43ac-817b-e543fba0206c,Хорошёвский район,55.7862087,37.511275844948955,1955.0,154,61,7.0,0.11475409836065574
ffe76718-c101-44b2-ade8-315b30950bf9,Алексеевский район,55.820457250000004,37.65223838234921,1971.0,141,125,30.0,0.24
ffedc36e-2cb8-4630-b811-fd116331e67a,район Ростокино,55.83111955,37.66135695576766,1970.0,170,98,25.0,0.25510204081632654
fff2d787-829a-435a-a374-f19896967e09,район Солнцево,55.6529967,37.408158,1966.0,592,468,223.0,0.47649572649572647
